Date,BUDAPEST,BUDAPEST.L2,BUDAPEST.L6,BUDAPEST.L8,BUDAPEST.L12,CSONGRAD.L8,CSONGRAD.L10,CSONGRAD.L12,CSONGRAD.L13,GYOR.L1,GYOR.L2,GYOR.L4,GYOR.L6,GYOR.L9,GYOR.L11,GYOR.L16,HEVES.L4,NOGRAD.L5,NOGRAD.L11,PEST.L2,PEST.L13,SZABOLCS.L3,ZALA.L3,ZALA.L8,ZALA.L9,ZALA.L10,ZALA.L14,ZALA.L15
15/09/2014,113.0,129.0,127.0,119.0,122.0,65.0,65.0,34.0,39.0,111.0,91.0,92.0,107.0,175.0,181.0,120.0,41.0,10.0,26.0,144.0,107.0,92.0,38.0,42.0,54.0,70.0,44.0,26.0
08/09/2014,114.0,113.0,135.0,114.0,174.0,64.0,56.0,26.0,34.0,119.0,111.0,128.0,148.0,105.0,118.0,70.0,42.0,25.0,10.0,125.0,124.0,41.0,30.0,54.0,42.0,54.0,31.0,44.0
01/09/2014,98.0,114.0,116.0,127.0,153.0,81.0,65.0,65.0,26.0,131.0,119.0,91.0,92.0,154.0,175.0,84.0,35.0,6.0,21.0,138.0,146.0,49.0,22.0,43.0,54.0,42.0,60.0,31.0
25/08/2014,140.0,98.0,132.0,135.0,115.0,48.0,64.0,56.0,65.0,146.0,131.0,111.0,128.0,107.0,105.0,114.0,70.0,26.0,12.0,83.0,119.0,41.0,23.0,36.0,43.0,54.0,60.0,60.0
18/08/2014,120.0,140.0,129.0,116.0,119.0,48.0,81.0,65.0,56.0,123.0,146.0,119.0,91.0,148.0,154.0,131.0,50.0,7.0,6.0,159.0,178.0,29.0,32.0,36.0,36.0,43.0,70.0,60.0
11/08/2014,173.0,120.0,113.0,132.0,114.0,54.0,48.0,64.0,65.0,122.0,123.0,131.0,111.0,92.0,107.0,181.0,51.0,26.0,9.0,153.0,112.0,57.0,47.0,38.0,36.0,36.0,54.0,70.0
04/08/2014,135.0,173.0,114.0,129.0,127.0,41.0,48.0,81.0,64.0,123.0,122.0,146.0,119.0,128.0,148.0,118.0,104.0,27.0,10.0,137.0,130.0,36.0,21.0,30.0,38.0,36.0,42.0,54.0
28/07/2014,143.0,135.0,98.0,113.0,135.0,66.0,54.0,48.0,81.0,128.0,123.0,123.0,131.0,91.0,92.0,175.0,96.0,22.0,25.0,165.0,113.0,93.0,43.0,22.0,30.0,38.0,54.0,42.0
21/07/2014,139.0,143.0,140.0,114.0,116.0,48.0,41.0,48.0,48.0,79.0,128.0,122.0,146.0,111.0,128.0,105.0,104.0,52.0,6.0,145.0,141.0,19.0,34.0,23.0,22.0,30.0,43.0,54.0
14/07/2014,155.0,139.0,120.0,98.0,132.0,40.0,66.0,54.0,48.0,93.0,79.0,123.0,123.0,119.0,91.0,154.0,103.0,44.0,26.0,66.0,162.0,84.0,37.0,32.0,23.0,22.0,36.0,43.0
07/07/2014,98.0,155.0,173.0,140.0,129.0,51.0,48.0,41.0,54.0,62.0,93.0,128.0,122.0,131.0,111.0,107.0,62.0,55.0,7.0,117.0,121.0,14.0,47.0,47.0,32.0,23.0,36.0,36.0
30/06/2014,87.0,98.0,135.0,120.0,113.0,25.0,40.0,66.0,41.0,66.0,62.0,79.0,123.0,146.0,119.0,148.0,83.0,39.0,26.0,89.0,144.0,73.0,70.0,21.0,47.0,32.0,38.0,36.0
23/06/2014,110.0,87.0,143.0,173.0,114.0,37.0,51.0,48.0,66.0,41.0,66.0,93.0,128.0,123.0,131.0,92.0,47.0,29.0,27.0,91.0,125.0,60.0,18.0,43.0,21.0,47.0,30.0,38.0
16/06/2014,70.0,110.0,139.0,135.0,98.0,27.0,25.0,40.0,48.0,35.0,41.0,62.0,79.0,122.0,146.0,128.0,42.0,30.0,22.0,31.0,138.0,86.0,34.0,34.0,43.0,21.0,22.0,30.0
09/06/2014,43.0,70.0,155.0,143.0,140.0,48.0,37.0,51.0,40.0,16.0,35.0,66.0,93.0,123.0,123.0,91.0,40.0,10.0,52.0,25.0,83.0,35.0,14.0,37.0,34.0,43.0,23.0,22.0
02/06/2014,37.0,43.0,98.0,139.0,120.0,30.0,27.0,25.0,51.0,9.0,16.0,41.0,62.0,128.0,122.0,111.0,18.0,10.0,44.0,23.0,159.0,8.0,7.0,47.0,37.0,34.0,32.0,23.0
26/05/2014,30.0,37.0,87.0,155.0,173.0,24.0,48.0,37.0,25.0,1.0,9.0,35.0,66.0,79.0,123.0,119.0,25.0,12.0,55.0,19.0,153.0,18.0,9.0,70.0,47.0,37.0,47.0,32.0
19/05/2014,21.0,30.0,110.0,98.0,135.0,13.0,30.0,27.0,37.0,12.0,1.0,16.0,41.0,93.0,128.0,131.0,12.0,7.0,39.0,20.0,137.0,11.0,2.0,18.0,70.0,47.0,21.0,47.0
12/05/2014,22.0,21.0,70.0,87.0,143.0,32.0,24.0,48.0,27.0,8.0,12.0,9.0,35.0,62.0,79.0,146.0,5.0,2.0,29.0,7.0,165.0,7.0,4.0,34.0,18.0,70.0,43.0,21.0
05/05/2014,15.0,22.0,43.0,110.0,139.0,20.0,13.0,30.0,48.0,7.0,8.0,1.0,16.0,66.0,93.0,123.0,5.0,2.0,30.0,22.0,145.0,6.0,1.0,14.0,34.0,18.0,34.0,43.0
28/04/2014,11.0,15.0,37.0,70.0,155.0,8.0,32.0,24.0,30.0,6.0,7.0,12.0,9.0,41.0,62.0,122.0,5.0,5.0,10.0,13.0,66.0,1.0,2.0,7.0,14.0,34.0,37.0,34.0
21/04/2014,7.0,11.0,30.0,43.0,98.0,6.0,20.0,13.0,24.0,2.0,6.0,8.0,1.0,35.0,66.0,123.0,5.0,2.0,10.0,9.0,117.0,4.0,2.0,9.0,7.0,14.0,47.0,37.0
14/04/2014,12.0,7.0,21.0,37.0,87.0,6.0,8.0,32.0,13.0,1.0,2.0,7.0,12.0,16.0,41.0,128.0,2.0,0.0,12.0,8.0,89.0,2.0,0.0,2.0,9.0,7.0,70.0,47.0
07/04/2014,5.0,12.0,22.0,30.0,110.0,6.0,6.0,20.0,32.0,2.0,1.0,6.0,8.0,9.0,35.0,79.0,2.0,0.0,7.0,18.0,91.0,3.0,0.0,4.0,2.0,9.0,18.0,70.0
31/03/2014,17.0,5.0,15.0,21.0,70.0,3.0,6.0,8.0,20.0,1.0,2.0,2.0,7.0,1.0,16.0,93.0,5.0,3.0,2.0,15.0,31.0,6.0,3.0,1.0,4.0,2.0,34.0,18.0
24/03/2014,11.0,17.0,11.0,22.0,43.0,0.0,6.0,6.0,8.0,5.0,1.0,1.0,6.0,12.0,9.0,62.0,1.0,6.0,2.0,27.0,25.0,6.0,16.0,2.0,1.0,4.0,14.0,34.0
17/03/2014,27.0,11.0,7.0,15.0,37.0,3.0,3.0,6.0,6.0,6.0,5.0,2.0,2.0,8.0,1.0,66.0,3.0,4.0,5.0,51.0,23.0,3.0,13.0,2.0,2.0,1.0,7.0,14.0
10/03/2014,23.0,27.0,12.0,11.0,30.0,3.0,0.0,6.0,6.0,8.0,6.0,1.0,1.0,7.0,12.0,41.0,7.0,0.0,2.0,79.0,19.0,12.0,17.0,0.0,2.0,2.0,9.0,7.0
03/03/2014,30.0,23.0,5.0,7.0,21.0,1.0,3.0,3.0,6.0,18.0,8.0,5.0,2.0,6.0,8.0,35.0,7.0,4.0,0.0,77.0,20.0,14.0,8.0,0.0,0.0,2.0,2.0,9.0
24/02/2014,48.0,30.0,17.0,12.0,22.0,3.0,3.0,0.0,3.0,20.0,18.0,6.0,1.0,2.0,7.0,16.0,27.0,8.0,0.0,70.0,7.0,6.0,16.0,3.0,0.0,0.0,4.0,2.0
17/02/2014,37.0,48.0,11.0,5.0,15.0,1.0,1.0,3.0,0.0,19.0,20.0,8.0,5.0,1.0,6.0,9.0,11.0,15.0,3.0,67.0,22.0,7.0,18.0,16.0,3.0,0.0,1.0,4.0
10/02/2014,32.0,37.0,27.0,17.0,11.0,1.0,3.0,3.0,3.0,27.0,19.0,18.0,6.0,2.0,2.0,1.0,21.0,15.0,6.0,48.0,13.0,33.0,40.0,13.0,16.0,3.0,2.0,1.0
03/02/2014,49.0,32.0,23.0,11.0,7.0,0.0,1.0,1.0,3.0,27.0,27.0,20.0,8.0,1.0,1.0,12.0,23.0,13.0,4.0,31.0,9.0,24.0,34.0,17.0,13.0,16.0,2.0,2.0
27/01/2014,67.0,49.0,30.0,27.0,12.0,8.0,1.0,3.0,1.0,34.0,27.0,19.0,18.0,5.0,2.0,8.0,20.0,26.0,0.0,81.0,8.0,19.0,44.0,8.0,17.0,13.0,0.0,2.0
20/01/2014,106.0,67.0,48.0,23.0,5.0,18.0,0.0,1.0,3.0,38.0,34.0,27.0,20.0,6.0,1.0,7.0,21.0,10.0,4.0,44.0,18.0,24.0,65.0,16.0,8.0,17.0,0.0,0.0
13/01/2014,83.0,106.0,37.0,30.0,17.0,12.0,8.0,1.0,1.0,25.0,38.0,27.0,19.0,8.0,5.0,6.0,33.0,21.0,8.0,133.0,15.0,28.0,38.0,18.0,16.0,8.0,3.0,0.0
06/01/2014,114.0,83.0,32.0,48.0,11.0,19.0,18.0,0.0,1.0,35.0,25.0,34.0,27.0,18.0,6.0,2.0,15.0,39.0,15.0,85.0,27.0,38.0,47.0,40.0,18.0,16.0,16.0,3.0
30/12/2013,129.0,114.0,49.0,37.0,27.0,9.0,12.0,8.0,0.0,47.0,35.0,38.0,27.0,20.0,8.0,1.0,25.0,17.0,15.0,163.0,51.0,18.0,40.0,34.0,40.0,18.0,13.0,16.0
23/12/2013,189.0,129.0,67.0,32.0,23.0,24.0,19.0,18.0,8.0,31.0,47.0,25.0,34.0,19.0,18.0,2.0,35.0,28.0,13.0,173.0,79.0,28.0,31.0,44.0,34.0,40.0,17.0,13.0
16/12/2013,79.0,189.0,106.0,49.0,30.0,16.0,9.0,12.0,18.0,28.0,31.0,35.0,38.0,27.0,20.0,1.0,25.0,7.0,26.0,102.0,77.0,35.0,107.0,65.0,44.0,34.0,8.0,17.0
09/12/2013,163.0,79.0,83.0,67.0,48.0,28.0,24.0,19.0,12.0,22.0,28.0,47.0,25.0,27.0,19.0,5.0,32.0,44.0,10.0,114.0,70.0,30.0,67.0,38.0,65.0,44.0,16.0,8.0
02/12/2013,110.0,163.0,114.0,106.0,37.0,37.0,16.0,9.0,19.0,35.0,22.0,31.0,35.0,34.0,27.0,6.0,28.0,51.0,21.0,121.0,67.0,19.0,43.0,47.0,38.0,65.0,18.0,16.0
25/11/2013,158.0,110.0,129.0,83.0,32.0,9.0,28.0,24.0,9.0,42.0,35.0,28.0,47.0,38.0,27.0,8.0,13.0,48.0,39.0,105.0,48.0,24.0,60.0,40.0,47.0,38.0,40.0,18.0
18/11/2013,182.0,158.0,189.0,114.0,49.0,3.0,37.0,16.0,24.0,59.0,42.0,22.0,31.0,25.0,34.0,18.0,33.0,23.0,17.0,104.0,31.0,41.0,45.0,31.0,40.0,47.0,34.0,40.0
11/11/2013,136.0,182.0,79.0,129.0,67.0,48.0,9.0,28.0,16.0,60.0,59.0,35.0,28.0,35.0,38.0,20.0,19.0,53.0,28.0,119.0,81.0,40.0,48.0,107.0,31.0,40.0,44.0,34.0
04/11/2013,207.0,136.0,163.0,189.0,106.0,100.0,3.0,37.0,28.0,82.0,60.0,42.0,22.0,47.0,25.0,19.0,21.0,39.0,7.0,170.0,44.0,54.0,85.0,67.0,107.0,31.0,65.0,44.0
28/10/2013,251.0,207.0,110.0,79.0,83.0,26.0,48.0,9.0,37.0,78.0,82.0,59.0,35.0,31.0,35.0,27.0,10.0,33.0,44.0,140.0,133.0,21.0,60.0,43.0,67.0,107.0,38.0,65.0
21/10/2013,141.0,251.0,158.0,163.0,114.0,44.0,100.0,3.0,9.0,33.0,78.0,60.0,42.0,28.0,47.0,27.0,34.0,23.0,51.0,181.0,85.0,64.0,76.0,60.0,43.0,67.0,47.0,38.0
14/10/2013,193.0,141.0,182.0,110.0,129.0,48.0,26.0,48.0,3.0,87.0,33.0,82.0,59.0,22.0,31.0,34.0,19.0,24.0,48.0,149.0,163.0,58.0,37.0,45.0,60.0,43.0,40.0,47.0
07/10/2013,169.0,193.0,136.0,158.0,189.0,40.0,44.0,100.0,48.0,49.0,87.0,78.0,60.0,35.0,28.0,38.0,24.0,45.0,23.0,160.0,173.0,38.0,58.0,48.0,45.0,60.0,31.0,40.0
30/09/2013,141.0,169.0,207.0,182.0,79.0,121.0,48.0,26.0,100.0,59.0,49.0,33.0,82.0,42.0,22.0,25.0,30.0,39.0,53.0,161.0,102.0,31.0,39.0,85.0,48.0,45.0,107.0,31.0
23/09/2013,193.0,141.0,251.0,136.0,163.0,102.0,40.0,44.0,26.0,52.0,59.0,87.0,78.0,59.0,35.0,35.0,50.0,47.0,39.0,168.0,114.0,8.0,81.0,60.0,85.0,48.0,67.0,107.0
16/09/2013,359.0,193.0,141.0,207.0,110.0,85.0,121.0,48.0,44.0,71.0,52.0,49.0,33.0,60.0,42.0,47.0,12.0,52.0,33.0,153.0,121.0,81.0,36.0,76.0,60.0,85.0,43.0,67.0
09/09/2013,268.0,359.0,193.0,251.0,158.0,118.0,102.0,40.0,48.0,76.0,71.0,59.0,87.0,82.0,59.0,31.0,18.0,49.0,23.0,157.0,105.0,81.0,42.0,37.0,76.0,60.0,60.0,43.0
02/09/2013,168.0,268.0,169.0,141.0,182.0,85.0,85.0,121.0,40.0,65.0,76.0,52.0,49.0,78.0,60.0,28.0,28.0,53.0,24.0,221.0,104.0,71.0,45.0,58.0,37.0,76.0,45.0,60.0
26/08/2013,338.0,168.0,141.0,193.0,136.0,91.0,118.0,102.0,121.0,68.0,65.0,71.0,59.0,33.0,82.0,22.0,16.0,37.0,45.0,165.0,119.0,95.0,22.0,39.0,58.0,37.0,48.0,45.0
19/08/2013,186.0,338.0,193.0,169.0,207.0,131.0,85.0,85.0,102.0,54.0,68.0,76.0,52.0,87.0,78.0,35.0,23.0,40.0,39.0,121.0,170.0,67.0,74.0,81.0,39.0,58.0,85.0,48.0
12/08/2013,266.0,186.0,359.0,141.0,251.0,91.0,91.0,118.0,85.0,69.0,54.0,65.0,71.0,49.0,33.0,42.0,37.0,37.0,47.0,126.0,140.0,83.0,62.0,36.0,81.0,39.0,60.0,85.0
05/08/2013,240.0,266.0,268.0,193.0,141.0,152.0,131.0,85.0,118.0,51.0,69.0,68.0,76.0,59.0,87.0,59.0,25.0,32.0,52.0,143.0,181.0,73.0,67.0,42.0,36.0,81.0,76.0,60.0
29/07/2013,162.0,240.0,168.0,359.0,193.0,108.0,91.0,91.0,85.0,85.0,51.0,54.0,65.0,52.0,49.0,60.0,30.0,50.0,49.0,151.0,149.0,48.0,30.0,45.0,42.0,36.0,37.0,76.0
22/07/2013,264.0,162.0,338.0,268.0,169.0,165.0,152.0,131.0,91.0,70.0,85.0,69.0,68.0,71.0,59.0,82.0,22.0,22.0,53.0,105.0,160.0,63.0,51.0,22.0,45.0,42.0,58.0,37.0
15/07/2013,133.0,264.0,186.0,168.0,141.0,107.0,108.0,91.0,131.0,66.0,70.0,51.0,54.0,76.0,52.0,78.0,34.0,58.0,37.0,145.0,161.0,30.0,37.0,74.0,22.0,45.0,39.0,58.0
08/07/2013,201.0,133.0,266.0,338.0,193.0,82.0,165.0,152.0,91.0,63.0,66.0,85.0,69.0,65.0,71.0,33.0,28.0,31.0,40.0,134.0,168.0,45.0,40.0,62.0,74.0,22.0,81.0,39.0
01/07/2013,236.0,201.0,240.0,186.0,359.0,68.0,107.0,108.0,152.0,118.0,63.0,70.0,51.0,68.0,76.0,87.0,44.0,30.0,37.0,130.0,153.0,41.0,31.0,67.0,62.0,74.0,36.0,81.0
24/06/2013,111.0,236.0,162.0,266.0,268.0,149.0,82.0,165.0,108.0,24.0,118.0,66.0,85.0,54.0,65.0,49.0,26.0,57.0,32.0,89.0,157.0,55.0,12.0,30.0,67.0,62.0,42.0,36.0
17/06/2013,76.0,111.0,264.0,240.0,168.0,109.0,68.0,107.0,165.0,29.0,24.0,63.0,70.0,69.0,68.0,59.0,43.0,50.0,50.0,49.0,221.0,37.0,26.0,51.0,30.0,67.0,45.0,42.0
10/06/2013,52.0,76.0,133.0,162.0,338.0,118.0,149.0,82.0,107.0,23.0,29.0,118.0,66.0,51.0,54.0,52.0,19.0,27.0,22.0,24.0,165.0,17.0,20.0,37.0,51.0,30.0,22.0,45.0
03/06/2013,30.0,52.0,201.0,264.0,186.0,99.0,109.0,68.0,82.0,12.0,23.0,24.0,63.0,85.0,69.0,71.0,11.0,14.0,58.0,29.0,121.0,17.0,9.0,40.0,37.0,51.0,74.0,22.0
27/05/2013,30.0,30.0,236.0,133.0,266.0,51.0,118.0,149.0,68.0,4.0,12.0,29.0,118.0,70.0,51.0,76.0,6.0,5.0,31.0,15.0,126.0,12.0,6.0,31.0,40.0,37.0,62.0,74.0
20/05/2013,74.0,30.0,111.0,201.0,240.0,26.0,99.0,109.0,149.0,2.0,4.0,23.0,24.0,66.0,85.0,65.0,6.0,7.0,30.0,4.0,143.0,3.0,1.0,12.0,31.0,40.0,67.0,62.0
13/05/2013,45.0,74.0,76.0,236.0,162.0,27.0,51.0,118.0,109.0,2.0,2.0,12.0,29.0,63.0,70.0,68.0,2.0,4.0,57.0,6.0,151.0,2.0,0.0,26.0,12.0,31.0,30.0,67.0
06/05/2013,41.0,45.0,52.0,111.0,264.0,32.0,26.0,99.0,118.0,2.0,2.0,4.0,23.0,118.0,66.0,54.0,3.0,5.0,50.0,4.0,105.0,9.0,0.0,20.0,26.0,12.0,51.0,30.0
29/04/2013,20.0,41.0,30.0,76.0,133.0,3.0,27.0,51.0,99.0,1.0,2.0,2.0,12.0,24.0,63.0,69.0,4.0,3.0,27.0,17.0,145.0,1.0,0.0,9.0,20.0,26.0,37.0,51.0
22/04/2013,15.0,20.0,30.0,52.0,201.0,16.0,32.0,26.0,51.0,1.0,1.0,2.0,4.0,29.0,118.0,51.0,1.0,1.0,14.0,1.0,134.0,2.0,2.0,6.0,9.0,20.0,40.0,37.0
15/04/2013,11.0,15.0,74.0,30.0,236.0,11.0,3.0,27.0,26.0,3.0,1.0,2.0,2.0,23.0,24.0,85.0,4.0,0.0,5.0,4.0,130.0,3.0,0.0,1.0,6.0,9.0,31.0,40.0
08/04/2013,10.0,11.0,45.0,30.0,111.0,9.0,16.0,32.0,27.0,7.0,3.0,1.0,2.0,12.0,29.0,70.0,3.0,2.0,7.0,7.0,89.0,5.0,2.0,0.0,1.0,6.0,12.0,31.0
01/04/2013,9.0,10.0,41.0,74.0,76.0,1.0,11.0,3.0,32.0,5.0,7.0,1.0,2.0,4.0,23.0,66.0,4.0,2.0,4.0,12.0,49.0,6.0,1.0,0.0,0.0,1.0,26.0,12.0
25/03/2013,35.0,9.0,20.0,45.0,52.0,2.0,9.0,16.0,3.0,9.0,5.0,3.0,1.0,2.0,12.0,63.0,2.0,2.0,5.0,8.0,24.0,10.0,3.0,0.0,0.0,0.0,20.0,26.0
18/03/2013,20.0,35.0,15.0,41.0,30.0,6.0,1.0,11.0,16.0,7.0,9.0,7.0,1.0,2.0,4.0,118.0,9.0,2.0,3.0,29.0,29.0,7.0,10.0,2.0,0.0,0.0,9.0,20.0
11/03/2013,19.0,20.0,11.0,20.0,30.0,5.0,2.0,9.0,11.0,8.0,7.0,5.0,3.0,2.0,2.0,24.0,2.0,9.0,1.0,29.0,15.0,6.0,10.0,0.0,2.0,0.0,6.0,9.0
04/03/2013,51.0,19.0,10.0,15.0,74.0,0.0,6.0,1.0,9.0,11.0,8.0,9.0,7.0,1.0,2.0,29.0,11.0,12.0,0.0,23.0,4.0,24.0,4.0,2.0,0.0,2.0,1.0,6.0
25/02/2013,53.0,51.0,9.0,11.0,45.0,3.0,5.0,2.0,1.0,9.0,11.0,7.0,5.0,1.0,2.0,23.0,13.0,19.0,2.0,46.0,6.0,13.0,12.0,1.0,2.0,0.0,0.0,1.0
18/02/2013,77.0,53.0,35.0,10.0,41.0,1.0,0.0,6.0,2.0,12.0,9.0,8.0,9.0,3.0,1.0,12.0,7.0,4.0,2.0,47.0,4.0,14.0,6.0,3.0,1.0,2.0,0.0,0.0
11/02/2013,62.0,77.0,20.0,9.0,20.0,9.0,3.0,5.0,6.0,13.0,12.0,11.0,7.0,7.0,1.0,4.0,25.0,17.0,2.0,71.0,17.0,42.0,18.0,10.0,3.0,1.0,0.0,0.0
04/02/2013,93.0,62.0,19.0,35.0,15.0,4.0,1.0,0.0,5.0,31.0,13.0,9.0,8.0,5.0,3.0,2.0,28.0,7.0,2.0,94.0,1.0,14.0,13.0,10.0,10.0,3.0,2.0,0.0
28/01/2013,78.0,93.0,51.0,20.0,11.0,11.0,9.0,3.0,0.0,31.0,31.0,12.0,11.0,9.0,7.0,2.0,36.0,15.0,9.0,127.0,4.0,7.0,16.0,4.0,10.0,10.0,0.0,2.0
21/01/2013,82.0,78.0,53.0,19.0,10.0,19.0,4.0,1.0,3.0,35.0,31.0,13.0,9.0,7.0,5.0,2.0,56.0,18.0,12.0,99.0,7.0,46.0,11.0,12.0,4.0,10.0,2.0,0.0
14/01/2013,84.0,82.0,77.0,51.0,9.0,7.0,11.0,9.0,1.0,41.0,35.0,31.0,12.0,8.0,9.0,1.0,54.0,62.0,19.0,103.0,12.0,21.0,32.0,6.0,12.0,4.0,1.0,2.0
07/01/2013,58.0,84.0,62.0,53.0,35.0,20.0,19.0,4.0,9.0,35.0,41.0,31.0,13.0,11.0,7.0,1.0,50.0,41.0,4.0,125.0,8.0,16.0,35.0,18.0,6.0,12.0,3.0,1.0
31/12/2012,114.0,58.0,93.0,77.0,20.0,17.0,7.0,11.0,4.0,65.0,35.0,35.0,31.0,9.0,8.0,3.0,68.0,59.0,17.0,68.0,29.0,5.0,32.0,13.0,18.0,6.0,10.0,3.0
24/12/2012,145.0,114.0,78.0,62.0,19.0,18.0,20.0,19.0,11.0,59.0,65.0,41.0,31.0,12.0,11.0,7.0,105.0,8.0,7.0,179.0,29.0,1.0,24.0,16.0,13.0,18.0,10.0,10.0
17/12/2012,93.0,145.0,82.0,93.0,51.0,7.0,17.0,7.0,19.0,56.0,59.0,35.0,35.0,13.0,9.0,5.0,82.0,46.0,15.0,205.0,23.0,1.0,42.0,11.0,16.0,13.0,4.0,10.0
10/12/2012,129.0,93.0,84.0,78.0,53.0,39.0,18.0,20.0,7.0,67.0,56.0,65.0,41.0,31.0,12.0,9.0,138.0,1.0,18.0,118.0,46.0,53.0,63.0,32.0,11.0,16.0,12.0,4.0
03/12/2012,114.0,129.0,58.0,82.0,77.0,31.0,7.0,17.0,20.0,66.0,67.0,59.0,35.0,31.0,13.0,7.0,210.0,30.0,62.0,155.0,47.0,38.0,36.0,35.0,32.0,11.0,6.0,12.0
26/11/2012,86.0,114.0,114.0,84.0,62.0,11.0,39.0,18.0,17.0,58.0,66.0,56.0,65.0,35.0,31.0,8.0,103.0,106.0,41.0,175.0,71.0,46.0,67.0,32.0,35.0,32.0,18.0,6.0
19/11/2012,127.0,86.0,145.0,58.0,93.0,30.0,31.0,7.0,18.0,74.0,58.0,67.0,59.0,41.0,31.0,11.0,151.0,56.0,59.0,135.0,94.0,61.0,54.0,24.0,32.0,35.0,13.0,18.0
12/11/2012,106.0,127.0,93.0,114.0,78.0,28.0,11.0,39.0,7.0,87.0,74.0,66.0,56.0,35.0,35.0,9.0,110.0,64.0,8.0,86.0,127.0,125.0,70.0,42.0,24.0,32.0,16.0,13.0
05/11/2012,211.0,106.0,129.0,145.0,82.0,98.0,30.0,31.0,39.0,71.0,87.0,58.0,67.0,65.0,41.0,12.0,126.0,46.0,46.0,224.0,99.0,33.0,35.0,63.0,42.0,24.0,11.0,16.0
29/10/2012,229.0,211.0,114.0,93.0,84.0,21.0,28.0,11.0,31.0,116.0,71.0,74.0,66.0,59.0,35.0,13.0,116.0,36.0,1.0,211.0,103.0,57.0,45.0,36.0,63.0,42.0,32.0,11.0
22/10/2012,145.0,229.0,86.0,129.0,58.0,38.0,98.0,30.0,11.0,63.0,116.0,87.0,58.0,56.0,65.0,31.0,147.0,60.0,30.0,214.0,125.0,37.0,29.0,67.0,36.0,63.0,35.0,32.0
15/10/2012,210.0,145.0,127.0,114.0,114.0,48.0,21.0,28.0,30.0,128.0,63.0,71.0,74.0,67.0,59.0,31.0,150.0,96.0,106.0,136.0,68.0,46.0,42.0,54.0,67.0,36.0,32.0,35.0
08/10/2012,267.0,210.0,106.0,86.0,145.0,22.0,38.0,98.0,28.0,107.0,128.0,116.0,87.0,66.0,56.0,35.0,173.0,38.0,56.0,279.0,179.0,26.0,24.0,70.0,54.0,67.0,24.0,32.0
01/10/2012,166.0,267.0,211.0,127.0,93.0,26.0,48.0,21.0,98.0,90.0,107.0,63.0,71.0,58.0,67.0,41.0,74.0,112.0,64.0,255.0,205.0,74.0,39.0,35.0,70.0,54.0,42.0,24.0
24/09/2012,168.0,166.0,229.0,106.0,129.0,89.0,22.0,38.0,21.0,92.0,90.0,128.0,116.0,74.0,66.0,35.0,184.0,47.0,46.0,209.0,118.0,37.0,64.0,45.0,35.0,70.0,63.0,42.0
17/09/2012,350.0,168.0,145.0,211.0,114.0,40.0,26.0,48.0,38.0,106.0,92.0,107.0,63.0,87.0,58.0,65.0,111.0,108.0,36.0,160.0,155.0,26.0,27.0,29.0,45.0,35.0,36.0,63.0
10/09/2012,224.0,350.0,210.0,229.0,86.0,67.0,89.0,22.0,48.0,94.0,106.0,90.0,128.0,71.0,74.0,59.0,86.0,77.0,60.0,290.0,175.0,30.0,42.0,42.0,29.0,45.0,67.0,36.0
03/09/2012,136.0,224.0,267.0,145.0,127.0,25.0,40.0,26.0,22.0,60.0,94.0,92.0,107.0,116.0,87.0,56.0,111.0,30.0,96.0,204.0,135.0,80.0,44.0,24.0,42.0,29.0,54.0,67.0
27/08/2012,278.0,136.0,166.0,210.0,106.0,105.0,67.0,89.0,26.0,110.0,60.0,106.0,90.0,63.0,71.0,67.0,146.0,43.0,38.0,105.0,86.0,43.0,51.0,39.0,24.0,42.0,70.0,54.0
20/08/2012,161.0,278.0,168.0,267.0,211.0,89.0,25.0,40.0,89.0,123.0,110.0,94.0,92.0,128.0,116.0,66.0,85.0,71.0,112.0,257.0,224.0,70.0,37.0,64.0,39.0,24.0,35.0,70.0
13/08/2012,385.0,161.0,350.0,166.0,229.0,21.0,105.0,67.0,40.0,108.0,123.0,60.0,106.0,107.0,63.0,58.0,18.0,106.0,47.0,210.0,211.0,65.0,45.0,27.0,64.0,39.0,45.0,35.0
06/08/2012,230.0,385.0,224.0,168.0,145.0,77.0,89.0,25.0,67.0,113.0,108.0,110.0,94.0,90.0,128.0,74.0,142.0,76.0,108.0,198.0,214.0,72.0,54.0,42.0,27.0,64.0,29.0,45.0
30/07/2012,284.0,230.0,136.0,350.0,210.0,86.0,21.0,105.0,25.0,56.0,113.0,123.0,60.0,92.0,107.0,87.0,67.0,107.0,77.0,149.0,136.0,39.0,49.0,44.0,42.0,27.0,42.0,29.0
23/07/2012,210.0,284.0,278.0,224.0,267.0,29.0,77.0,89.0,105.0,57.0,56.0,108.0,110.0,106.0,90.0,71.0,101.0,88.0,30.0,220.0,279.0,76.0,32.0,51.0,44.0,42.0,24.0,42.0
16/07/2012,125.0,210.0,161.0,136.0,166.0,46.0,86.0,21.0,89.0,61.0,57.0,113.0,123.0,94.0,92.0,116.0,40.0,73.0,43.0,125.0,255.0,113.0,32.0,37.0,51.0,44.0,39.0,24.0
09/07/2012,104.0,125.0,385.0,278.0,168.0,70.0,29.0,77.0,21.0,49.0,61.0,56.0,108.0,60.0,106.0,63.0,92.0,68.0,71.0,131.0,209.0,14.0,16.0,45.0,37.0,51.0,64.0,39.0
02/07/2012,140.0,104.0,230.0,161.0,350.0,103.0,46.0,86.0,77.0,24.0,49.0,57.0,113.0,110.0,94.0,128.0,40.0,100.0,106.0,101.0,160.0,28.0,11.0,54.0,45.0,37.0,27.0,64.0
25/06/2012,99.0,140.0,284.0,385.0,224.0,90.0,70.0,29.0,86.0,27.0,24.0,61.0,56.0,123.0,60.0,107.0,25.0,59.0,76.0,65.0,290.0,24.0,12.0,49.0,54.0,45.0,42.0,27.0
18/06/2012,35.0,99.0,210.0,230.0,136.0,30.0,103.0,46.0,29.0,7.0,27.0,49.0,57.0,108.0,110.0,90.0,15.0,25.0,107.0,30.0,204.0,10.0,9.0,32.0,49.0,54.0,44.0,42.0
11/06/2012,14.0,35.0,125.0,284.0,278.0,58.0,90.0,70.0,46.0,5.0,7.0,24.0,61.0,113.0,123.0,92.0,15.0,21.0,88.0,29.0,105.0,14.0,0.0,32.0,32.0,49.0,51.0,44.0
04/06/2012,34.0,14.0,104.0,210.0,161.0,47.0,30.0,103.0,70.0,4.0,5.0,27.0,49.0,56.0,108.0,106.0,14.0,18.0,73.0,19.0,257.0,1.0,0.0,16.0,32.0,32.0,37.0,51.0
28/05/2012,7.0,34.0,140.0,125.0,385.0,61.0,58.0,90.0,103.0,33.0,4.0,7.0,24.0,57.0,113.0,94.0,2.0,11.0,68.0,9.0,210.0,14.0,0.0,11.0,16.0,32.0,45.0,37.0
21/05/2012,7.0,7.0,99.0,104.0,230.0,39.0,47.0,30.0,90.0,7.0,33.0,5.0,27.0,61.0,56.0,60.0,9.0,6.0,100.0,7.0,198.0,4.0,2.0,12.0,11.0,16.0,54.0,45.0
14/05/2012,4.0,7.0,35.0,140.0,284.0,21.0,61.0,58.0,30.0,4.0,7.0,4.0,7.0,49.0,57.0,110.0,2.0,8.0,59.0,5.0,149.0,9.0,0.0,9.0,12.0,11.0,49.0,54.0
07/05/2012,4.0,4.0,14.0,99.0,210.0,3.0,39.0,47.0,58.0,6.0,4.0,33.0,5.0,24.0,61.0,123.0,1.0,3.0,25.0,3.0,220.0,0.0,0.0,0.0,9.0,12.0,32.0,49.0
30/04/2012,10.0,4.0,34.0,35.0,125.0,5.0,21.0,61.0,47.0,2.0,6.0,7.0,4.0,27.0,49.0,108.0,6.0,1.0,21.0,19.0,125.0,1.0,3.0,0.0,0.0,9.0,32.0,32.0
23/04/2012,6.0,10.0,7.0,14.0,104.0,15.0,3.0,39.0,61.0,3.0,2.0,4.0,33.0,7.0,24.0,113.0,0.0,1.0,18.0,1.0,131.0,1.0,0.0,0.0,0.0,0.0,16.0,32.0
16/04/2012,6.0,6.0,7.0,34.0,140.0,14.0,5.0,21.0,39.0,3.0,3.0,6.0,7.0,5.0,27.0,56.0,0.0,0.0,11.0,2.0,101.0,1.0,0.0,2.0,0.0,0.0,11.0,16.0
09/04/2012,12.0,6.0,4.0,7.0,99.0,3.0,15.0,3.0,21.0,5.0,3.0,2.0,4.0,4.0,7.0,57.0,3.0,0.0,6.0,6.0,65.0,0.0,1.0,0.0,2.0,0.0,12.0,11.0
02/04/2012,20.0,12.0,4.0,7.0,35.0,2.0,14.0,5.0,3.0,4.0,5.0,3.0,6.0,33.0,5.0,61.0,3.0,0.0,8.0,10.0,30.0,1.0,1.0,0.0,0.0,2.0,9.0,12.0
26/03/2012,14.0,20.0,10.0,4.0,14.0,1.0,3.0,15.0,5.0,13.0,4.0,3.0,2.0,7.0,4.0,49.0,3.0,4.0,3.0,31.0,29.0,3.0,0.0,3.0,0.0,0.0,0.0,9.0
19/03/2012,33.0,14.0,6.0,4.0,34.0,1.0,2.0,14.0,15.0,22.0,13.0,5.0,3.0,4.0,33.0,24.0,1.0,3.0,1.0,34.0,19.0,5.0,0.0,0.0,3.0,0.0,0.0,0.0
12/03/2012,20.0,33.0,6.0,10.0,7.0,0.0,1.0,3.0,14.0,12.0,22.0,4.0,3.0,6.0,7.0,27.0,2.0,2.0,1.0,32.0,9.0,55.0,6.0,0.0,0.0,3.0,0.0,0.0
05/03/2012,25.0,20.0,12.0,6.0,7.0,0.0,1.0,2.0,3.0,6.0,12.0,13.0,5.0,2.0,4.0,7.0,1.0,0.0,0.0,33.0,7.0,17.0,8.0,1.0,0.0,0.0,2.0,0.0
27/02/2012,93.0,25.0,20.0,6.0,4.0,0.0,0.0,1.0,2.0,30.0,6.0,22.0,4.0,3.0,6.0,5.0,3.0,7.0,0.0,28.0,5.0,4.0,4.0,1.0,1.0,0.0,0.0,2.0
20/02/2012,72.0,93.0,14.0,12.0,4.0,6.0,0.0,1.0,1.0,22.0,30.0,12.0,13.0,3.0,2.0,4.0,1.0,12.0,0.0,91.0,3.0,44.0,7.0,0.0,1.0,1.0,0.0,0.0
13/02/2012,54.0,72.0,33.0,20.0,10.0,2.0,0.0,0.0,1.0,32.0,22.0,6.0,22.0,5.0,3.0,33.0,4.0,9.0,4.0,95.0,19.0,31.0,21.0,0.0,0.0,1.0,3.0,0.0
06/02/2012,175.0,54.0,20.0,14.0,6.0,6.0,6.0,0.0,0.0,27.0,32.0,30.0,12.0,4.0,3.0,7.0,1.0,19.0,3.0,83.0,1.0,35.0,20.0,6.0,0.0,0.0,0.0,3.0
30/01/2012,126.0,175.0,25.0,33.0,6.0,6.0,2.0,0.0,0.0,35.0,27.0,22.0,6.0,13.0,5.0,4.0,1.0,29.0,2.0,99.0,2.0,64.0,10.0,8.0,6.0,0.0,0.0,0.0
23/01/2012,60.0,126.0,93.0,20.0,12.0,7.0,6.0,6.0,0.0,42.0,35.0,32.0,30.0,22.0,4.0,6.0,7.0,27.0,0.0,78.0,6.0,47.0,13.0,4.0,8.0,6.0,1.0,0.0
16/01/2012,193.0,60.0,72.0,25.0,20.0,0.0,6.0,2.0,6.0,86.0,42.0,27.0,22.0,12.0,13.0,2.0,37.0,11.0,7.0,108.0,10.0,17.0,18.0,7.0,4.0,8.0,1.0,1.0
09/01/2012,68.0,193.0,54.0,93.0,14.0,9.0,7.0,6.0,2.0,43.0,86.0,35.0,32.0,6.0,22.0,3.0,23.0,32.0,12.0,82.0,31.0,77.0,15.0,21.0,7.0,4.0,0.0,1.0
02/01/2012,183.0,68.0,175.0,72.0,33.0,10.0,0.0,6.0,6.0,32.0,43.0,42.0,27.0,30.0,12.0,3.0,27.0,33.0,9.0,46.0,34.0,28.0,11.0,20.0,21.0,7.0,0.0,0.0
26/12/2011,156.0,183.0,126.0,54.0,20.0,1.0,9.0,7.0,6.0,68.0,32.0,86.0,35.0,22.0,6.0,5.0,12.0,25.0,19.0,167.0,32.0,170.0,13.0,10.0,20.0,21.0,6.0,0.0
19/12/2011,479.0,156.0,60.0,175.0,25.0,24.0,10.0,0.0,7.0,137.0,68.0,43.0,42.0,32.0,30.0,4.0,23.0,14.0,29.0,197.0,33.0,69.0,12.0,13.0,10.0,20.0,8.0,6.0
12/12/2011,143.0,479.0,193.0,126.0,93.0,10.0,1.0,9.0,0.0,33.0,137.0,32.0,86.0,27.0,22.0,13.0,11.0,0.0,27.0,431.0,28.0,110.0,13.0,18.0,13.0,10.0,4.0,8.0
05/12/2011,193.0,143.0,68.0,60.0,72.0,2.0,24.0,10.0,9.0,43.0,33.0,68.0,43.0,35.0,32.0,22.0,46.0,21.0,11.0,87.0,91.0,203.0,21.0,15.0,18.0,13.0,7.0,4.0
28/11/2011,105.0,193.0,183.0,193.0,54.0,4.0,10.0,1.0,10.0,47.0,43.0,137.0,32.0,42.0,27.0,12.0,73.0,39.0,32.0,143.0,95.0,82.0,11.0,11.0,15.0,18.0,21.0,7.0
21/11/2011,136.0,105.0,156.0,68.0,175.0,2.0,2.0,24.0,1.0,41.0,47.0,33.0,68.0,86.0,35.0,6.0,15.0,74.0,33.0,114.0,83.0,71.0,13.0,13.0,11.0,15.0,20.0,21.0
14/11/2011,91.0,136.0,479.0,183.0,126.0,7.0,4.0,10.0,24.0,49.0,41.0,43.0,137.0,43.0,42.0,30.0,16.0,34.0,25.0,90.0,99.0,93.0,1.0,12.0,13.0,11.0,10.0,20.0
07/11/2011,150.0,91.0,143.0,156.0,60.0,15.0,2.0,2.0,10.0,35.0,49.0,47.0,33.0,32.0,86.0,22.0,7.0,8.0,14.0,109.0,78.0,58.0,5.0,13.0,12.0,13.0,13.0,10.0
31/10/2011,82.0,150.0,193.0,479.0,193.0,31.0,7.0,4.0,2.0,69.0,35.0,41.0,43.0,68.0,43.0,32.0,35.0,25.0,0.0,146.0,108.0,70.0,5.0,21.0,13.0,12.0,18.0,13.0
24/10/2011,64.0,82.0,105.0,143.0,68.0,11.0,15.0,2.0,4.0,53.0,69.0,49.0,47.0,137.0,32.0,27.0,37.0,4.0,21.0,95.0,82.0,73.0,22.0,11.0,21.0,13.0,15.0,18.0
17/10/2011,100.0,64.0,136.0,193.0,183.0,15.0,31.0,7.0,2.0,150.0,53.0,35.0,41.0,33.0,68.0,35.0,37.0,21.0,39.0,98.0,46.0,51.0,11.0,13.0,11.0,21.0,11.0,15.0
10/10/2011,95.0,100.0,91.0,105.0,156.0,27.0,11.0,15.0,7.0,87.0,150.0,69.0,49.0,43.0,137.0,42.0,18.0,26.0,74.0,108.0,167.0,69.0,18.0,1.0,13.0,11.0,13.0,11.0
03/10/2011,136.0,95.0,150.0,136.0,479.0,20.0,15.0,31.0,15.0,160.0,87.0,53.0,35.0,47.0,33.0,86.0,20.0,49.0,34.0,123.0,197.0,78.0,18.0,5.0,1.0,13.0,12.0,13.0
26/09/2011,80.0,136.0,82.0,91.0,143.0,15.0,27.0,11.0,31.0,102.0,160.0,150.0,69.0,41.0,43.0,43.0,17.0,25.0,8.0,114.0,431.0,49.0,10.0,5.0,5.0,1.0,13.0,12.0
19/09/2011,122.0,80.0,64.0,150.0,193.0,26.0,20.0,15.0,11.0,73.0,102.0,87.0,53.0,49.0,47.0,32.0,27.0,69.0,25.0,76.0,87.0,55.0,21.0,22.0,5.0,5.0,21.0,13.0
12/09/2011,117.0,122.0,100.0,82.0,105.0,26.0,15.0,27.0,15.0,106.0,73.0,160.0,150.0,35.0,41.0,68.0,44.0,19.0,4.0,156.0,143.0,66.0,4.0,11.0,22.0,5.0,11.0,21.0
05/09/2011,84.0,117.0,95.0,64.0,136.0,18.0,26.0,20.0,27.0,40.0,106.0,102.0,87.0,69.0,49.0,137.0,51.0,55.0,21.0,115.0,114.0,60.0,22.0,18.0,11.0,22.0,13.0,11.0
29/08/2011,133.0,84.0,136.0,100.0,91.0,31.0,26.0,15.0,20.0,97.0,40.0,73.0,160.0,53.0,35.0,33.0,23.0,26.0,26.0,45.0,90.0,46.0,14.0,18.0,18.0,11.0,1.0,13.0
22/08/2011,62.0,133.0,80.0,95.0,150.0,15.0,18.0,26.0,15.0,49.0,97.0,106.0,102.0,150.0,69.0,43.0,55.0,37.0,49.0,70.0,109.0,14.0,1.0,10.0,18.0,18.0,5.0,1.0
15/08/2011,211.0,62.0,122.0,136.0,82.0,48.0,31.0,26.0,26.0,98.0,49.0,40.0,73.0,87.0,53.0,47.0,20.0,39.0,25.0,50.0,146.0,115.0,11.0,21.0,10.0,18.0,5.0,5.0
08/08/2011,143.0,211.0,117.0,80.0,64.0,8.0,15.0,18.0,26.0,68.0,98.0,97.0,106.0,160.0,150.0,41.0,97.0,4.0,69.0,85.0,95.0,43.0,19.0,4.0,21.0,10.0,22.0,5.0
01/08/2011,128.0,143.0,84.0,122.0,100.0,41.0,48.0,31.0,18.0,74.0,68.0,49.0,40.0,102.0,87.0,49.0,26.0,33.0,19.0,71.0,98.0,23.0,14.0,22.0,4.0,21.0,11.0,22.0
25/07/2011,105.0,128.0,133.0,117.0,95.0,90.0,8.0,15.0,31.0,85.0,74.0,98.0,97.0,73.0,160.0,35.0,110.0,17.0,55.0,129.0,108.0,50.0,7.0,14.0,22.0,4.0,18.0,11.0
18/07/2011,140.0,105.0,62.0,84.0,136.0,14.0,41.0,48.0,15.0,40.0,85.0,68.0,49.0,106.0,102.0,69.0,76.0,42.0,26.0,70.0,123.0,63.0,12.0,1.0,14.0,22.0,18.0,18.0
11/07/2011,51.0,140.0,211.0,133.0,80.0,41.0,90.0,8.0,48.0,43.0,40.0,74.0,98.0,40.0,73.0,53.0,49.0,11.0,37.0,50.0,114.0,15.0,7.0,11.0,1.0,14.0,10.0,18.0
04/07/2011,70.0,51.0,143.0,62.0,122.0,4.0,14.0,41.0,8.0,28.0,43.0,85.0,68.0,97.0,106.0,150.0,24.0,23.0,39.0,93.0,76.0,30.0,2.0,19.0,11.0,1.0,21.0,10.0
27/06/2011,46.0,70.0,128.0,211.0,117.0,109.0,41.0,90.0,41.0,16.0,28.0,40.0,74.0,49.0,40.0,87.0,21.0,15.0,4.0,47.0,156.0,13.0,10.0,14.0,19.0,11.0,4.0,21.0
20/06/2011,17.0,46.0,105.0,143.0,84.0,89.0,4.0,14.0,90.0,23.0,16.0,43.0,85.0,98.0,97.0,160.0,29.0,7.0,33.0,50.0,115.0,4.0,5.0,7.0,14.0,19.0,22.0,4.0
13/06/2011,21.0,17.0,140.0,128.0,133.0,53.0,109.0,41.0,14.0,12.0,23.0,28.0,40.0,68.0,49.0,102.0,5.0,8.0,17.0,18.0,45.0,14.0,1.0,12.0,7.0,14.0,14.0,22.0
06/06/2011,51.0,21.0,51.0,105.0,62.0,23.0,89.0,4.0,41.0,17.0,12.0,16.0,43.0,74.0,98.0,73.0,14.0,10.0,42.0,3.0,70.0,33.0,13.0,7.0,12.0,7.0,1.0,14.0
30/05/2011,22.0,51.0,70.0,140.0,211.0,43.0,53.0,109.0,4.0,12.0,17.0,23.0,28.0,85.0,68.0,106.0,8.0,13.0,11.0,15.0,50.0,10.0,1.0,2.0,7.0,12.0,11.0,1.0
23/05/2011,11.0,22.0,46.0,51.0,143.0,43.0,23.0,89.0,109.0,8.0,12.0,12.0,16.0,40.0,74.0,40.0,7.0,3.0,23.0,11.0,85.0,1.0,3.0,10.0,2.0,7.0,19.0,11.0
16/05/2011,3.0,11.0,17.0,70.0,128.0,32.0,43.0,53.0,89.0,4.0,8.0,17.0,23.0,43.0,85.0,97.0,7.0,11.0,15.0,4.0,71.0,18.0,3.0,5.0,10.0,2.0,14.0,19.0
09/05/2011,10.0,3.0,21.0,46.0,105.0,11.0,43.0,23.0,53.0,5.0,4.0,12.0,12.0,28.0,40.0,49.0,3.0,4.0,7.0,4.0,129.0,18.0,1.0,1.0,5.0,10.0,7.0,14.0
02/05/2011,4.0,10.0,51.0,17.0,140.0,16.0,32.0,43.0,23.0,1.0,5.0,8.0,17.0,16.0,43.0,98.0,2.0,3.0,8.0,3.0,70.0,1.0,0.0,13.0,1.0,5.0,12.0,7.0
25/04/2011,3.0,4.0,22.0,21.0,51.0,11.0,11.0,43.0,43.0,0.0,1.0,4.0,12.0,23.0,28.0,68.0,2.0,4.0,10.0,3.0,50.0,0.0,3.0,1.0,13.0,1.0,7.0,12.0
18/04/2011,9.0,3.0,11.0,51.0,70.0,9.0,16.0,32.0,43.0,6.0,0.0,5.0,8.0,12.0,16.0,74.0,1.0,0.0,13.0,4.0,93.0,1.0,2.0,3.0,1.0,13.0,2.0,7.0
11/04/2011,14.0,9.0,3.0,22.0,46.0,1.0,11.0,11.0,32.0,0.0,6.0,1.0,4.0,17.0,23.0,85.0,2.0,0.0,3.0,15.0,47.0,1.0,5.0,3.0,3.0,1.0,10.0,2.0
04/04/2011,12.0,14.0,10.0,11.0,17.0,1.0,9.0,16.0,11.0,2.0,0.0,0.0,5.0,12.0,12.0,40.0,0.0,0.0,11.0,6.0,50.0,1.0,1.0,1.0,3.0,3.0,5.0,10.0
28/03/2011,22.0,12.0,4.0,3.0,21.0,1.0,1.0,11.0,16.0,9.0,2.0,6.0,1.0,8.0,17.0,43.0,1.0,0.0,4.0,12.0,18.0,1.0,9.0,0.0,1.0,3.0,1.0,5.0
21/03/2011,43.0,22.0,3.0,10.0,51.0,1.0,1.0,9.0,11.0,13.0,9.0,0.0,0.0,4.0,12.0,28.0,1.0,1.0,3.0,15.0,3.0,1.0,5.0,3.0,0.0,1.0,13.0,1.0
14/03/2011,27.0,43.0,9.0,4.0,22.0,1.0,1.0,1.0,9.0,17.0,13.0,2.0,6.0,5.0,8.0,16.0,4.0,2.0,4.0,27.0,15.0,7.0,0.0,2.0,3.0,0.0,1.0,13.0
07/03/2011,67.0,27.0,14.0,3.0,11.0,0.0,1.0,1.0,1.0,19.0,17.0,9.0,0.0,1.0,4.0,23.0,9.0,4.0,0.0,34.0,11.0,3.0,5.0,5.0,2.0,3.0,3.0,1.0
28/02/2011,78.0,67.0,12.0,9.0,3.0,6.0,1.0,1.0,1.0,33.0,19.0,13.0,2.0,0.0,5.0,12.0,14.0,6.0,0.0,23.0,4.0,4.0,25.0,1.0,5.0,2.0,3.0,3.0
21/02/2011,61.0,78.0,22.0,14.0,10.0,3.0,0.0,1.0,1.0,22.0,33.0,17.0,9.0,6.0,1.0,17.0,9.0,9.0,0.0,30.0,4.0,9.0,4.0,9.0,1.0,5.0,1.0,3.0
14/02/2011,62.0,61.0,43.0,12.0,4.0,5.0,6.0,1.0,1.0,35.0,22.0,19.0,13.0,0.0,0.0,12.0,6.0,14.0,0.0,45.0,3.0,8.0,30.0,5.0,9.0,1.0,0.0,1.0
07/02/2011,40.0,62.0,27.0,22.0,3.0,25.0,3.0,0.0,1.0,41.0,35.0,33.0,17.0,2.0,6.0,8.0,9.0,15.0,1.0,15.0,3.0,5.0,2.0,0.0,5.0,9.0,3.0,0.0
31/01/2011,98.0,40.0,67.0,43.0,9.0,17.0,5.0,6.0,0.0,55.0,41.0,22.0,19.0,9.0,0.0,4.0,6.0,19.0,2.0,48.0,4.0,15.0,22.0,5.0,0.0,5.0,2.0,3.0
24/01/2011,110.0,98.0,78.0,27.0,14.0,17.0,25.0,3.0,6.0,54.0,55.0,35.0,33.0,13.0,2.0,5.0,3.0,17.0,4.0,41.0,15.0,11.0,5.0,25.0,5.0,0.0,5.0,2.0
17/01/2011,142.0,110.0,61.0,67.0,12.0,17.0,17.0,5.0,3.0,78.0,54.0,41.0,22.0,17.0,9.0,1.0,38.0,60.0,6.0,35.0,6.0,23.0,4.0,4.0,25.0,5.0,1.0,5.0
10/01/2011,53.0,142.0,62.0,78.0,22.0,16.0,17.0,25.0,5.0,29.0,78.0,55.0,35.0,19.0,13.0,0.0,13.0,44.0,9.0,70.0,12.0,41.0,49.0,30.0,4.0,25.0,9.0,1.0
03/01/2011,39.0,53.0,40.0,61.0,43.0,22.0,17.0,17.0,25.0,67.0,29.0,54.0,41.0,33.0,17.0,6.0,29.0,34.0,14.0,13.0,15.0,73.0,17.0,2.0,30.0,4.0,5.0,9.0
27/12/2010,304.0,39.0,98.0,62.0,27.0,32.0,16.0,17.0,17.0,136.0,67.0,78.0,55.0,22.0,19.0,0.0,27.0,52.0,15.0,65.0,27.0,12.0,13.0,22.0,2.0,30.0,0.0,5.0
20/12/2010,300.0,304.0,110.0,40.0,67.0,27.0,22.0,17.0,17.0,68.0,136.0,29.0,54.0,35.0,33.0,2.0,13.0,53.0,19.0,125.0,34.0,48.0,10.0,5.0,22.0,2.0,5.0,0.0
13/12/2010,115.0,300.0,142.0,98.0,78.0,19.0,32.0,16.0,17.0,51.0,68.0,67.0,78.0,41.0,22.0,9.0,13.0,3.0,17.0,143.0,23.0,17.0,24.0,4.0,5.0,22.0,25.0,5.0
06/12/2010,176.0,115.0,53.0,110.0,61.0,14.0,27.0,22.0,16.0,56.0,51.0,136.0,29.0,55.0,35.0,13.0,36.0,44.0,60.0,75.0,30.0,74.0,10.0,49.0,4.0,5.0,4.0,25.0
29/11/2010,176.0,176.0,39.0,142.0,62.0,49.0,19.0,32.0,22.0,44.0,56.0,68.0,67.0,54.0,41.0,17.0,36.0,86.0,44.0,107.0,45.0,13.0,8.0,17.0,49.0,4.0,30.0,4.0
22/11/2010,157.0,176.0,304.0,53.0,40.0,13.0,14.0,27.0,32.0,73.0,44.0,51.0,136.0,78.0,55.0,19.0,22.0,35.0,34.0,102.0,15.0,74.0,23.0,13.0,17.0,49.0,2.0,30.0
15/11/2010,188.0,157.0,300.0,39.0,98.0,0.0,49.0,19.0,27.0,45.0,73.0,56.0,68.0,29.0,54.0,33.0,48.0,58.0,52.0,103.0,48.0,26.0,15.0,10.0,13.0,17.0,22.0,2.0
08/11/2010,128.0,188.0,115.0,304.0,110.0,57.0,13.0,14.0,19.0,79.0,45.0,44.0,51.0,67.0,78.0,22.0,30.0,65.0,53.0,142.0,41.0,86.0,13.0,24.0,10.0,13.0,5.0,22.0
01/11/2010,165.0,128.0,176.0,300.0,142.0,79.0,0.0,49.0,14.0,50.0,79.0,73.0,56.0,136.0,29.0,35.0,51.0,49.0,3.0,125.0,35.0,39.0,6.0,10.0,24.0,10.0,4.0,5.0
25/10/2010,129.0,165.0,176.0,115.0,53.0,31.0,57.0,13.0,49.0,68.0,50.0,45.0,44.0,68.0,67.0,41.0,49.0,43.0,44.0,124.0,70.0,88.0,55.0,8.0,10.0,24.0,49.0,4.0
18/10/2010,197.0,129.0,157.0,176.0,39.0,46.0,79.0,0.0,13.0,68.0,68.0,79.0,73.0,51.0,136.0,55.0,79.0,45.0,86.0,161.0,13.0,32.0,22.0,23.0,8.0,10.0,17.0,49.0
11/10/2010,129.0,197.0,188.0,176.0,304.0,70.0,31.0,57.0,0.0,85.0,68.0,50.0,45.0,56.0,68.0,54.0,52.0,59.0,35.0,173.0,65.0,162.0,17.0,15.0,23.0,8.0,13.0,17.0
04/10/2010,217.0,129.0,128.0,157.0,300.0,67.0,46.0,79.0,57.0,35.0,85.0,68.0,79.0,44.0,51.0,78.0,51.0,58.0,58.0,155.0,125.0,47.0,5.0,13.0,15.0,23.0,10.0,13.0
27/09/2010,109.0,217.0,165.0,188.0,115.0,77.0,70.0,31.0,79.0,124.0,35.0,68.0,50.0,73.0,56.0,29.0,49.0,38.0,65.0,168.0,143.0,62.0,5.0,6.0,13.0,15.0,24.0,10.0
20/09/2010,212.0,109.0,129.0,128.0,176.0,42.0,67.0,46.0,31.0,34.0,124.0,85.0,68.0,45.0,44.0,67.0,49.0,87.0,49.0,35.0,75.0,75.0,51.0,55.0,6.0,13.0,10.0,24.0
13/09/2010,265.0,212.0,197.0,165.0,176.0,65.0,77.0,70.0,46.0,129.0,34.0,35.0,68.0,79.0,73.0,136.0,95.0,34.0,43.0,120.0,107.0,44.0,14.0,22.0,55.0,6.0,8.0,10.0
06/09/2010,149.0,265.0,129.0,129.0,157.0,45.0,42.0,67.0,70.0,42.0,129.0,124.0,85.0,50.0,45.0,68.0,19.0,64.0,45.0,193.0,102.0,93.0,17.0,17.0,22.0,55.0,23.0,8.0
30/08/2010,143.0,149.0,217.0,197.0,188.0,87.0,65.0,77.0,67.0,90.0,42.0,34.0,35.0,68.0,79.0,51.0,53.0,40.0,59.0,159.0,103.0,33.0,25.0,5.0,17.0,22.0,15.0,23.0
23/08/2010,165.0,143.0,109.0,129.0,128.0,148.0,45.0,42.0,77.0,69.0,90.0,129.0,124.0,68.0,50.0,56.0,119.0,23.0,58.0,176.0,142.0,61.0,82.0,5.0,5.0,17.0,13.0,15.0
16/08/2010,198.0,165.0,212.0,217.0,165.0,199.0,87.0,65.0,42.0,48.0,69.0,42.0,34.0,85.0,68.0,44.0,53.0,69.0,38.0,117.0,125.0,27.0,9.0,51.0,5.0,5.0,6.0,13.0
09/08/2010,197.0,198.0,265.0,109.0,129.0,102.0,148.0,45.0,65.0,51.0,48.0,90.0,129.0,35.0,68.0,73.0,54.0,52.0,87.0,100.0,124.0,13.0,2.0,14.0,51.0,5.0,55.0,6.0
02/08/2010,211.0,197.0,149.0,212.0,197.0,111.0,199.0,87.0,45.0,53.0,51.0,69.0,42.0,124.0,85.0,45.0,69.0,30.0,34.0,138.0,161.0,43.0,43.0,17.0,14.0,51.0,22.0,55.0
26/07/2010,177.0,211.0,143.0,265.0,129.0,173.0,102.0,148.0,87.0,42.0,53.0,48.0,90.0,34.0,35.0,79.0,32.0,20.0,64.0,115.0,173.0,47.0,52.0,25.0,17.0,14.0,17.0,22.0
19/07/2010,168.0,177.0,165.0,149.0,217.0,52.0,111.0,199.0,148.0,57.0,42.0,51.0,69.0,129.0,124.0,50.0,38.0,21.0,40.0,105.0,155.0,38.0,5.0,82.0,25.0,17.0,5.0,17.0
12/07/2010,110.0,168.0,198.0,143.0,109.0,108.0,173.0,102.0,199.0,48.0,57.0,53.0,48.0,42.0,34.0,68.0,7.0,17.0,23.0,135.0,168.0,31.0,42.0,9.0,82.0,25.0,5.0,5.0
05/07/2010,65.0,110.0,197.0,165.0,212.0,146.0,52.0,111.0,102.0,52.0,48.0,42.0,51.0,90.0,129.0,68.0,86.0,16.0,69.0,182.0,35.0,16.0,13.0,2.0,9.0,82.0,51.0,5.0
28/06/2010,104.0,65.0,211.0,198.0,265.0,38.0,108.0,173.0,111.0,17.0,52.0,57.0,53.0,69.0,42.0,85.0,53.0,25.0,52.0,72.0,120.0,8.0,4.0,43.0,2.0,9.0,14.0,51.0
21/06/2010,85.0,104.0,177.0,197.0,149.0,93.0,146.0,52.0,173.0,11.0,17.0,48.0,42.0,48.0,90.0,35.0,46.0,25.0,30.0,72.0,193.0,16.0,51.0,52.0,43.0,2.0,17.0,14.0
14/06/2010,54.0,85.0,168.0,211.0,143.0,48.0,38.0,108.0,52.0,12.0,11.0,52.0,57.0,51.0,69.0,124.0,53.0,50.0,20.0,55.0,159.0,29.0,18.0,5.0,52.0,43.0,25.0,17.0
07/06/2010,18.0,54.0,110.0,177.0,165.0,115.0,93.0,146.0,108.0,7.0,12.0,17.0,48.0,53.0,48.0,34.0,36.0,21.0,21.0,41.0,176.0,5.0,1.0,42.0,5.0,52.0,82.0,25.0
31/05/2010,16.0,18.0,65.0,168.0,198.0,42.0,48.0,38.0,146.0,5.0,7.0,11.0,52.0,42.0,51.0,129.0,13.0,12.0,17.0,29.0,117.0,6.0,21.0,13.0,42.0,5.0,9.0,82.0
24/05/2010,14.0,16.0,104.0,110.0,197.0,62.0,115.0,93.0,38.0,0.0,5.0,12.0,17.0,57.0,53.0,42.0,21.0,22.0,16.0,32.0,100.0,1.0,4.0,4.0,13.0,42.0,2.0,9.0
17/05/2010,7.0,14.0,85.0,65.0,211.0,36.0,42.0,48.0,93.0,6.0,0.0,7.0,11.0,48.0,42.0,90.0,8.0,7.0,25.0,11.0,138.0,2.0,8.0,51.0,4.0,13.0,43.0,2.0
10/05/2010,27.0,7.0,54.0,104.0,177.0,62.0,62.0,115.0,48.0,1.0,6.0,5.0,12.0,52.0,57.0,69.0,9.0,2.0,25.0,1.0,115.0,0.0,1.0,18.0,51.0,4.0,52.0,43.0
03/05/2010,16.0,27.0,18.0,85.0,168.0,54.0,36.0,42.0,115.0,3.0,1.0,0.0,7.0,17.0,48.0,48.0,3.0,1.0,50.0,19.0,105.0,1.0,4.0,1.0,18.0,51.0,5.0,52.0
26/04/2010,11.0,16.0,16.0,54.0,110.0,34.0,62.0,62.0,42.0,0.0,3.0,6.0,5.0,11.0,52.0,51.0,4.0,2.0,21.0,6.0,135.0,2.0,2.0,21.0,1.0,18.0,42.0,5.0
19/04/2010,2.0,11.0,14.0,18.0,65.0,4.0,54.0,36.0,62.0,4.0,0.0,1.0,0.0,12.0,17.0,53.0,5.0,1.0,12.0,4.0,182.0,0.0,0.0,4.0,21.0,1.0,13.0,42.0
12/04/2010,4.0,2.0,7.0,16.0,104.0,4.0,34.0,62.0,36.0,5.0,4.0,3.0,6.0,7.0,11.0,42.0,1.0,0.0,22.0,13.0,72.0,4.0,1.0,8.0,4.0,21.0,4.0,13.0
05/04/2010,7.0,4.0,27.0,14.0,85.0,3.0,4.0,54.0,62.0,6.0,5.0,0.0,1.0,5.0,12.0,57.0,4.0,2.0,7.0,8.0,72.0,2.0,1.0,1.0,8.0,4.0,51.0,4.0
29/03/2010,15.0,7.0,16.0,7.0,54.0,3.0,4.0,34.0,54.0,9.0,6.0,4.0,3.0,0.0,7.0,48.0,1.0,3.0,2.0,5.0,55.0,8.0,2.0,4.0,1.0,8.0,18.0,51.0
22/03/2010,30.0,15.0,11.0,27.0,18.0,1.0,3.0,4.0,34.0,6.0,9.0,5.0,0.0,6.0,5.0,52.0,2.0,0.0,1.0,12.0,41.0,5.0,0.0,2.0,4.0,1.0,1.0,18.0
15/03/2010,31.0,30.0,2.0,16.0,16.0,6.0,3.0,4.0,4.0,6.0,6.0,6.0,4.0,1.0,0.0,17.0,0.0,9.0,2.0,20.0,29.0,4.0,0.0,0.0,2.0,4.0,21.0,1.0
08/03/2010,25.0,31.0,4.0,11.0,14.0,3.0,1.0,3.0,4.0,14.0,6.0,9.0,5.0,3.0,6.0,11.0,3.0,2.0,1.0,36.0,32.0,5.0,3.0,1.0,0.0,2.0,4.0,21.0
01/03/2010,50.0,25.0,7.0,2.0,7.0,1.0,6.0,3.0,3.0,8.0,14.0,6.0,6.0,0.0,1.0,12.0,0.0,1.0,0.0,30.0,11.0,9.0,15.0,1.0,1.0,0.0,8.0,4.0
22/02/2010,37.0,50.0,15.0,4.0,27.0,4.0,3.0,1.0,3.0,10.0,8.0,6.0,9.0,4.0,3.0,7.0,6.0,4.0,2.0,27.0,1.0,5.0,3.0,2.0,1.0,1.0,1.0,8.0
15/02/2010,59.0,37.0,30.0,7.0,16.0,15.0,1.0,6.0,1.0,16.0,10.0,14.0,6.0,5.0,0.0,5.0,12.0,2.0,3.0,30.0,19.0,8.0,31.0,0.0,2.0,1.0,4.0,1.0
08/02/2010,58.0,59.0,31.0,15.0,11.0,7.0,4.0,3.0,6.0,28.0,16.0,8.0,6.0,6.0,4.0,0.0,11.0,0.0,0.0,30.0,6.0,1.0,13.0,0.0,0.0,2.0,2.0,4.0
01/02/2010,42.0,58.0,25.0,30.0,2.0,33.0,15.0,1.0,3.0,40.0,28.0,10.0,14.0,9.0,5.0,6.0,16.0,1.0,9.0,46.0,4.0,2.0,25.0,3.0,0.0,0.0,0.0,2.0
25/01/2010,91.0,42.0,50.0,31.0,4.0,31.0,7.0,4.0,1.0,33.0,40.0,16.0,8.0,6.0,6.0,1.0,2.0,1.0,2.0,126.0,13.0,9.0,18.0,15.0,3.0,0.0,1.0,0.0
18/01/2010,86.0,91.0,37.0,25.0,7.0,11.0,33.0,15.0,4.0,28.0,33.0,28.0,10.0,6.0,9.0,3.0,43.0,1.0,1.0,96.0,8.0,10.0,27.0,3.0,15.0,3.0,1.0,1.0
11/01/2010,41.0,86.0,59.0,50.0,15.0,36.0,31.0,7.0,15.0,6.0,28.0,40.0,16.0,14.0,6.0,0.0,10.0,4.0,4.0,102.0,5.0,19.0,55.0,31.0,3.0,15.0,2.0,1.0
04/01/2010,47.0,41.0,58.0,37.0,30.0,10.0,11.0,33.0,7.0,18.0,6.0,33.0,28.0,8.0,6.0,4.0,26.0,12.0,2.0,55.0,12.0,20.0,24.0,13.0,31.0,3.0,0.0,2.0
28/12/2009,166.0,47.0,42.0,59.0,31.0,44.0,36.0,31.0,33.0,31.0,18.0,28.0,40.0,10.0,14.0,5.0,10.0,17.0,0.0,48.0,20.0,3.0,8.0,25.0,13.0,31.0,0.0,0.0
21/12/2009,113.0,166.0,91.0,58.0,25.0,21.0,10.0,11.0,31.0,21.0,31.0,6.0,33.0,16.0,8.0,6.0,8.0,9.0,1.0,88.0,36.0,16.0,11.0,18.0,25.0,13.0,3.0,0.0
14/12/2009,62.0,113.0,86.0,42.0,50.0,8.0,44.0,36.0,11.0,21.0,21.0,18.0,28.0,28.0,10.0,9.0,31.0,6.0,1.0,62.0,30.0,1.0,26.0,27.0,18.0,25.0,15.0,3.0
07/12/2009,82.0,62.0,41.0,91.0,37.0,21.0,21.0,10.0,36.0,38.0,21.0,31.0,6.0,40.0,16.0,6.0,30.0,4.0,1.0,81.0,27.0,14.0,12.0,55.0,27.0,18.0,3.0,15.0
30/11/2009,56.0,82.0,47.0,86.0,59.0,17.0,8.0,44.0,10.0,43.0,38.0,21.0,18.0,33.0,28.0,6.0,24.0,16.0,4.0,96.0,30.0,13.0,8.0,24.0,55.0,27.0,31.0,3.0
23/11/2009,46.0,56.0,166.0,41.0,58.0,4.0,21.0,21.0,44.0,31.0,43.0,21.0,31.0,28.0,40.0,14.0,18.0,14.0,12.0,99.0,30.0,14.0,15.0,8.0,24.0,55.0,13.0,31.0
16/11/2009,48.0,46.0,113.0,47.0,42.0,8.0,17.0,8.0,21.0,46.0,31.0,38.0,21.0,6.0,33.0,8.0,33.0,13.0,17.0,129.0,46.0,22.0,2.0,11.0,8.0,24.0,25.0,13.0
09/11/2009,124.0,48.0,62.0,166.0,91.0,53.0,4.0,21.0,8.0,62.0,46.0,43.0,21.0,18.0,28.0,10.0,40.0,23.0,9.0,104.0,126.0,3.0,7.0,26.0,11.0,8.0,18.0,25.0
02/11/2009,74.0,124.0,82.0,113.0,86.0,23.0,8.0,17.0,21.0,38.0,62.0,31.0,38.0,31.0,6.0,16.0,35.0,12.0,6.0,113.0,96.0,42.0,5.0,12.0,26.0,11.0,27.0,18.0
26/10/2009,116.0,74.0,56.0,62.0,41.0,29.0,53.0,4.0,17.0,95.0,38.0,46.0,43.0,21.0,18.0,28.0,47.0,38.0,4.0,128.0,102.0,44.0,2.0,8.0,12.0,26.0,55.0,27.0
19/10/2009,120.0,116.0,46.0,82.0,47.0,29.0,23.0,8.0,4.0,64.0,95.0,62.0,31.0,21.0,31.0,40.0,20.0,11.0,16.0,124.0,55.0,77.0,7.0,15.0,8.0,12.0,24.0,55.0
12/10/2009,101.0,120.0,48.0,56.0,166.0,4.0,29.0,53.0,8.0,72.0,64.0,38.0,46.0,38.0,21.0,33.0,41.0,20.0,14.0,137.0,48.0,89.0,5.0,2.0,15.0,8.0,8.0,24.0
05/10/2009,121.0,101.0,124.0,46.0,113.0,17.0,29.0,23.0,53.0,93.0,72.0,95.0,62.0,43.0,21.0,28.0,26.0,9.0,13.0,190.0,88.0,2.0,4.0,7.0,2.0,15.0,11.0,8.0
28/09/2009,160.0,121.0,74.0,48.0,62.0,24.0,4.0,29.0,23.0,75.0,93.0,64.0,38.0,31.0,38.0,6.0,28.0,13.0,23.0,148.0,62.0,34.0,2.0,5.0,7.0,2.0,26.0,11.0
21/09/2009,199.0,160.0,116.0,124.0,82.0,32.0,17.0,29.0,29.0,78.0,75.0,72.0,95.0,46.0,43.0,18.0,25.0,11.0,12.0,143.0,81.0,30.0,16.0,2.0,5.0,7.0,12.0,26.0
14/09/2009,147.0,199.0,120.0,74.0,56.0,12.0,24.0,4.0,29.0,84.0,78.0,93.0,64.0,62.0,31.0,31.0,24.0,29.0,38.0,272.0,96.0,22.0,6.0,7.0,2.0,5.0,8.0,12.0
07/09/2009,130.0,147.0,101.0,116.0,46.0,17.0,32.0,17.0,4.0,70.0,84.0,75.0,72.0,38.0,46.0,21.0,15.0,26.0,11.0,214.0,99.0,39.0,25.0,5.0,7.0,2.0,15.0,8.0
31/08/2009,175.0,130.0,121.0,120.0,48.0,52.0,12.0,24.0,17.0,81.0,70.0,78.0,93.0,95.0,62.0,21.0,17.0,11.0,20.0,191.0,129.0,63.0,13.0,4.0,5.0,7.0,2.0,15.0
24/08/2009,156.0,175.0,160.0,101.0,124.0,41.0,17.0,32.0,24.0,59.0,81.0,84.0,75.0,64.0,38.0,38.0,12.0,26.0,9.0,243.0,104.0,22.0,15.0,2.0,4.0,5.0,7.0,2.0
17/08/2009,185.0,156.0,199.0,121.0,74.0,55.0,52.0,12.0,32.0,85.0,59.0,70.0,78.0,72.0,95.0,43.0,5.0,16.0,13.0,151.0,113.0,32.0,20.0,16.0,2.0,4.0,5.0,7.0
10/08/2009,123.0,185.0,147.0,160.0,116.0,11.0,41.0,17.0,12.0,59.0,85.0,81.0,84.0,93.0,64.0,31.0,42.0,19.0,11.0,216.0,128.0,12.0,14.0,6.0,16.0,2.0,2.0,5.0
03/08/2009,151.0,123.0,130.0,199.0,120.0,61.0,55.0,52.0,17.0,97.0,59.0,59.0,70.0,75.0,72.0,46.0,11.0,37.0,29.0,145.0,124.0,3.0,11.0,25.0,6.0,16.0,7.0,2.0
27/07/2009,150.0,151.0,175.0,147.0,101.0,39.0,11.0,41.0,52.0,70.0,97.0,85.0,81.0,78.0,93.0,62.0,42.0,20.0,26.0,221.0,137.0,3.0,30.0,13.0,25.0,6.0,5.0,7.0
20/07/2009,169.0,150.0,156.0,130.0,121.0,19.0,61.0,55.0,41.0,104.0,70.0,59.0,59.0,84.0,75.0,38.0,18.0,20.0,11.0,205.0,190.0,8.0,31.0,15.0,13.0,25.0,4.0,5.0
13/07/2009,154.0,169.0,185.0,175.0,160.0,28.0,39.0,11.0,55.0,42.0,104.0,97.0,85.0,70.0,78.0,95.0,35.0,26.0,26.0,168.0,148.0,3.0,13.0,20.0,15.0,13.0,2.0,4.0
06/07/2009,68.0,154.0,123.0,156.0,199.0,58.0,19.0,61.0,11.0,35.0,42.0,70.0,59.0,81.0,84.0,64.0,28.0,41.0,16.0,253.0,143.0,9.0,26.0,14.0,20.0,15.0,16.0,2.0
29/06/2009,93.0,68.0,151.0,185.0,147.0,17.0,28.0,39.0,61.0,54.0,35.0,104.0,97.0,59.0,70.0,72.0,24.0,17.0,19.0,97.0,272.0,61.0,50.0,11.0,14.0,20.0,6.0,16.0
22/06/2009,74.0,93.0,150.0,123.0,130.0,2.0,58.0,19.0,39.0,48.0,54.0,42.0,70.0,85.0,81.0,93.0,50.0,21.0,37.0,70.0,214.0,8.0,11.0,30.0,11.0,14.0,25.0,6.0
15/06/2009,56.0,74.0,169.0,151.0,175.0,49.0,17.0,28.0,19.0,24.0,48.0,35.0,104.0,59.0,59.0,75.0,7.0,8.0,20.0,56.0,191.0,40.0,24.0,31.0,30.0,11.0,13.0,25.0
08/06/2009,35.0,56.0,154.0,150.0,156.0,36.0,2.0,58.0,28.0,21.0,24.0,54.0,42.0,97.0,85.0,78.0,20.0,15.0,20.0,37.0,243.0,10.0,6.0,13.0,31.0,30.0,15.0,13.0
01/06/2009,24.0,35.0,68.0,169.0,185.0,33.0,49.0,17.0,58.0,10.0,21.0,48.0,35.0,70.0,59.0,84.0,12.0,8.0,26.0,26.0,151.0,9.0,9.0,26.0,13.0,31.0,20.0,15.0
25/05/2009,11.0,24.0,93.0,154.0,123.0,32.0,36.0,2.0,17.0,5.0,10.0,24.0,54.0,104.0,97.0,70.0,1.0,3.0,41.0,7.0,216.0,9.0,5.0,50.0,26.0,13.0,14.0,20.0
18/05/2009,35.0,11.0,74.0,68.0,151.0,29.0,33.0,49.0,2.0,1.0,5.0,21.0,48.0,42.0,70.0,81.0,4.0,4.0,17.0,8.0,145.0,1.0,6.0,11.0,50.0,26.0,11.0,14.0
11/05/2009,11.0,35.0,56.0,93.0,150.0,13.0,32.0,36.0,49.0,0.0,1.0,10.0,24.0,35.0,104.0,59.0,0.0,2.0,21.0,4.0,221.0,1.0,3.0,24.0,11.0,50.0,30.0,11.0
04/05/2009,22.0,11.0,35.0,74.0,169.0,11.0,29.0,33.0,36.0,1.0,0.0,5.0,21.0,54.0,42.0,85.0,0.0,3.0,8.0,1.0,205.0,0.0,4.0,6.0,24.0,11.0,31.0,30.0
27/04/2009,8.0,22.0,24.0,56.0,154.0,3.0,13.0,32.0,33.0,0.0,1.0,1.0,10.0,48.0,35.0,59.0,1.0,7.0,15.0,8.0,168.0,1.0,6.0,9.0,6.0,24.0,13.0,31.0
20/04/2009,5.0,8.0,11.0,35.0,68.0,16.0,11.0,29.0,32.0,0.0,0.0,0.0,5.0,24.0,54.0,97.0,2.0,1.0,8.0,6.0,253.0,1.0,3.0,5.0,9.0,6.0,26.0,13.0
13/04/2009,23.0,5.0,35.0,24.0,93.0,6.0,3.0,13.0,29.0,2.0,0.0,1.0,1.0,21.0,48.0,70.0,0.0,1.0,3.0,3.0,97.0,0.0,4.0,6.0,5.0,9.0,50.0,26.0
06/04/2009,27.0,23.0,11.0,11.0,74.0,4.0,16.0,11.0,13.0,2.0,2.0,0.0,0.0,10.0,24.0,104.0,0.0,2.0,4.0,12.0,70.0,4.0,0.0,3.0,6.0,5.0,11.0,50.0
30/03/2009,33.0,27.0,22.0,35.0,56.0,15.0,6.0,3.0,11.0,1.0,2.0,0.0,1.0,5.0,21.0,42.0,2.0,2.0,2.0,18.0,56.0,2.0,18.0,4.0,3.0,6.0,24.0,11.0
23/03/2009,74.0,33.0,8.0,11.0,35.0,0.0,4.0,16.0,3.0,2.0,1.0,2.0,0.0,1.0,10.0,35.0,1.0,2.0,3.0,46.0,37.0,0.0,1.0,6.0,4.0,3.0,6.0,24.0
16/03/2009,57.0,74.0,5.0,22.0,24.0,1.0,15.0,6.0,16.0,4.0,2.0,2.0,0.0,0.0,5.0,54.0,2.0,1.0,7.0,36.0,26.0,1.0,24.0,3.0,6.0,4.0,9.0,6.0
09/03/2009,95.0,57.0,23.0,8.0,11.0,0.0,0.0,4.0,6.0,0.0,4.0,1.0,2.0,1.0,1.0,48.0,8.0,0.0,1.0,36.0,7.0,12.0,11.0,4.0,3.0,6.0,5.0,9.0
02/03/2009,73.0,95.0,27.0,5.0,35.0,2.0,1.0,15.0,4.0,3.0,0.0,2.0,2.0,0.0,0.0,24.0,10.0,2.0,1.0,56.0,8.0,9.0,35.0,0.0,4.0,3.0,6.0,5.0
23/02/2009,171.0,73.0,33.0,23.0,11.0,1.0,0.0,0.0,15.0,3.0,3.0,4.0,1.0,0.0,1.0,21.0,3.0,3.0,2.0,58.0,4.0,5.0,60.0,18.0,0.0,4.0,3.0,6.0
16/02/2009,206.0,171.0,74.0,27.0,22.0,8.0,2.0,1.0,0.0,5.0,3.0,0.0,2.0,2.0,0.0,10.0,2.0,9.0,2.0,108.0,1.0,3.0,29.0,1.0,18.0,0.0,4.0,3.0
09/02/2009,144.0,206.0,57.0,33.0,8.0,4.0,1.0,0.0,1.0,8.0,5.0,3.0,4.0,2.0,0.0,5.0,20.0,1.0,2.0,75.0,8.0,6.0,33.0,24.0,1.0,18.0,6.0,4.0
02/02/2009,155.0,144.0,95.0,74.0,5.0,10.0,8.0,2.0,0.0,4.0,8.0,3.0,0.0,1.0,2.0,1.0,26.0,8.0,1.0,118.0,6.0,6.0,75.0,11.0,24.0,1.0,3.0,6.0
26/01/2009,191.0,155.0,73.0,57.0,23.0,5.0,4.0,1.0,2.0,17.0,4.0,5.0,3.0,2.0,2.0,0.0,12.0,22.0,0.0,85.0,3.0,2.0,31.0,35.0,11.0,24.0,4.0,3.0
19/01/2009,125.0,191.0,171.0,95.0,27.0,8.0,10.0,8.0,1.0,26.0,17.0,8.0,3.0,4.0,1.0,1.0,32.0,5.0,2.0,115.0,12.0,26.0,22.0,60.0,35.0,11.0,0.0,4.0
12/01/2009,157.0,125.0,206.0,73.0,33.0,8.0,5.0,4.0,8.0,8.0,26.0,4.0,5.0,0.0,2.0,0.0,10.0,13.0,3.0,114.0,18.0,15.0,49.0,29.0,60.0,35.0,18.0,0.0
05/01/2009,121.0,157.0,144.0,171.0,74.0,20.0,8.0,10.0,4.0,20.0,8.0,17.0,8.0,3.0,4.0,0.0,18.0,12.0,9.0,74.0,46.0,28.0,35.0,33.0,29.0,60.0,1.0,18.0
29/12/2008,59.0,121.0,155.0,206.0,57.0,3.0,8.0,5.0,10.0,38.0,20.0,26.0,4.0,3.0,0.0,2.0,13.0,16.0,1.0,93.0,36.0,18.0,58.0,75.0,33.0,29.0,24.0,1.0
22/12/2008,333.0,59.0,191.0,144.0,95.0,31.0,20.0,8.0,5.0,52.0,38.0,8.0,17.0,5.0,3.0,2.0,10.0,17.0,8.0,155.0,36.0,42.0,71.0,31.0,75.0,33.0,11.0,24.0
15/12/2008,145.0,333.0,125.0,155.0,73.0,37.0,3.0,8.0,8.0,27.0,52.0,20.0,26.0,8.0,3.0,1.0,10.0,11.0,22.0,240.0,56.0,17.0,16.0,22.0,31.0,75.0,35.0,11.0
08/12/2008,208.0,145.0,157.0,191.0,171.0,26.0,31.0,20.0,8.0,86.0,27.0,38.0,8.0,4.0,5.0,2.0,7.0,8.0,5.0,86.0,58.0,14.0,86.0,49.0,22.0,31.0,60.0,35.0
01/12/2008,174.0,208.0,121.0,125.0,206.0,44.0,37.0,3.0,20.0,57.0,86.0,52.0,20.0,17.0,8.0,4.0,22.0,29.0,13.0,93.0,108.0,67.0,56.0,35.0,49.0,22.0,29.0,60.0
24/11/2008,128.0,174.0,59.0,157.0,144.0,28.0,26.0,31.0,3.0,76.0,57.0,27.0,38.0,26.0,4.0,0.0,5.0,13.0,12.0,108.0,75.0,52.0,41.0,58.0,35.0,49.0,33.0,29.0
17/11/2008,190.0,128.0,333.0,121.0,155.0,13.0,44.0,37.0,31.0,42.0,76.0,86.0,52.0,8.0,17.0,3.0,6.0,19.0,16.0,145.0,118.0,40.0,43.0,71.0,58.0,35.0,75.0,33.0
10/11/2008,228.0,190.0,145.0,59.0,191.0,16.0,28.0,26.0,37.0,67.0,42.0,57.0,27.0,20.0,26.0,3.0,17.0,9.0,17.0,77.0,85.0,62.0,21.0,16.0,71.0,58.0,31.0,75.0
03/11/2008,149.0,228.0,208.0,333.0,125.0,72.0,13.0,44.0,26.0,41.0,67.0,76.0,86.0,38.0,8.0,5.0,8.0,11.0,11.0,189.0,115.0,38.0,46.0,86.0,16.0,71.0,22.0,31.0
27/10/2008,181.0,149.0,174.0,145.0,157.0,24.0,16.0,28.0,44.0,63.0,41.0,42.0,57.0,52.0,20.0,8.0,41.0,18.0,8.0,142.0,114.0,102.0,35.0,56.0,86.0,16.0,49.0,22.0
20/10/2008,131.0,181.0,128.0,208.0,121.0,65.0,72.0,13.0,28.0,51.0,63.0,67.0,76.0,27.0,38.0,4.0,22.0,5.0,29.0,140.0,74.0,48.0,46.0,41.0,56.0,86.0,35.0,49.0
13/10/2008,227.0,131.0,190.0,174.0,59.0,24.0,24.0,16.0,13.0,48.0,51.0,41.0,42.0,86.0,52.0,17.0,30.0,14.0,13.0,120.0,93.0,125.0,35.0,43.0,41.0,56.0,58.0,35.0
06/10/2008,158.0,227.0,228.0,128.0,333.0,42.0,65.0,72.0,16.0,38.0,48.0,63.0,67.0,57.0,27.0,26.0,38.0,4.0,19.0,312.0,155.0,56.0,42.0,21.0,43.0,41.0,71.0,58.0
29/09/2008,168.0,158.0,149.0,190.0,145.0,58.0,24.0,24.0,72.0,60.0,38.0,51.0,41.0,76.0,86.0,8.0,25.0,6.0,9.0,199.0,240.0,184.0,43.0,46.0,21.0,43.0,16.0,71.0
22/09/2008,181.0,168.0,181.0,228.0,208.0,72.0,42.0,65.0,24.0,55.0,60.0,48.0,63.0,42.0,57.0,20.0,82.0,6.0,11.0,143.0,86.0,97.0,49.0,35.0,46.0,21.0,86.0,16.0
15/09/2008,138.0,181.0,131.0,149.0,174.0,53.0,58.0,24.0,65.0,60.0,55.0,38.0,51.0,67.0,76.0,38.0,57.0,29.0,18.0,145.0,93.0,66.0,41.0,46.0,35.0,46.0,56.0,86.0
08/09/2008,129.0,138.0,227.0,181.0,128.0,10.0,72.0,42.0,24.0,50.0,60.0,60.0,48.0,41.0,42.0,52.0,63.0,2.0,5.0,106.0,108.0,88.0,54.0,35.0,46.0,35.0,41.0,56.0
01/09/2008,161.0,129.0,158.0,131.0,190.0,36.0,53.0,58.0,42.0,51.0,50.0,55.0,38.0,63.0,67.0,27.0,57.0,7.0,14.0,195.0,145.0,40.0,22.0,42.0,35.0,46.0,43.0,41.0
25/08/2008,121.0,161.0,168.0,227.0,228.0,22.0,10.0,72.0,58.0,60.0,51.0,60.0,60.0,51.0,41.0,86.0,30.0,10.0,4.0,149.0,77.0,33.0,18.0,43.0,42.0,35.0,21.0,43.0
18/08/2008,128.0,121.0,181.0,158.0,149.0,150.0,36.0,53.0,72.0,52.0,60.0,50.0,55.0,48.0,63.0,57.0,38.0,2.0,6.0,172.0,189.0,167.0,65.0,49.0,43.0,42.0,46.0,21.0
11/08/2008,150.0,128.0,138.0,168.0,181.0,133.0,22.0,10.0,53.0,50.0,52.0,51.0,60.0,38.0,51.0,76.0,47.0,3.0,6.0,152.0,142.0,128.0,32.0,41.0,49.0,43.0,35.0,46.0
04/08/2008,146.0,150.0,129.0,181.0,131.0,78.0,150.0,36.0,10.0,34.0,50.0,60.0,50.0,60.0,48.0,42.0,90.0,2.0,29.0,152.0,140.0,100.0,40.0,54.0,41.0,49.0,46.0,35.0
28/07/2008,115.0,146.0,161.0,138.0,227.0,14.0,133.0,22.0,36.0,25.0,34.0,52.0,51.0,55.0,38.0,67.0,60.0,9.0,2.0,141.0,120.0,72.0,44.0,22.0,54.0,41.0,35.0,46.0
21/07/2008,120.0,115.0,121.0,129.0,158.0,25.0,78.0,150.0,22.0,19.0,25.0,50.0,60.0,60.0,60.0,41.0,95.0,35.0,7.0,93.0,312.0,54.0,45.0,18.0,22.0,54.0,42.0,35.0
14/07/2008,140.0,120.0,128.0,161.0,168.0,54.0,14.0,133.0,150.0,23.0,19.0,34.0,52.0,50.0,55.0,63.0,120.0,3.0,10.0,68.0,199.0,52.0,26.0,65.0,18.0,22.0,43.0,42.0
07/07/2008,73.0,140.0,150.0,121.0,181.0,71.0,25.0,78.0,133.0,21.0,23.0,25.0,50.0,51.0,60.0,51.0,97.0,44.0,2.0,95.0,143.0,48.0,19.0,32.0,65.0,18.0,49.0,43.0
30/06/2008,91.0,73.0,146.0,128.0,138.0,95.0,54.0,14.0,78.0,28.0,21.0,19.0,34.0,60.0,50.0,48.0,82.0,27.0,3.0,61.0,145.0,40.0,28.0,40.0,32.0,65.0,41.0,49.0
23/06/2008,71.0,91.0,115.0,150.0,129.0,74.0,71.0,25.0,14.0,23.0,28.0,23.0,25.0,52.0,51.0,38.0,57.0,20.0,2.0,103.0,106.0,19.0,37.0,44.0,40.0,32.0,54.0,41.0
16/06/2008,61.0,71.0,120.0,146.0,161.0,39.0,95.0,54.0,25.0,14.0,23.0,21.0,19.0,50.0,60.0,60.0,37.0,4.0,9.0,65.0,195.0,67.0,6.0,45.0,44.0,40.0,22.0,54.0
09/06/2008,19.0,61.0,140.0,115.0,121.0,48.0,74.0,71.0,54.0,4.0,14.0,28.0,23.0,34.0,52.0,55.0,39.0,12.0,35.0,16.0,149.0,11.0,15.0,26.0,45.0,44.0,18.0,22.0
02/06/2008,16.0,19.0,73.0,120.0,128.0,52.0,39.0,95.0,71.0,6.0,4.0,23.0,21.0,25.0,50.0,60.0,21.0,3.0,3.0,21.0,172.0,4.0,9.0,19.0,26.0,45.0,65.0,18.0
26/05/2008,11.0,16.0,91.0,140.0,150.0,24.0,48.0,74.0,95.0,4.0,6.0,14.0,28.0,19.0,34.0,50.0,43.0,5.0,44.0,6.0,152.0,5.0,15.0,28.0,19.0,26.0,32.0,65.0
19/05/2008,17.0,11.0,71.0,73.0,146.0,95.0,52.0,39.0,74.0,3.0,4.0,4.0,23.0,23.0,25.0,51.0,24.0,4.0,27.0,11.0,152.0,4.0,5.0,37.0,28.0,19.0,40.0,32.0
12/05/2008,14.0,17.0,61.0,91.0,115.0,27.0,24.0,48.0,39.0,3.0,3.0,6.0,14.0,21.0,19.0,60.0,12.0,3.0,20.0,6.0,141.0,3.0,2.0,6.0,37.0,28.0,44.0,40.0
05/05/2008,13.0,14.0,19.0,71.0,120.0,17.0,95.0,52.0,48.0,3.0,3.0,4.0,4.0,28.0,23.0,52.0,21.0,2.0,4.0,7.0,93.0,2.0,0.0,15.0,6.0,37.0,45.0,44.0
28/04/2008,22.0,13.0,16.0,61.0,140.0,8.0,27.0,24.0,52.0,4.0,3.0,3.0,6.0,23.0,21.0,50.0,8.0,2.0,12.0,3.0,68.0,9.0,1.0,9.0,15.0,6.0,26.0,45.0
21/04/2008,42.0,22.0,11.0,19.0,73.0,1.0,17.0,95.0,24.0,1.0,4.0,3.0,4.0,14.0,28.0,34.0,6.0,5.0,3.0,4.0,95.0,1.0,4.0,15.0,9.0,15.0,19.0,26.0
14/04/2008,4.0,42.0,17.0,16.0,91.0,4.0,8.0,27.0,95.0,3.0,1.0,3.0,3.0,4.0,23.0,25.0,6.0,1.0,5.0,6.0,61.0,0.0,1.0,5.0,15.0,9.0,28.0,19.0
07/04/2008,18.0,4.0,14.0,11.0,71.0,28.0,1.0,17.0,27.0,1.0,3.0,4.0,3.0,6.0,14.0,19.0,2.0,0.0,4.0,6.0,103.0,3.0,0.0,2.0,5.0,15.0,37.0,28.0
31/03/2008,6.0,18.0,13.0,17.0,61.0,13.0,4.0,8.0,17.0,13.0,1.0,1.0,3.0,4.0,4.0,23.0,4.0,9.0,3.0,10.0,65.0,6.0,6.0,0.0,2.0,5.0,6.0,37.0
24/03/2008,10.0,6.0,22.0,14.0,19.0,23.0,28.0,1.0,8.0,12.0,13.0,3.0,4.0,3.0,6.0,21.0,5.0,1.0,2.0,11.0,16.0,7.0,4.0,1.0,0.0,2.0,15.0,6.0
17/03/2008,60.0,10.0,42.0,13.0,16.0,2.0,13.0,4.0,1.0,18.0,12.0,1.0,1.0,3.0,4.0,28.0,8.0,10.0,2.0,15.0,21.0,2.0,0.0,4.0,1.0,0.0,9.0,15.0
10/03/2008,103.0,60.0,4.0,22.0,11.0,1.0,23.0,28.0,4.0,22.0,18.0,13.0,3.0,3.0,3.0,23.0,9.0,2.0,5.0,29.0,6.0,9.0,0.0,1.0,4.0,1.0,15.0,9.0
03/03/2008,31.0,103.0,18.0,42.0,17.0,2.0,2.0,13.0,28.0,24.0,22.0,12.0,1.0,4.0,3.0,14.0,6.0,16.0,1.0,17.0,11.0,19.0,5.0,0.0,1.0,4.0,5.0,15.0
25/02/2008,103.0,31.0,6.0,4.0,14.0,3.0,1.0,23.0,13.0,22.0,24.0,18.0,13.0,1.0,3.0,4.0,19.0,10.0,0.0,12.0,6.0,16.0,4.0,6.0,0.0,1.0,2.0,5.0
18/02/2008,44.0,103.0,10.0,18.0,13.0,4.0,2.0,2.0,23.0,68.0,22.0,22.0,12.0,3.0,4.0,6.0,7.0,3.0,9.0,17.0,7.0,3.0,7.0,4.0,6.0,0.0,0.0,2.0
11/02/2008,91.0,44.0,60.0,6.0,22.0,32.0,3.0,1.0,2.0,36.0,68.0,24.0,18.0,1.0,1.0,4.0,42.0,25.0,1.0,33.0,3.0,16.0,4.0,0.0,4.0,6.0,1.0,0.0
04/02/2008,83.0,91.0,103.0,10.0,42.0,2.0,4.0,2.0,1.0,44.0,36.0,22.0,22.0,13.0,3.0,3.0,7.0,3.0,10.0,71.0,4.0,26.0,0.0,0.0,0.0,4.0,4.0,1.0
28/01/2008,111.0,83.0,31.0,60.0,4.0,16.0,32.0,3.0,2.0,31.0,44.0,68.0,24.0,12.0,1.0,3.0,15.0,25.0,2.0,64.0,6.0,2.0,6.0,5.0,0.0,0.0,1.0,4.0
21/01/2008,91.0,111.0,103.0,103.0,18.0,71.0,2.0,4.0,3.0,50.0,31.0,36.0,22.0,18.0,13.0,3.0,37.0,32.0,16.0,66.0,6.0,19.0,12.0,4.0,5.0,0.0,0.0,1.0
14/01/2008,163.0,91.0,44.0,31.0,6.0,8.0,16.0,32.0,4.0,27.0,50.0,44.0,68.0,22.0,12.0,4.0,47.0,16.0,10.0,100.0,10.0,83.0,33.0,7.0,4.0,5.0,6.0,0.0
07/01/2008,28.0,163.0,91.0,103.0,10.0,71.0,71.0,2.0,32.0,27.0,27.0,31.0,36.0,24.0,18.0,1.0,33.0,24.0,3.0,92.0,11.0,41.0,12.0,4.0,7.0,4.0,4.0,6.0
31/12/2007,106.0,28.0,83.0,44.0,60.0,88.0,8.0,16.0,2.0,73.0,27.0,50.0,44.0,22.0,22.0,3.0,29.0,35.0,25.0,53.0,15.0,36.0,69.0,0.0,4.0,7.0,0.0,4.0
24/12/2007,291.0,106.0,111.0,91.0,103.0,50.0,71.0,71.0,16.0,64.0,73.0,27.0,31.0,68.0,24.0,1.0,58.0,58.0,3.0,179.0,29.0,16.0,46.0,6.0,0.0,4.0,0.0,0.0
17/12/2007,185.0,291.0,91.0,83.0,31.0,24.0,88.0,8.0,71.0,124.0,64.0,27.0,50.0,36.0,22.0,13.0,37.0,43.0,25.0,118.0,17.0,12.0,29.0,12.0,6.0,0.0,5.0,0.0
10/12/2007,197.0,185.0,163.0,111.0,103.0,5.0,50.0,71.0,8.0,75.0,124.0,73.0,27.0,44.0,68.0,12.0,87.0,62.0,32.0,184.0,12.0,13.0,23.0,33.0,12.0,6.0,4.0,5.0
03/12/2007,147.0,197.0,28.0,91.0,44.0,15.0,24.0,88.0,71.0,38.0,75.0,64.0,27.0,31.0,36.0,18.0,66.0,45.0,16.0,114.0,17.0,20.0,3.0,12.0,33.0,12.0,7.0,4.0
26/11/2007,192.0,147.0,106.0,163.0,91.0,7.0,5.0,50.0,88.0,69.0,38.0,124.0,73.0,50.0,44.0,22.0,43.0,38.0,24.0,96.0,33.0,21.0,36.0,69.0,12.0,33.0,4.0,7.0
19/11/2007,190.0,192.0,291.0,28.0,83.0,27.0,15.0,24.0,50.0,53.0,69.0,75.0,64.0,27.0,31.0,24.0,41.0,45.0,35.0,144.0,71.0,15.0,12.0,46.0,69.0,12.0,0.0,4.0
12/11/2007,147.0,190.0,185.0,106.0,111.0,20.0,7.0,5.0,24.0,68.0,53.0,38.0,124.0,27.0,50.0,22.0,23.0,88.0,58.0,100.0,64.0,11.0,216.0,29.0,46.0,69.0,6.0,0.0
05/11/2007,131.0,147.0,197.0,291.0,91.0,20.0,27.0,15.0,5.0,44.0,68.0,69.0,75.0,73.0,27.0,68.0,43.0,30.0,43.0,170.0,66.0,15.0,12.0,23.0,29.0,46.0,12.0,6.0
29/10/2007,149.0,131.0,147.0,185.0,163.0,2.0,20.0,7.0,15.0,68.0,44.0,53.0,38.0,64.0,27.0,36.0,104.0,76.0,62.0,98.0,100.0,23.0,22.0,3.0,23.0,29.0,33.0,12.0
22/10/2007,99.0,149.0,192.0,197.0,28.0,157.0,20.0,27.0,7.0,63.0,68.0,68.0,69.0,124.0,73.0,44.0,66.0,30.0,45.0,98.0,92.0,3.0,15.0,36.0,3.0,23.0,12.0,33.0
15/10/2007,233.0,99.0,190.0,147.0,106.0,53.0,2.0,20.0,27.0,69.0,63.0,44.0,53.0,75.0,64.0,31.0,50.0,52.0,38.0,98.0,53.0,16.0,24.0,12.0,36.0,3.0,69.0,12.0
08/10/2007,146.0,233.0,147.0,192.0,291.0,37.0,157.0,20.0,20.0,86.0,69.0,68.0,68.0,38.0,124.0,50.0,27.0,65.0,45.0,86.0,179.0,0.0,23.0,216.0,12.0,36.0,46.0,69.0
01/10/2007,182.0,146.0,131.0,190.0,185.0,41.0,53.0,2.0,20.0,46.0,86.0,63.0,44.0,69.0,75.0,27.0,23.0,41.0,88.0,89.0,118.0,31.0,28.0,12.0,216.0,12.0,29.0,46.0
24/09/2007,68.0,182.0,149.0,147.0,197.0,29.0,37.0,157.0,2.0,140.0,46.0,69.0,68.0,53.0,38.0,27.0,87.0,15.0,30.0,77.0,184.0,47.0,7.0,22.0,12.0,216.0,23.0,29.0
17/09/2007,180.0,68.0,99.0,131.0,147.0,42.0,41.0,53.0,157.0,76.0,140.0,86.0,63.0,68.0,69.0,73.0,39.0,76.0,76.0,91.0,114.0,7.0,8.0,15.0,22.0,12.0,3.0,23.0
10/09/2007,142.0,180.0,233.0,149.0,192.0,17.0,29.0,37.0,53.0,48.0,76.0,46.0,69.0,44.0,53.0,64.0,55.0,22.0,30.0,107.0,96.0,27.0,26.0,24.0,15.0,22.0,36.0,3.0
03/09/2007,80.0,142.0,146.0,99.0,190.0,9.0,42.0,41.0,37.0,68.0,48.0,140.0,86.0,68.0,68.0,124.0,25.0,27.0,52.0,86.0,144.0,67.0,21.0,23.0,24.0,15.0,12.0,36.0
27/08/2007,194.0,80.0,182.0,233.0,147.0,74.0,17.0,29.0,41.0,81.0,68.0,76.0,46.0,63.0,44.0,75.0,76.0,22.0,65.0,32.0,100.0,45.0,41.0,28.0,23.0,24.0,216.0,12.0
20/08/2007,286.0,194.0,68.0,146.0,131.0,40.0,9.0,42.0,29.0,79.0,81.0,48.0,140.0,69.0,68.0,38.0,71.0,20.0,41.0,70.0,170.0,7.0,2.0,7.0,28.0,23.0,12.0,216.0
13/08/2007,129.0,286.0,180.0,182.0,149.0,81.0,74.0,17.0,42.0,102.0,79.0,68.0,76.0,86.0,63.0,69.0,17.0,21.0,15.0,131.0,98.0,74.0,39.0,8.0,7.0,28.0,22.0,12.0
06/08/2007,93.0,129.0,142.0,68.0,99.0,48.0,40.0,9.0,17.0,82.0,102.0,81.0,48.0,46.0,69.0,53.0,19.0,2.0,76.0,104.0,98.0,41.0,12.0,26.0,8.0,7.0,15.0,22.0
30/07/2007,199.0,93.0,80.0,180.0,233.0,39.0,81.0,74.0,9.0,84.0,82.0,79.0,68.0,140.0,86.0,68.0,32.0,37.0,22.0,131.0,98.0,23.0,13.0,21.0,26.0,8.0,24.0,15.0
23/07/2007,120.0,199.0,194.0,142.0,146.0,41.0,48.0,40.0,74.0,65.0,84.0,102.0,81.0,76.0,46.0,44.0,44.0,14.0,27.0,93.0,86.0,36.0,10.0,41.0,21.0,26.0,23.0,24.0
16/07/2007,151.0,120.0,286.0,80.0,182.0,3.0,39.0,81.0,40.0,68.0,65.0,82.0,79.0,48.0,140.0,68.0,12.0,22.0,22.0,140.0,89.0,48.0,4.0,2.0,41.0,21.0,28.0,23.0
09/07/2007,88.0,151.0,129.0,194.0,68.0,40.0,41.0,48.0,81.0,64.0,68.0,84.0,102.0,68.0,76.0,63.0,19.0,14.0,20.0,113.0,77.0,15.0,20.0,39.0,2.0,41.0,7.0,28.0
02/07/2007,87.0,88.0,93.0,286.0,180.0,34.0,3.0,39.0,48.0,45.0,64.0,65.0,82.0,81.0,48.0,69.0,52.0,20.0,21.0,38.0,91.0,13.0,6.0,12.0,39.0,2.0,8.0,7.0
25/06/2007,67.0,87.0,199.0,129.0,142.0,18.0,40.0,41.0,39.0,34.0,45.0,68.0,84.0,79.0,68.0,86.0,54.0,36.0,2.0,107.0,107.0,56.0,10.0,13.0,12.0,39.0,26.0,8.0
18/06/2007,52.0,67.0,120.0,93.0,80.0,9.0,34.0,3.0,41.0,16.0,34.0,64.0,65.0,102.0,81.0,46.0,22.0,8.0,37.0,113.0,86.0,4.0,2.0,10.0,13.0,12.0,21.0,26.0
11/06/2007,65.0,52.0,151.0,199.0,194.0,22.0,18.0,40.0,3.0,6.0,16.0,45.0,68.0,82.0,79.0,140.0,12.0,36.0,14.0,31.0,32.0,32.0,8.0,4.0,10.0,13.0,41.0,21.0
04/06/2007,6.0,65.0,88.0,120.0,286.0,17.0,9.0,34.0,40.0,6.0,6.0,34.0,64.0,84.0,102.0,76.0,9.0,9.0,22.0,24.0,70.0,13.0,4.0,20.0,4.0,10.0,2.0,41.0
28/05/2007,64.0,6.0,87.0,151.0,129.0,21.0,22.0,18.0,34.0,2.0,6.0,16.0,45.0,65.0,82.0,48.0,4.0,4.0,14.0,30.0,131.0,9.0,1.0,6.0,20.0,4.0,39.0,2.0
21/05/2007,18.0,64.0,67.0,88.0,93.0,7.0,17.0,9.0,18.0,1.0,2.0,6.0,34.0,68.0,84.0,68.0,7.0,13.0,20.0,8.0,104.0,9.0,2.0,10.0,6.0,20.0,12.0,39.0
14/05/2007,3.0,18.0,52.0,87.0,199.0,10.0,21.0,22.0,9.0,5.0,1.0,6.0,16.0,64.0,65.0,81.0,1.0,1.0,36.0,9.0,131.0,3.0,1.0,2.0,10.0,6.0,13.0,12.0
07/05/2007,0.0,3.0,65.0,67.0,120.0,6.0,7.0,17.0,22.0,3.0,5.0,2.0,6.0,45.0,68.0,79.0,2.0,3.0,8.0,7.0,93.0,2.0,4.0,8.0,2.0,10.0,10.0,13.0
30/04/2007,13.0,0.0,6.0,52.0,151.0,7.0,10.0,21.0,17.0,2.0,3.0,1.0,6.0,34.0,64.0,102.0,3.0,0.0,36.0,3.0,140.0,1.0,0.0,4.0,8.0,2.0,4.0,10.0
23/04/2007,9.0,13.0,64.0,65.0,88.0,3.0,6.0,7.0,21.0,1.0,2.0,5.0,2.0,16.0,45.0,82.0,0.0,2.0,9.0,12.0,113.0,6.0,4.0,1.0,4.0,8.0,20.0,4.0
16/04/2007,4.0,9.0,18.0,6.0,87.0,1.0,7.0,10.0,7.0,6.0,1.0,3.0,1.0,6.0,34.0,84.0,0.0,1.0,4.0,11.0,38.0,1.0,0.0,2.0,1.0,4.0,6.0,20.0
09/04/2007,8.0,4.0,3.0,64.0,67.0,0.0,3.0,6.0,10.0,8.0,6.0,2.0,5.0,6.0,16.0,65.0,1.0,0.0,13.0,8.0,107.0,1.0,2.0,1.0,2.0,1.0,10.0,6.0
02/04/2007,12.0,8.0,0.0,18.0,52.0,12.0,1.0,7.0,6.0,4.0,8.0,1.0,3.0,2.0,6.0,68.0,0.0,0.0,1.0,5.0,113.0,1.0,0.0,4.0,1.0,2.0,2.0,10.0
26/03/2007,13.0,12.0,13.0,3.0,65.0,0.0,0.0,3.0,7.0,6.0,4.0,6.0,2.0,1.0,6.0,64.0,8.0,2.0,3.0,18.0,31.0,2.0,0.0,0.0,4.0,1.0,8.0,2.0
19/03/2007,31.0,13.0,9.0,0.0,6.0,0.0,12.0,1.0,3.0,21.0,6.0,8.0,1.0,5.0,2.0,45.0,17.0,11.0,0.0,12.0,24.0,0.0,1.0,4.0,0.0,4.0,4.0,8.0
12/03/2007,35.0,31.0,4.0,13.0,64.0,0.0,0.0,0.0,1.0,13.0,21.0,4.0,6.0,3.0,1.0,34.0,1.0,1.0,2.0,23.0,30.0,26.0,0.0,0.0,4.0,0.0,1.0,4.0
05/03/2007,8.0,35.0,8.0,9.0,18.0,0.0,0.0,12.0,0.0,13.0,13.0,6.0,8.0,2.0,5.0,16.0,1.0,0.0,1.0,16.0,8.0,4.0,1.0,2.0,0.0,4.0,2.0,1.0
26/02/2007,73.0,8.0,12.0,4.0,3.0,1.0,0.0,0.0,12.0,21.0,13.0,21.0,4.0,1.0,3.0,6.0,8.0,0.0,0.0,44.0,9.0,14.0,7.0,0.0,2.0,0.0,1.0,2.0
19/02/2007,77.0,73.0,13.0,8.0,0.0,0.0,0.0,0.0,0.0,30.0,21.0,13.0,6.0,6.0,2.0,6.0,0.0,0.0,0.0,44.0,7.0,9.0,1.0,0.0,0.0,2.0,4.0,1.0
12/02/2007,21.0,77.0,31.0,12.0,13.0,0.0,1.0,0.0,0.0,12.0,30.0,13.0,21.0,8.0,1.0,2.0,4.0,37.0,2.0,72.0,3.0,35.0,6.0,1.0,0.0,0.0,0.0,4.0
05/02/2007,104.0,21.0,35.0,13.0,9.0,0.0,0.0,0.0,0.0,39.0,12.0,21.0,13.0,4.0,6.0,1.0,0.0,26.0,11.0,54.0,12.0,22.0,2.0,0.0,1.0,0.0,4.0,0.0
29/01/2007,105.0,104.0,8.0,31.0,4.0,16.0,0.0,1.0,0.0,19.0,39.0,30.0,13.0,6.0,8.0,5.0,20.0,68.0,1.0,65.0,11.0,2.0,8.0,1.0,0.0,1.0,0.0,4.0
22/01/2007,92.0,105.0,73.0,35.0,8.0,8.0,0.0,0.0,1.0,55.0,19.0,12.0,21.0,21.0,4.0,3.0,2.0,30.0,0.0,69.0,8.0,10.0,40.0,7.0,1.0,0.0,2.0,0.0
15/01/2007,192.0,92.0,77.0,8.0,12.0,0.0,16.0,0.0,0.0,20.0,55.0,39.0,30.0,13.0,6.0,2.0,24.0,26.0,0.0,107.0,5.0,23.0,11.0,1.0,7.0,1.0,0.0,2.0
08/01/2007,2.0,192.0,21.0,73.0,13.0,19.0,8.0,0.0,0.0,22.0,20.0,19.0,12.0,13.0,21.0,1.0,20.0,47.0,0.0,90.0,18.0,12.0,16.0,6.0,1.0,7.0,0.0,0.0
01/01/2007,67.0,2.0,104.0,77.0,31.0,31.0,0.0,16.0,0.0,47.0,22.0,55.0,39.0,21.0,13.0,6.0,2.0,21.0,37.0,9.0,12.0,15.0,1.0,2.0,6.0,1.0,1.0,0.0
25/12/2006,283.0,67.0,105.0,21.0,35.0,8.0,19.0,8.0,16.0,93.0,47.0,20.0,19.0,30.0,13.0,8.0,3.0,13.0,26.0,129.0,23.0,3.0,18.0,8.0,2.0,6.0,0.0,1.0
18/12/2006,135.0,283.0,92.0,104.0,8.0,1.0,31.0,0.0,8.0,40.0,93.0,22.0,55.0,12.0,21.0,4.0,0.0,13.0,68.0,156.0,16.0,65.0,0.0,40.0,8.0,2.0,1.0,0.0
11/12/2006,129.0,135.0,192.0,105.0,73.0,28.0,8.0,19.0,0.0,56.0,40.0,47.0,20.0,39.0,30.0,6.0,28.0,0.0,30.0,240.0,44.0,45.0,5.0,11.0,40.0,8.0,7.0,1.0
04/12/2006,203.0,129.0,2.0,92.0,77.0,47.0,1.0,31.0,19.0,36.0,56.0,93.0,22.0,19.0,12.0,21.0,17.0,22.0,26.0,190.0,44.0,13.0,16.0,16.0,11.0,40.0,1.0,7.0
27/11/2006,152.0,203.0,67.0,192.0,21.0,8.0,28.0,8.0,31.0,40.0,36.0,40.0,47.0,55.0,39.0,13.0,28.0,28.0,47.0,166.0,72.0,7.0,19.0,1.0,16.0,11.0,6.0,1.0
20/11/2006,107.0,152.0,283.0,2.0,104.0,24.0,47.0,1.0,8.0,31.0,40.0,56.0,93.0,20.0,19.0,13.0,9.0,58.0,21.0,138.0,54.0,7.0,1.0,18.0,1.0,16.0,2.0,6.0
13/11/2006,185.0,107.0,135.0,67.0,105.0,0.0,8.0,28.0,1.0,42.0,31.0,36.0,40.0,22.0,55.0,21.0,44.0,35.0,13.0,128.0,65.0,3.0,73.0,0.0,18.0,1.0,8.0,2.0
06/11/2006,110.0,185.0,129.0,283.0,92.0,57.0,24.0,47.0,28.0,47.0,42.0,40.0,56.0,47.0,20.0,30.0,25.0,33.0,13.0,239.0,69.0,16.0,2.0,5.0,0.0,18.0,40.0,8.0
30/10/2006,138.0,110.0,203.0,135.0,192.0,1.0,0.0,8.0,47.0,31.0,47.0,31.0,36.0,93.0,22.0,12.0,22.0,76.0,0.0,196.0,107.0,29.0,37.0,16.0,5.0,0.0,11.0,40.0
23/10/2006,100.0,138.0,152.0,129.0,2.0,47.0,57.0,24.0,8.0,41.0,31.0,42.0,40.0,40.0,47.0,39.0,32.0,20.0,22.0,108.0,90.0,30.0,13.0,19.0,16.0,5.0,16.0,11.0
16/10/2006,228.0,100.0,107.0,203.0,67.0,67.0,1.0,0.0,24.0,55.0,41.0,47.0,31.0,56.0,93.0,19.0,29.0,50.0,28.0,160.0,9.0,20.0,23.0,1.0,19.0,16.0,1.0,16.0
09/10/2006,130.0,228.0,185.0,152.0,283.0,55.0,47.0,57.0,0.0,38.0,55.0,31.0,42.0,36.0,40.0,55.0,36.0,38.0,58.0,131.0,129.0,55.0,15.0,73.0,1.0,19.0,18.0,1.0
02/10/2006,137.0,130.0,110.0,107.0,135.0,35.0,67.0,1.0,57.0,49.0,38.0,41.0,47.0,40.0,56.0,20.0,31.0,23.0,35.0,331.0,156.0,7.0,17.0,2.0,73.0,1.0,0.0,18.0
25/09/2006,235.0,137.0,138.0,185.0,129.0,12.0,55.0,47.0,1.0,47.0,49.0,55.0,31.0,31.0,36.0,22.0,28.0,32.0,33.0,155.0,240.0,113.0,6.0,37.0,2.0,73.0,5.0,0.0
18/09/2006,138.0,235.0,100.0,110.0,203.0,49.0,35.0,67.0,47.0,42.0,47.0,38.0,41.0,42.0,40.0,47.0,42.0,51.0,76.0,168.0,190.0,32.0,11.0,13.0,37.0,2.0,16.0,5.0
11/09/2006,166.0,138.0,228.0,138.0,152.0,9.0,12.0,55.0,67.0,86.0,42.0,49.0,55.0,47.0,31.0,93.0,19.0,23.0,20.0,137.0,166.0,32.0,2.0,23.0,13.0,37.0,19.0,16.0
04/09/2006,122.0,166.0,130.0,100.0,107.0,1.0,49.0,35.0,55.0,54.0,86.0,47.0,38.0,31.0,42.0,40.0,69.0,44.0,50.0,144.0,138.0,96.0,17.0,15.0,23.0,13.0,1.0,19.0
28/08/2006,149.0,122.0,137.0,228.0,185.0,27.0,9.0,12.0,35.0,54.0,54.0,42.0,49.0,41.0,47.0,56.0,38.0,28.0,38.0,119.0,128.0,29.0,13.0,17.0,15.0,23.0,73.0,1.0
21/08/2006,124.0,149.0,235.0,130.0,110.0,8.0,1.0,49.0,12.0,45.0,54.0,86.0,47.0,55.0,31.0,36.0,45.0,34.0,23.0,126.0,239.0,47.0,1.0,6.0,17.0,15.0,2.0,73.0
14/08/2006,187.0,124.0,138.0,137.0,138.0,57.0,27.0,9.0,49.0,46.0,45.0,54.0,42.0,38.0,41.0,40.0,37.0,61.0,32.0,239.0,196.0,61.0,3.0,11.0,6.0,17.0,37.0,2.0
07/08/2006,195.0,187.0,166.0,235.0,100.0,8.0,8.0,1.0,9.0,48.0,46.0,54.0,86.0,49.0,55.0,31.0,16.0,30.0,51.0,133.0,108.0,71.0,18.0,2.0,11.0,6.0,13.0,37.0
31/07/2006,130.0,195.0,122.0,138.0,228.0,10.0,57.0,27.0,1.0,24.0,48.0,45.0,54.0,47.0,38.0,42.0,9.0,54.0,23.0,140.0,160.0,38.0,13.0,17.0,2.0,11.0,23.0,13.0
24/07/2006,126.0,130.0,149.0,166.0,130.0,18.0,8.0,8.0,27.0,21.0,24.0,46.0,54.0,42.0,49.0,47.0,11.0,44.0,44.0,129.0,131.0,51.0,9.0,13.0,17.0,2.0,15.0,23.0
17/07/2006,154.0,126.0,124.0,122.0,137.0,1.0,10.0,57.0,8.0,40.0,21.0,48.0,45.0,86.0,47.0,31.0,8.0,49.0,28.0,97.0,331.0,27.0,12.0,1.0,13.0,17.0,17.0,15.0
10/07/2006,149.0,154.0,187.0,149.0,235.0,9.0,18.0,8.0,57.0,27.0,40.0,24.0,46.0,54.0,42.0,41.0,7.0,40.0,34.0,121.0,155.0,75.0,5.0,3.0,1.0,13.0,6.0,17.0
03/07/2006,106.0,149.0,195.0,124.0,138.0,70.0,1.0,10.0,8.0,10.0,27.0,21.0,48.0,54.0,86.0,55.0,10.0,27.0,61.0,66.0,168.0,20.0,19.0,18.0,3.0,1.0,11.0,6.0
26/06/2006,151.0,106.0,130.0,187.0,166.0,64.0,9.0,18.0,10.0,30.0,10.0,40.0,24.0,45.0,54.0,38.0,24.0,53.0,30.0,56.0,137.0,96.0,17.0,13.0,18.0,3.0,2.0,11.0
19/06/2006,100.0,151.0,126.0,195.0,122.0,10.0,70.0,1.0,18.0,8.0,30.0,27.0,21.0,46.0,54.0,49.0,15.0,35.0,54.0,42.0,144.0,44.0,12.0,9.0,13.0,18.0,17.0,2.0
12/06/2006,91.0,100.0,154.0,130.0,149.0,1.0,64.0,9.0,1.0,30.0,8.0,10.0,40.0,48.0,45.0,47.0,4.0,62.0,44.0,34.0,119.0,74.0,18.0,12.0,9.0,13.0,13.0,17.0
05/06/2006,46.0,91.0,149.0,126.0,124.0,12.0,10.0,70.0,9.0,10.0,30.0,30.0,27.0,24.0,46.0,42.0,26.0,32.0,49.0,30.0,126.0,14.0,11.0,5.0,12.0,9.0,1.0,13.0
29/05/2006,38.0,46.0,106.0,154.0,187.0,37.0,1.0,64.0,70.0,1.0,10.0,8.0,10.0,21.0,48.0,86.0,10.0,29.0,40.0,62.0,239.0,24.0,5.0,19.0,5.0,12.0,3.0,1.0
22/05/2006,13.0,38.0,151.0,149.0,195.0,78.0,12.0,10.0,64.0,0.0,1.0,30.0,30.0,40.0,24.0,54.0,14.0,25.0,27.0,9.0,133.0,9.0,4.0,17.0,19.0,5.0,18.0,3.0
15/05/2006,22.0,13.0,100.0,106.0,130.0,13.0,37.0,1.0,10.0,1.0,0.0,10.0,8.0,27.0,21.0,54.0,7.0,25.0,53.0,8.0,140.0,0.0,3.0,12.0,17.0,19.0,13.0,18.0
08/05/2006,33.0,22.0,91.0,151.0,126.0,19.0,78.0,12.0,1.0,6.0,1.0,1.0,30.0,10.0,40.0,45.0,5.0,7.0,35.0,4.0,129.0,0.0,2.0,18.0,12.0,17.0,9.0,13.0
01/05/2006,9.0,33.0,46.0,100.0,154.0,1.0,13.0,37.0,12.0,3.0,6.0,0.0,10.0,30.0,27.0,46.0,9.0,7.0,62.0,4.0,97.0,6.0,4.0,11.0,18.0,12.0,12.0,9.0
24/04/2006,14.0,9.0,38.0,91.0,149.0,2.0,19.0,78.0,37.0,20.0,3.0,1.0,1.0,8.0,10.0,48.0,2.0,0.0,32.0,2.0,121.0,2.0,0.0,5.0,11.0,18.0,5.0,12.0
17/04/2006,48.0,14.0,13.0,46.0,106.0,35.0,1.0,13.0,78.0,1.0,20.0,6.0,0.0,30.0,30.0,24.0,2.0,2.0,29.0,0.0,66.0,2.0,1.0,4.0,5.0,11.0,19.0,5.0
10/04/2006,7.0,48.0,22.0,38.0,151.0,0.0,2.0,19.0,13.0,8.0,1.0,3.0,1.0,10.0,8.0,21.0,0.0,1.0,25.0,4.0,56.0,0.0,0.0,3.0,4.0,5.0,17.0,19.0
03/04/2006,18.0,7.0,33.0,13.0,100.0,41.0,35.0,1.0,19.0,18.0,8.0,20.0,6.0,1.0,30.0,40.0,0.0,0.0,25.0,6.0,42.0,0.0,0.0,2.0,3.0,4.0,12.0,17.0
27/03/2006,6.0,18.0,9.0,22.0,91.0,16.0,0.0,2.0,1.0,13.0,18.0,1.0,3.0,0.0,10.0,27.0,4.0,1.0,7.0,9.0,34.0,4.0,0.0,4.0,2.0,3.0,18.0,12.0
20/03/2006,21.0,6.0,14.0,33.0,46.0,3.0,41.0,35.0,2.0,8.0,13.0,8.0,20.0,1.0,1.0,10.0,2.0,2.0,7.0,20.0,30.0,11.0,1.0,0.0,4.0,2.0,11.0,18.0
13/03/2006,30.0,21.0,48.0,9.0,38.0,11.0,16.0,0.0,35.0,26.0,8.0,18.0,1.0,6.0,0.0,30.0,2.0,1.0,0.0,18.0,62.0,0.0,0.0,1.0,0.0,4.0,5.0,11.0
06/03/2006,21.0,30.0,7.0,14.0,13.0,0.0,3.0,41.0,0.0,10.0,26.0,13.0,8.0,3.0,1.0,8.0,1.0,2.0,2.0,15.0,9.0,15.0,2.0,0.0,1.0,0.0,4.0,5.0
27/02/2006,79.0,21.0,18.0,48.0,22.0,1.0,11.0,16.0,41.0,82.0,10.0,8.0,18.0,20.0,6.0,30.0,11.0,0.0,1.0,12.0,8.0,20.0,2.0,0.0,0.0,1.0,3.0,4.0
20/02/2006,64.0,79.0,6.0,7.0,33.0,2.0,0.0,3.0,16.0,40.0,82.0,26.0,13.0,1.0,3.0,10.0,20.0,5.0,0.0,38.0,4.0,30.0,5.0,0.0,0.0,0.0,2.0,3.0
13/02/2006,55.0,64.0,21.0,18.0,9.0,1.0,1.0,11.0,3.0,21.0,40.0,10.0,8.0,8.0,20.0,1.0,35.0,4.0,1.0,25.0,4.0,8.0,1.0,1.0,0.0,0.0,4.0,2.0
06/02/2006,18.0,55.0,30.0,6.0,14.0,9.0,2.0,0.0,11.0,53.0,21.0,82.0,26.0,18.0,1.0,0.0,66.0,1.0,2.0,43.0,2.0,7.0,6.0,0.0,1.0,0.0,0.0,4.0
30/01/2006,101.0,18.0,21.0,21.0,48.0,9.0,1.0,1.0,0.0,39.0,53.0,40.0,10.0,13.0,8.0,1.0,49.0,5.0,1.0,52.0,0.0,12.0,13.0,2.0,0.0,1.0,1.0,0.0
23/01/2006,63.0,101.0,79.0,30.0,7.0,19.0,9.0,2.0,1.0,40.0,39.0,21.0,82.0,8.0,18.0,6.0,20.0,2.0,2.0,35.0,4.0,46.0,2.0,2.0,2.0,0.0,0.0,1.0
16/01/2006,59.0,63.0,64.0,21.0,18.0,28.0,9.0,1.0,2.0,42.0,40.0,53.0,40.0,26.0,13.0,3.0,18.0,4.0,0.0,29.0,6.0,14.0,3.0,5.0,2.0,2.0,0.0,0.0
09/01/2006,6.0,59.0,55.0,79.0,6.0,15.0,19.0,9.0,1.0,0.0,42.0,39.0,21.0,10.0,8.0,20.0,64.0,10.0,5.0,54.0,9.0,18.0,2.0,1.0,5.0,2.0,0.0,0.0
02/01/2006,26.0,6.0,18.0,64.0,21.0,22.0,28.0,9.0,9.0,43.0,0.0,40.0,53.0,82.0,26.0,1.0,21.0,14.0,4.0,10.0,20.0,19.0,4.0,6.0,1.0,5.0,1.0,0.0
26/12/2005,150.0,26.0,101.0,55.0,30.0,2.0,15.0,19.0,9.0,81.0,43.0,42.0,39.0,40.0,10.0,8.0,82.0,6.0,1.0,30.0,18.0,3.0,2.0,13.0,6.0,1.0,0.0,1.0
19/12/2005,80.0,150.0,63.0,18.0,21.0,10.0,22.0,28.0,19.0,59.0,81.0,0.0,40.0,21.0,82.0,18.0,1.0,22.0,5.0,80.0,15.0,26.0,5.0,2.0,13.0,6.0,2.0,0.0
12/12/2005,82.0,80.0,59.0,101.0,79.0,20.0,2.0,15.0,28.0,14.0,59.0,43.0,42.0,53.0,40.0,13.0,18.0,0.0,2.0,140.0,12.0,3.0,15.0,3.0,2.0,13.0,2.0,2.0
05/12/2005,58.0,82.0,6.0,63.0,64.0,16.0,10.0,22.0,15.0,34.0,14.0,81.0,0.0,39.0,21.0,8.0,22.0,13.0,4.0,43.0,38.0,9.0,13.0,2.0,3.0,2.0,5.0,2.0
28/11/2005,84.0,58.0,26.0,59.0,55.0,59.0,20.0,2.0,22.0,9.0,34.0,59.0,43.0,40.0,53.0,26.0,84.0,21.0,10.0,108.0,25.0,3.0,20.0,4.0,2.0,3.0,1.0,5.0
21/11/2005,59.0,84.0,150.0,6.0,18.0,0.0,16.0,10.0,2.0,66.0,9.0,14.0,81.0,42.0,39.0,10.0,40.0,18.0,14.0,35.0,43.0,83.0,17.0,2.0,4.0,2.0,6.0,1.0
14/11/2005,60.0,59.0,80.0,26.0,101.0,0.0,59.0,20.0,10.0,56.0,66.0,34.0,59.0,0.0,40.0,82.0,27.0,14.0,6.0,68.0,52.0,2.0,6.0,5.0,2.0,4.0,13.0,6.0
07/11/2005,116.0,60.0,82.0,150.0,63.0,48.0,0.0,16.0,20.0,52.0,56.0,9.0,14.0,43.0,42.0,40.0,23.0,10.0,22.0,77.0,35.0,34.0,14.0,15.0,5.0,2.0,2.0,13.0
31/10/2005,99.0,116.0,58.0,80.0,59.0,69.0,0.0,59.0,16.0,52.0,52.0,66.0,34.0,81.0,0.0,21.0,30.0,13.0,0.0,106.0,29.0,16.0,89.0,13.0,15.0,5.0,3.0,2.0
24/10/2005,112.0,99.0,84.0,82.0,6.0,12.0,48.0,0.0,59.0,55.0,52.0,56.0,9.0,59.0,43.0,53.0,50.0,27.0,13.0,77.0,54.0,25.0,33.0,20.0,13.0,15.0,2.0,3.0
17/10/2005,197.0,112.0,59.0,58.0,26.0,67.0,69.0,0.0,0.0,85.0,55.0,52.0,66.0,14.0,81.0,39.0,14.0,30.0,21.0,76.0,10.0,1.0,2.0,17.0,20.0,13.0,4.0,2.0
10/10/2005,116.0,197.0,60.0,84.0,150.0,47.0,12.0,48.0,0.0,50.0,85.0,52.0,56.0,34.0,59.0,40.0,6.0,26.0,18.0,107.0,30.0,29.0,13.0,6.0,17.0,20.0,2.0,4.0
03/10/2005,215.0,116.0,116.0,59.0,80.0,77.0,67.0,69.0,48.0,35.0,50.0,55.0,52.0,9.0,14.0,42.0,53.0,28.0,14.0,100.0,80.0,44.0,22.0,14.0,6.0,17.0,5.0,2.0
26/09/2005,82.0,215.0,99.0,60.0,82.0,73.0,47.0,12.0,69.0,62.0,35.0,85.0,52.0,66.0,34.0,0.0,32.0,32.0,10.0,36.0,140.0,42.0,32.0,89.0,14.0,6.0,15.0,5.0
19/09/2005,155.0,82.0,112.0,116.0,58.0,56.0,77.0,67.0,12.0,15.0,62.0,50.0,55.0,56.0,9.0,43.0,31.0,39.0,13.0,80.0,43.0,34.0,51.0,33.0,89.0,14.0,13.0,15.0
12/09/2005,80.0,155.0,197.0,99.0,84.0,61.0,73.0,47.0,67.0,23.0,15.0,35.0,85.0,52.0,66.0,81.0,66.0,26.0,27.0,60.0,108.0,54.0,20.0,2.0,33.0,89.0,20.0,13.0
05/09/2005,13.0,80.0,116.0,112.0,59.0,1.0,56.0,77.0,47.0,7.0,23.0,62.0,50.0,52.0,56.0,59.0,43.0,40.0,30.0,38.0,35.0,25.0,98.0,13.0,2.0,33.0,17.0,20.0
29/08/2005,70.0,13.0,215.0,197.0,60.0,112.0,61.0,73.0,77.0,34.0,7.0,15.0,35.0,55.0,52.0,14.0,32.0,46.0,26.0,15.0,68.0,13.0,3.0,22.0,13.0,2.0,6.0,17.0
22/08/2005,391.0,70.0,82.0,116.0,116.0,54.0,1.0,56.0,73.0,87.0,34.0,23.0,62.0,85.0,52.0,34.0,18.0,44.0,28.0,42.0,77.0,8.0,0.0,32.0,22.0,13.0,14.0,6.0
15/08/2005,178.0,391.0,155.0,215.0,99.0,144.0,112.0,61.0,56.0,14.0,87.0,7.0,15.0,50.0,55.0,9.0,4.0,26.0,32.0,125.0,106.0,9.0,91.0,51.0,32.0,22.0,89.0,14.0
08/08/2005,124.0,178.0,80.0,82.0,112.0,61.0,54.0,1.0,61.0,41.0,14.0,34.0,23.0,35.0,85.0,66.0,31.0,0.0,39.0,85.0,77.0,56.0,13.0,20.0,51.0,32.0,33.0,89.0
01/08/2005,235.0,124.0,13.0,155.0,197.0,57.0,144.0,112.0,1.0,33.0,41.0,87.0,7.0,62.0,50.0,56.0,77.0,13.0,26.0,63.0,76.0,46.0,8.0,98.0,20.0,51.0,2.0,33.0
25/07/2005,88.0,235.0,70.0,80.0,116.0,21.0,61.0,54.0,112.0,37.0,33.0,14.0,34.0,15.0,35.0,52.0,96.0,84.0,40.0,85.0,107.0,63.0,50.0,3.0,98.0,20.0,13.0,2.0
18/07/2005,187.0,88.0,391.0,13.0,215.0,3.0,57.0,144.0,54.0,21.0,37.0,41.0,87.0,23.0,62.0,52.0,100.0,23.0,46.0,102.0,100.0,11.0,38.0,0.0,3.0,98.0,22.0,13.0
11/07/2005,140.0,187.0,178.0,70.0,82.0,44.0,21.0,61.0,144.0,9.0,21.0,33.0,14.0,7.0,15.0,55.0,38.0,2.0,44.0,133.0,36.0,27.0,31.0,91.0,0.0,3.0,32.0,22.0
04/07/2005,111.0,140.0,124.0,391.0,155.0,20.0,3.0,57.0,61.0,28.0,9.0,37.0,41.0,34.0,23.0,85.0,70.0,16.0,26.0,84.0,80.0,9.0,24.0,13.0,91.0,0.0,51.0,32.0
27/06/2005,72.0,111.0,235.0,178.0,80.0,30.0,44.0,21.0,57.0,7.0,28.0,21.0,33.0,87.0,7.0,50.0,76.0,8.0,0.0,61.0,60.0,33.0,24.0,8.0,13.0,91.0,20.0,51.0
20/06/2005,75.0,72.0,88.0,124.0,13.0,14.0,20.0,3.0,21.0,5.0,7.0,9.0,37.0,14.0,34.0,35.0,48.0,8.0,13.0,76.0,38.0,11.0,0.0,50.0,8.0,13.0,98.0,20.0
13/06/2005,44.0,75.0,187.0,235.0,70.0,72.0,30.0,44.0,3.0,7.0,5.0,28.0,21.0,41.0,87.0,62.0,11.0,8.0,84.0,107.0,15.0,13.0,34.0,38.0,50.0,8.0,3.0,98.0
06/06/2005,40.0,44.0,140.0,88.0,391.0,29.0,14.0,20.0,44.0,6.0,7.0,7.0,9.0,33.0,14.0,15.0,40.0,8.0,23.0,69.0,42.0,15.0,16.0,31.0,38.0,50.0,0.0,3.0
30/05/2005,37.0,40.0,111.0,187.0,178.0,35.0,72.0,30.0,20.0,4.0,6.0,5.0,28.0,37.0,41.0,23.0,33.0,1.0,2.0,23.0,125.0,4.0,6.0,24.0,31.0,38.0,91.0,0.0
23/05/2005,10.0,37.0,72.0,140.0,124.0,4.0,29.0,14.0,30.0,5.0,4.0,7.0,7.0,21.0,33.0,7.0,12.0,6.0,16.0,35.0,85.0,13.0,1.0,24.0,24.0,31.0,13.0,91.0
16/05/2005,6.0,10.0,75.0,111.0,235.0,31.0,35.0,72.0,14.0,3.0,5.0,6.0,5.0,9.0,37.0,34.0,8.0,4.0,8.0,15.0,63.0,12.0,0.0,0.0,24.0,24.0,8.0,13.0
09/05/2005,7.0,6.0,44.0,72.0,88.0,8.0,4.0,29.0,72.0,5.0,3.0,4.0,7.0,28.0,21.0,87.0,1.0,0.0,8.0,10.0,85.0,1.0,9.0,34.0,0.0,24.0,50.0,8.0
02/05/2005,5.0,7.0,40.0,75.0,187.0,17.0,31.0,35.0,29.0,0.0,5.0,5.0,6.0,7.0,9.0,14.0,12.0,1.0,8.0,9.0,102.0,1.0,3.0,16.0,34.0,0.0,38.0,50.0
25/04/2005,10.0,5.0,37.0,44.0,140.0,2.0,8.0,4.0,35.0,1.0,0.0,3.0,4.0,5.0,28.0,41.0,1.0,1.0,8.0,2.0,133.0,2.0,2.0,6.0,16.0,34.0,31.0,38.0
18/04/2005,11.0,10.0,10.0,40.0,111.0,93.0,17.0,31.0,4.0,3.0,1.0,5.0,5.0,7.0,7.0,33.0,0.0,2.0,1.0,1.0,84.0,0.0,1.0,1.0,6.0,16.0,24.0,31.0
11/04/2005,16.0,11.0,6.0,37.0,72.0,57.0,2.0,8.0,31.0,5.0,3.0,0.0,3.0,6.0,5.0,37.0,2.0,0.0,6.0,27.0,61.0,5.0,0.0,0.0,1.0,6.0,24.0,24.0
04/04/2005,20.0,16.0,7.0,10.0,75.0,25.0,93.0,17.0,8.0,3.0,5.0,1.0,5.0,4.0,7.0,21.0,0.0,1.0,4.0,8.0,76.0,0.0,0.0,9.0,0.0,1.0,0.0,24.0
28/03/2005,17.0,20.0,5.0,6.0,44.0,34.0,57.0,2.0,17.0,1.0,3.0,3.0,0.0,5.0,6.0,9.0,3.0,2.0,0.0,26.0,107.0,1.0,1.0,3.0,9.0,0.0,34.0,0.0
21/03/2005,21.0,17.0,10.0,7.0,40.0,0.0,25.0,93.0,2.0,17.0,1.0,5.0,1.0,3.0,4.0,28.0,0.0,0.0,1.0,43.0,69.0,6.0,0.0,2.0,3.0,9.0,16.0,34.0
14/03/2005,34.0,21.0,11.0,5.0,37.0,1.0,34.0,57.0,93.0,3.0,17.0,3.0,3.0,5.0,5.0,7.0,1.0,0.0,1.0,26.0,23.0,2.0,4.0,1.0,2.0,3.0,6.0,16.0
07/03/2005,28.0,34.0,16.0,10.0,10.0,0.0,0.0,25.0,57.0,11.0,3.0,1.0,5.0,0.0,3.0,5.0,0.0,2.0,2.0,39.0,35.0,3.0,0.0,0.0,1.0,2.0,1.0,6.0
28/02/2005,44.0,28.0,20.0,11.0,6.0,0.0,1.0,34.0,25.0,11.0,11.0,17.0,3.0,1.0,5.0,7.0,0.0,0.0,0.0,32.0,15.0,14.0,7.0,0.0,0.0,1.0,0.0,1.0
21/02/2005,33.0,44.0,17.0,16.0,7.0,7.0,0.0,0.0,34.0,7.0,11.0,3.0,1.0,3.0,0.0,6.0,3.0,0.0,1.0,46.0,10.0,7.0,10.0,1.0,0.0,0.0,9.0,0.0
14/02/2005,85.0,33.0,21.0,20.0,5.0,3.0,0.0,1.0,0.0,13.0,7.0,11.0,17.0,5.0,1.0,4.0,1.0,3.0,2.0,87.0,9.0,28.0,7.0,0.0,1.0,0.0,3.0,9.0
07/02/2005,16.0,85.0,34.0,17.0,10.0,1.0,7.0,0.0,1.0,23.0,13.0,11.0,3.0,3.0,3.0,5.0,1.0,6.0,0.0,33.0,2.0,15.0,1.0,4.0,0.0,1.0,2.0,3.0
31/01/2005,95.0,16.0,28.0,21.0,11.0,0.0,3.0,0.0,0.0,15.0,23.0,7.0,11.0,1.0,5.0,3.0,1.0,5.0,0.0,25.0,1.0,7.0,4.0,0.0,4.0,0.0,1.0,2.0
24/01/2005,43.0,95.0,44.0,34.0,16.0,1.0,1.0,7.0,0.0,30.0,15.0,13.0,11.0,17.0,3.0,5.0,3.0,6.0,2.0,122.0,27.0,0.0,0.0,7.0,0.0,4.0,0.0,1.0
17/01/2005,35.0,43.0,33.0,28.0,20.0,2.0,0.0,3.0,7.0,7.0,30.0,23.0,7.0,3.0,1.0,0.0,0.0,25.0,0.0,70.0,8.0,23.0,10.0,10.0,7.0,0.0,0.0,0.0
10/01/2005,30.0,35.0,85.0,44.0,17.0,0.0,1.0,1.0,3.0,9.0,7.0,15.0,13.0,11.0,17.0,1.0,10.0,9.0,0.0,72.0,26.0,5.0,9.0,7.0,10.0,7.0,1.0,0.0
