Date,BUDAPEST,BUDAPEST.L3,BUDAPEST.L2,GYOR.L3,GYOR.L1,BUDAPEST.L1,PEST.L1
15/09/2014,113,116.0,132.0,92.0,91.0,129.0,144.0
08/09/2014,114,132.0,129.0,128.0,111.0,113.0,125.0
01/09/2014,98,129.0,113.0,91.0,119.0,114.0,138.0
25/08/2014,140,113.0,114.0,111.0,131.0,98.0,83.0
18/08/2014,120,114.0,98.0,119.0,146.0,140.0,159.0
11/08/2014,173,98.0,140.0,131.0,123.0,120.0,153.0
04/08/2014,135,140.0,120.0,146.0,122.0,173.0,137.0
28/07/2014,143,120.0,173.0,123.0,123.0,135.0,165.0
21/07/2014,139,173.0,135.0,122.0,128.0,143.0,145.0
14/07/2014,155,135.0,143.0,123.0,79.0,139.0,66.0
07/07/2014,98,143.0,139.0,128.0,93.0,155.0,117.0
30/06/2014,87,139.0,155.0,79.0,62.0,98.0,89.0
23/06/2014,110,155.0,98.0,93.0,66.0,87.0,91.0
16/06/2014,70,98.0,87.0,62.0,41.0,110.0,31.0
09/06/2014,43,87.0,110.0,66.0,35.0,70.0,25.0
02/06/2014,37,110.0,70.0,41.0,16.0,43.0,23.0
26/05/2014,30,70.0,43.0,35.0,9.0,37.0,19.0
19/05/2014,21,43.0,37.0,16.0,1.0,30.0,20.0
12/05/2014,22,37.0,30.0,9.0,12.0,21.0,7.0
05/05/2014,15,30.0,21.0,1.0,8.0,22.0,22.0
28/04/2014,11,21.0,22.0,12.0,7.0,15.0,13.0
21/04/2014,7,22.0,15.0,8.0,6.0,11.0,9.0
14/04/2014,12,15.0,11.0,7.0,2.0,7.0,8.0
07/04/2014,5,11.0,7.0,6.0,1.0,12.0,18.0
31/03/2014,17,7.0,12.0,2.0,2.0,5.0,15.0
24/03/2014,11,12.0,5.0,1.0,1.0,17.0,27.0
17/03/2014,27,5.0,17.0,2.0,5.0,11.0,51.0
10/03/2014,23,17.0,11.0,1.0,6.0,27.0,79.0
03/03/2014,30,11.0,27.0,5.0,8.0,23.0,77.0
24/02/2014,48,27.0,23.0,6.0,18.0,30.0,70.0
17/02/2014,37,23.0,30.0,8.0,20.0,48.0,67.0
10/02/2014,32,30.0,48.0,18.0,19.0,37.0,48.0
03/02/2014,49,48.0,37.0,20.0,27.0,32.0,31.0
27/01/2014,67,37.0,32.0,19.0,27.0,49.0,81.0
20/01/2014,106,32.0,49.0,27.0,34.0,67.0,44.0
13/01/2014,83,49.0,67.0,27.0,38.0,106.0,133.0
06/01/2014,114,67.0,106.0,34.0,25.0,83.0,85.0
30/12/2013,129,106.0,83.0,38.0,35.0,114.0,163.0
23/12/2013,189,83.0,114.0,25.0,47.0,129.0,173.0
16/12/2013,79,114.0,129.0,35.0,31.0,189.0,102.0
09/12/2013,163,129.0,189.0,47.0,28.0,79.0,114.0
02/12/2013,110,189.0,79.0,31.0,22.0,163.0,121.0
25/11/2013,158,79.0,163.0,28.0,35.0,110.0,105.0
18/11/2013,182,163.0,110.0,22.0,42.0,158.0,104.0
11/11/2013,136,110.0,158.0,35.0,59.0,182.0,119.0
04/11/2013,207,158.0,182.0,42.0,60.0,136.0,170.0
28/10/2013,251,182.0,136.0,59.0,82.0,207.0,140.0
21/10/2013,141,136.0,207.0,60.0,78.0,251.0,181.0
14/10/2013,193,207.0,251.0,82.0,33.0,141.0,149.0
07/10/2013,169,251.0,141.0,78.0,87.0,193.0,160.0
30/09/2013,141,141.0,193.0,33.0,49.0,169.0,161.0
23/09/2013,193,193.0,169.0,87.0,59.0,141.0,168.0
16/09/2013,359,169.0,141.0,49.0,52.0,193.0,153.0
09/09/2013,268,141.0,193.0,59.0,71.0,359.0,157.0
02/09/2013,168,193.0,359.0,52.0,76.0,268.0,221.0
26/08/2013,338,359.0,268.0,71.0,65.0,168.0,165.0
19/08/2013,186,268.0,168.0,76.0,68.0,338.0,121.0
12/08/2013,266,168.0,338.0,65.0,54.0,186.0,126.0
05/08/2013,240,338.0,186.0,68.0,69.0,266.0,143.0
29/07/2013,162,186.0,266.0,54.0,51.0,240.0,151.0
22/07/2013,264,266.0,240.0,69.0,85.0,162.0,105.0
15/07/2013,133,240.0,162.0,51.0,70.0,264.0,145.0
08/07/2013,201,162.0,264.0,85.0,66.0,133.0,134.0
01/07/2013,236,264.0,133.0,70.0,63.0,201.0,130.0
24/06/2013,111,133.0,201.0,66.0,118.0,236.0,89.0
17/06/2013,76,201.0,236.0,63.0,24.0,111.0,49.0
10/06/2013,52,236.0,111.0,118.0,29.0,76.0,24.0
03/06/2013,30,111.0,76.0,24.0,23.0,52.0,29.0
27/05/2013,30,76.0,52.0,29.0,12.0,30.0,15.0
20/05/2013,74,52.0,30.0,23.0,4.0,30.0,4.0
13/05/2013,45,30.0,30.0,12.0,2.0,74.0,6.0
06/05/2013,41,30.0,74.0,4.0,2.0,45.0,4.0
29/04/2013,20,74.0,45.0,2.0,2.0,41.0,17.0
22/04/2013,15,45.0,41.0,2.0,1.0,20.0,1.0
15/04/2013,11,41.0,20.0,2.0,1.0,15.0,4.0
08/04/2013,10,20.0,15.0,1.0,3.0,11.0,7.0
01/04/2013,9,15.0,11.0,1.0,7.0,10.0,12.0
25/03/2013,35,11.0,10.0,3.0,5.0,9.0,8.0
18/03/2013,20,10.0,9.0,7.0,9.0,35.0,29.0
11/03/2013,19,9.0,35.0,5.0,7.0,20.0,29.0
04/03/2013,51,35.0,20.0,9.0,8.0,19.0,23.0
25/02/2013,53,20.0,19.0,7.0,11.0,51.0,46.0
18/02/2013,77,19.0,51.0,8.0,9.0,53.0,47.0
11/02/2013,62,51.0,53.0,11.0,12.0,77.0,71.0
04/02/2013,93,53.0,77.0,9.0,13.0,62.0,94.0
28/01/2013,78,77.0,62.0,12.0,31.0,93.0,127.0
21/01/2013,82,62.0,93.0,13.0,31.0,78.0,99.0
14/01/2013,84,93.0,78.0,31.0,35.0,82.0,103.0
07/01/2013,58,78.0,82.0,31.0,41.0,84.0,125.0
31/12/2012,114,82.0,84.0,35.0,35.0,58.0,68.0
24/12/2012,145,84.0,58.0,41.0,65.0,114.0,179.0
17/12/2012,93,58.0,114.0,35.0,59.0,145.0,205.0
10/12/2012,129,114.0,145.0,65.0,56.0,93.0,118.0
03/12/2012,114,145.0,93.0,59.0,67.0,129.0,155.0
26/11/2012,86,93.0,129.0,56.0,66.0,114.0,175.0
19/11/2012,127,129.0,114.0,67.0,58.0,86.0,135.0
12/11/2012,106,114.0,86.0,66.0,74.0,127.0,86.0
05/11/2012,211,86.0,127.0,58.0,87.0,106.0,224.0
29/10/2012,229,127.0,106.0,74.0,71.0,211.0,211.0
22/10/2012,145,106.0,211.0,87.0,116.0,229.0,214.0
15/10/2012,210,211.0,229.0,71.0,63.0,145.0,136.0
08/10/2012,267,229.0,145.0,116.0,128.0,210.0,279.0
01/10/2012,166,145.0,210.0,63.0,107.0,267.0,255.0
24/09/2012,168,210.0,267.0,128.0,90.0,166.0,209.0
17/09/2012,350,267.0,166.0,107.0,92.0,168.0,160.0
10/09/2012,224,166.0,168.0,90.0,106.0,350.0,290.0
03/09/2012,136,168.0,350.0,92.0,94.0,224.0,204.0
27/08/2012,278,350.0,224.0,106.0,60.0,136.0,105.0
20/08/2012,161,224.0,136.0,94.0,110.0,278.0,257.0
13/08/2012,385,136.0,278.0,60.0,123.0,161.0,210.0
06/08/2012,230,278.0,161.0,110.0,108.0,385.0,198.0
30/07/2012,284,161.0,385.0,123.0,113.0,230.0,149.0
23/07/2012,210,385.0,230.0,108.0,56.0,284.0,220.0
16/07/2012,125,230.0,284.0,113.0,57.0,210.0,125.0
09/07/2012,104,284.0,210.0,56.0,61.0,125.0,131.0
02/07/2012,140,210.0,125.0,57.0,49.0,104.0,101.0
25/06/2012,99,125.0,104.0,61.0,24.0,140.0,65.0
18/06/2012,35,104.0,140.0,49.0,27.0,99.0,30.0
11/06/2012,14,140.0,99.0,24.0,7.0,35.0,29.0
04/06/2012,34,99.0,35.0,27.0,5.0,14.0,19.0
28/05/2012,7,35.0,14.0,7.0,4.0,34.0,9.0
21/05/2012,7,14.0,34.0,5.0,33.0,7.0,7.0
14/05/2012,4,34.0,7.0,4.0,7.0,7.0,5.0
07/05/2012,4,7.0,7.0,33.0,4.0,4.0,3.0
30/04/2012,10,7.0,4.0,7.0,6.0,4.0,19.0
23/04/2012,6,4.0,4.0,4.0,2.0,10.0,1.0
16/04/2012,6,4.0,10.0,6.0,3.0,6.0,2.0
09/04/2012,12,10.0,6.0,2.0,3.0,6.0,6.0
02/04/2012,20,6.0,6.0,3.0,5.0,12.0,10.0
26/03/2012,14,6.0,12.0,3.0,4.0,20.0,31.0
19/03/2012,33,12.0,20.0,5.0,13.0,14.0,34.0
12/03/2012,20,20.0,14.0,4.0,22.0,33.0,32.0
05/03/2012,25,14.0,33.0,13.0,12.0,20.0,33.0
27/02/2012,93,33.0,20.0,22.0,6.0,25.0,28.0
20/02/2012,72,20.0,25.0,12.0,30.0,93.0,91.0
13/02/2012,54,25.0,93.0,6.0,22.0,72.0,95.0
06/02/2012,175,93.0,72.0,30.0,32.0,54.0,83.0
30/01/2012,126,72.0,54.0,22.0,27.0,175.0,99.0
23/01/2012,60,54.0,175.0,32.0,35.0,126.0,78.0
16/01/2012,193,175.0,126.0,27.0,42.0,60.0,108.0
09/01/2012,68,126.0,60.0,35.0,86.0,193.0,82.0
02/01/2012,183,60.0,193.0,42.0,43.0,68.0,46.0
26/12/2011,156,193.0,68.0,86.0,32.0,183.0,167.0
19/12/2011,479,68.0,183.0,43.0,68.0,156.0,197.0
12/12/2011,143,183.0,156.0,32.0,137.0,479.0,431.0
05/12/2011,193,156.0,479.0,68.0,33.0,143.0,87.0
28/11/2011,105,479.0,143.0,137.0,43.0,193.0,143.0
21/11/2011,136,143.0,193.0,33.0,47.0,105.0,114.0
14/11/2011,91,193.0,105.0,43.0,41.0,136.0,90.0
07/11/2011,150,105.0,136.0,47.0,49.0,91.0,109.0
31/10/2011,82,136.0,91.0,41.0,35.0,150.0,146.0
24/10/2011,64,91.0,150.0,49.0,69.0,82.0,95.0
17/10/2011,100,150.0,82.0,35.0,53.0,64.0,98.0
10/10/2011,95,82.0,64.0,69.0,150.0,100.0,108.0
03/10/2011,136,64.0,100.0,53.0,87.0,95.0,123.0
26/09/2011,80,100.0,95.0,150.0,160.0,136.0,114.0
19/09/2011,122,95.0,136.0,87.0,102.0,80.0,76.0
12/09/2011,117,136.0,80.0,160.0,73.0,122.0,156.0
05/09/2011,84,80.0,122.0,102.0,106.0,117.0,115.0
29/08/2011,133,122.0,117.0,73.0,40.0,84.0,45.0
22/08/2011,62,117.0,84.0,106.0,97.0,133.0,70.0
15/08/2011,211,84.0,133.0,40.0,49.0,62.0,50.0
08/08/2011,143,133.0,62.0,97.0,98.0,211.0,85.0
01/08/2011,128,62.0,211.0,49.0,68.0,143.0,71.0
25/07/2011,105,211.0,143.0,98.0,74.0,128.0,129.0
18/07/2011,140,143.0,128.0,68.0,85.0,105.0,70.0
11/07/2011,51,128.0,105.0,74.0,40.0,140.0,50.0
04/07/2011,70,105.0,140.0,85.0,43.0,51.0,93.0
27/06/2011,46,140.0,51.0,40.0,28.0,70.0,47.0
20/06/2011,17,51.0,70.0,43.0,16.0,46.0,50.0
13/06/2011,21,70.0,46.0,28.0,23.0,17.0,18.0
06/06/2011,51,46.0,17.0,16.0,12.0,21.0,3.0
30/05/2011,22,17.0,21.0,23.0,17.0,51.0,15.0
23/05/2011,11,21.0,51.0,12.0,12.0,22.0,11.0
16/05/2011,3,51.0,22.0,17.0,8.0,11.0,4.0
09/05/2011,10,22.0,11.0,12.0,4.0,3.0,4.0
02/05/2011,4,11.0,3.0,8.0,5.0,10.0,3.0
25/04/2011,3,3.0,10.0,4.0,1.0,4.0,3.0
18/04/2011,9,10.0,4.0,5.0,0.0,3.0,4.0
11/04/2011,14,4.0,3.0,1.0,6.0,9.0,15.0
04/04/2011,12,3.0,9.0,0.0,0.0,14.0,6.0
28/03/2011,22,9.0,14.0,6.0,2.0,12.0,12.0
21/03/2011,43,14.0,12.0,0.0,9.0,22.0,15.0
14/03/2011,27,12.0,22.0,2.0,13.0,43.0,27.0
07/03/2011,67,22.0,43.0,9.0,17.0,27.0,34.0
28/02/2011,78,43.0,27.0,13.0,19.0,67.0,23.0
21/02/2011,61,27.0,67.0,17.0,33.0,78.0,30.0
14/02/2011,62,67.0,78.0,19.0,22.0,61.0,45.0
07/02/2011,40,78.0,61.0,33.0,35.0,62.0,15.0
31/01/2011,98,61.0,62.0,22.0,41.0,40.0,48.0
24/01/2011,110,62.0,40.0,35.0,55.0,98.0,41.0
17/01/2011,142,40.0,98.0,41.0,54.0,110.0,35.0
10/01/2011,53,98.0,110.0,55.0,78.0,142.0,70.0
03/01/2011,39,110.0,142.0,54.0,29.0,53.0,13.0
27/12/2010,304,142.0,53.0,78.0,67.0,39.0,65.0
20/12/2010,300,53.0,39.0,29.0,136.0,304.0,125.0
13/12/2010,115,39.0,304.0,67.0,68.0,300.0,143.0
06/12/2010,176,304.0,300.0,136.0,51.0,115.0,75.0
29/11/2010,176,300.0,115.0,68.0,56.0,176.0,107.0
22/11/2010,157,115.0,176.0,51.0,44.0,176.0,102.0
15/11/2010,188,176.0,176.0,56.0,73.0,157.0,103.0
08/11/2010,128,176.0,157.0,44.0,45.0,188.0,142.0
01/11/2010,165,157.0,188.0,73.0,79.0,128.0,125.0
25/10/2010,129,188.0,128.0,45.0,50.0,165.0,124.0
18/10/2010,197,128.0,165.0,79.0,68.0,129.0,161.0
11/10/2010,129,165.0,129.0,50.0,68.0,197.0,173.0
04/10/2010,217,129.0,197.0,68.0,85.0,129.0,155.0
27/09/2010,109,197.0,129.0,68.0,35.0,217.0,168.0
20/09/2010,212,129.0,217.0,85.0,124.0,109.0,35.0
13/09/2010,265,217.0,109.0,35.0,34.0,212.0,120.0
06/09/2010,149,109.0,212.0,124.0,129.0,265.0,193.0
30/08/2010,143,212.0,265.0,34.0,42.0,149.0,159.0
23/08/2010,165,265.0,149.0,129.0,90.0,143.0,176.0
16/08/2010,198,149.0,143.0,42.0,69.0,165.0,117.0
09/08/2010,197,143.0,165.0,90.0,48.0,198.0,100.0
02/08/2010,211,165.0,198.0,69.0,51.0,197.0,138.0
26/07/2010,177,198.0,197.0,48.0,53.0,211.0,115.0
19/07/2010,168,197.0,211.0,51.0,42.0,177.0,105.0
12/07/2010,110,211.0,177.0,53.0,57.0,168.0,135.0
05/07/2010,65,177.0,168.0,42.0,48.0,110.0,182.0
28/06/2010,104,168.0,110.0,57.0,52.0,65.0,72.0
21/06/2010,85,110.0,65.0,48.0,17.0,104.0,72.0
14/06/2010,54,65.0,104.0,52.0,11.0,85.0,55.0
07/06/2010,18,104.0,85.0,17.0,12.0,54.0,41.0
31/05/2010,16,85.0,54.0,11.0,7.0,18.0,29.0
24/05/2010,14,54.0,18.0,12.0,5.0,16.0,32.0
17/05/2010,7,18.0,16.0,7.0,0.0,14.0,11.0
10/05/2010,27,16.0,14.0,5.0,6.0,7.0,1.0
03/05/2010,16,14.0,7.0,0.0,1.0,27.0,19.0
26/04/2010,11,7.0,27.0,6.0,3.0,16.0,6.0
19/04/2010,2,27.0,16.0,1.0,0.0,11.0,4.0
12/04/2010,4,16.0,11.0,3.0,4.0,2.0,13.0
05/04/2010,7,11.0,2.0,0.0,5.0,4.0,8.0
29/03/2010,15,2.0,4.0,4.0,6.0,7.0,5.0
22/03/2010,30,4.0,7.0,5.0,9.0,15.0,12.0
15/03/2010,31,7.0,15.0,6.0,6.0,30.0,20.0
08/03/2010,25,15.0,30.0,9.0,6.0,31.0,36.0
01/03/2010,50,30.0,31.0,6.0,14.0,25.0,30.0
22/02/2010,37,31.0,25.0,6.0,8.0,50.0,27.0
15/02/2010,59,25.0,50.0,14.0,10.0,37.0,30.0
08/02/2010,58,50.0,37.0,8.0,16.0,59.0,30.0
01/02/2010,42,37.0,59.0,10.0,28.0,58.0,46.0
25/01/2010,91,59.0,58.0,16.0,40.0,42.0,126.0
18/01/2010,86,58.0,42.0,28.0,33.0,91.0,96.0
11/01/2010,41,42.0,91.0,40.0,28.0,86.0,102.0
04/01/2010,47,91.0,86.0,33.0,6.0,41.0,55.0
28/12/2009,166,86.0,41.0,28.0,18.0,47.0,48.0
21/12/2009,113,41.0,47.0,6.0,31.0,166.0,88.0
14/12/2009,62,47.0,166.0,18.0,21.0,113.0,62.0
07/12/2009,82,166.0,113.0,31.0,21.0,62.0,81.0
30/11/2009,56,113.0,62.0,21.0,38.0,82.0,96.0
23/11/2009,46,62.0,82.0,21.0,43.0,56.0,99.0
16/11/2009,48,82.0,56.0,38.0,31.0,46.0,129.0
09/11/2009,124,56.0,46.0,43.0,46.0,48.0,104.0
02/11/2009,74,46.0,48.0,31.0,62.0,124.0,113.0
26/10/2009,116,48.0,124.0,46.0,38.0,74.0,128.0
19/10/2009,120,124.0,74.0,62.0,95.0,116.0,124.0
12/10/2009,101,74.0,116.0,38.0,64.0,120.0,137.0
05/10/2009,121,116.0,120.0,95.0,72.0,101.0,190.0
28/09/2009,160,120.0,101.0,64.0,93.0,121.0,148.0
21/09/2009,199,101.0,121.0,72.0,75.0,160.0,143.0
14/09/2009,147,121.0,160.0,93.0,78.0,199.0,272.0
07/09/2009,130,160.0,199.0,75.0,84.0,147.0,214.0
31/08/2009,175,199.0,147.0,78.0,70.0,130.0,191.0
24/08/2009,156,147.0,130.0,84.0,81.0,175.0,243.0
17/08/2009,185,130.0,175.0,70.0,59.0,156.0,151.0
10/08/2009,123,175.0,156.0,81.0,85.0,185.0,216.0
03/08/2009,151,156.0,185.0,59.0,59.0,123.0,145.0
27/07/2009,150,185.0,123.0,85.0,97.0,151.0,221.0
20/07/2009,169,123.0,151.0,59.0,70.0,150.0,205.0
13/07/2009,154,151.0,150.0,97.0,104.0,169.0,168.0
06/07/2009,68,150.0,169.0,70.0,42.0,154.0,253.0
29/06/2009,93,169.0,154.0,104.0,35.0,68.0,97.0
22/06/2009,74,154.0,68.0,42.0,54.0,93.0,70.0
15/06/2009,56,68.0,93.0,35.0,48.0,74.0,56.0
08/06/2009,35,93.0,74.0,54.0,24.0,56.0,37.0
01/06/2009,24,74.0,56.0,48.0,21.0,35.0,26.0
25/05/2009,11,56.0,35.0,24.0,10.0,24.0,7.0
18/05/2009,35,35.0,24.0,21.0,5.0,11.0,8.0
11/05/2009,11,24.0,11.0,10.0,1.0,35.0,4.0
04/05/2009,22,11.0,35.0,5.0,0.0,11.0,1.0
27/04/2009,8,35.0,11.0,1.0,1.0,22.0,8.0
20/04/2009,5,11.0,22.0,0.0,0.0,8.0,6.0
13/04/2009,23,22.0,8.0,1.0,0.0,5.0,3.0
06/04/2009,27,8.0,5.0,0.0,2.0,23.0,12.0
30/03/2009,33,5.0,23.0,0.0,2.0,27.0,18.0
23/03/2009,74,23.0,27.0,2.0,1.0,33.0,46.0
16/03/2009,57,27.0,33.0,2.0,2.0,74.0,36.0
09/03/2009,95,33.0,74.0,1.0,4.0,57.0,36.0
02/03/2009,73,74.0,57.0,2.0,0.0,95.0,56.0
23/02/2009,171,57.0,95.0,4.0,3.0,73.0,58.0
16/02/2009,206,95.0,73.0,0.0,3.0,171.0,108.0
09/02/2009,144,73.0,171.0,3.0,5.0,206.0,75.0
02/02/2009,155,171.0,206.0,3.0,8.0,144.0,118.0
26/01/2009,191,206.0,144.0,5.0,4.0,155.0,85.0
19/01/2009,125,144.0,155.0,8.0,17.0,191.0,115.0
12/01/2009,157,155.0,191.0,4.0,26.0,125.0,114.0
05/01/2009,121,191.0,125.0,17.0,8.0,157.0,74.0
29/12/2008,59,125.0,157.0,26.0,20.0,121.0,93.0
22/12/2008,333,157.0,121.0,8.0,38.0,59.0,155.0
15/12/2008,145,121.0,59.0,20.0,52.0,333.0,240.0
08/12/2008,208,59.0,333.0,38.0,27.0,145.0,86.0
01/12/2008,174,333.0,145.0,52.0,86.0,208.0,93.0
24/11/2008,128,145.0,208.0,27.0,57.0,174.0,108.0
17/11/2008,190,208.0,174.0,86.0,76.0,128.0,145.0
10/11/2008,228,174.0,128.0,57.0,42.0,190.0,77.0
03/11/2008,149,128.0,190.0,76.0,67.0,228.0,189.0
27/10/2008,181,190.0,228.0,42.0,41.0,149.0,142.0
20/10/2008,131,228.0,149.0,67.0,63.0,181.0,140.0
13/10/2008,227,149.0,181.0,41.0,51.0,131.0,120.0
06/10/2008,158,181.0,131.0,63.0,48.0,227.0,312.0
29/09/2008,168,131.0,227.0,51.0,38.0,158.0,199.0
22/09/2008,181,227.0,158.0,48.0,60.0,168.0,143.0
15/09/2008,138,158.0,168.0,38.0,55.0,181.0,145.0
08/09/2008,129,168.0,181.0,60.0,60.0,138.0,106.0
01/09/2008,161,181.0,138.0,55.0,50.0,129.0,195.0
25/08/2008,121,138.0,129.0,60.0,51.0,161.0,149.0
18/08/2008,128,129.0,161.0,50.0,60.0,121.0,172.0
11/08/2008,150,161.0,121.0,51.0,52.0,128.0,152.0
04/08/2008,146,121.0,128.0,60.0,50.0,150.0,152.0
28/07/2008,115,128.0,150.0,52.0,34.0,146.0,141.0
21/07/2008,120,150.0,146.0,50.0,25.0,115.0,93.0
14/07/2008,140,146.0,115.0,34.0,19.0,120.0,68.0
07/07/2008,73,115.0,120.0,25.0,23.0,140.0,95.0
30/06/2008,91,120.0,140.0,19.0,21.0,73.0,61.0
23/06/2008,71,140.0,73.0,23.0,28.0,91.0,103.0
16/06/2008,61,73.0,91.0,21.0,23.0,71.0,65.0
09/06/2008,19,91.0,71.0,28.0,14.0,61.0,16.0
02/06/2008,16,71.0,61.0,23.0,4.0,19.0,21.0
26/05/2008,11,61.0,19.0,14.0,6.0,16.0,6.0
19/05/2008,17,19.0,16.0,4.0,4.0,11.0,11.0
12/05/2008,14,16.0,11.0,6.0,3.0,17.0,6.0
05/05/2008,13,11.0,17.0,4.0,3.0,14.0,7.0
28/04/2008,22,17.0,14.0,3.0,3.0,13.0,3.0
21/04/2008,42,14.0,13.0,3.0,4.0,22.0,4.0
14/04/2008,4,13.0,22.0,3.0,1.0,42.0,6.0
07/04/2008,18,22.0,42.0,4.0,3.0,4.0,6.0
31/03/2008,6,42.0,4.0,1.0,1.0,18.0,10.0
24/03/2008,10,4.0,18.0,3.0,13.0,6.0,11.0
17/03/2008,60,18.0,6.0,1.0,12.0,10.0,15.0
10/03/2008,103,6.0,10.0,13.0,18.0,60.0,29.0
03/03/2008,31,10.0,60.0,12.0,22.0,103.0,17.0
25/02/2008,103,60.0,103.0,18.0,24.0,31.0,12.0
18/02/2008,44,103.0,31.0,22.0,22.0,103.0,17.0
11/02/2008,91,31.0,103.0,24.0,68.0,44.0,33.0
04/02/2008,83,103.0,44.0,22.0,36.0,91.0,71.0
28/01/2008,111,44.0,91.0,68.0,44.0,83.0,64.0
21/01/2008,91,91.0,83.0,36.0,31.0,111.0,66.0
14/01/2008,163,83.0,111.0,44.0,50.0,91.0,100.0
07/01/2008,28,111.0,91.0,31.0,27.0,163.0,92.0
31/12/2007,106,91.0,163.0,50.0,27.0,28.0,53.0
24/12/2007,291,163.0,28.0,27.0,73.0,106.0,179.0
17/12/2007,185,28.0,106.0,27.0,64.0,291.0,118.0
10/12/2007,197,106.0,291.0,73.0,124.0,185.0,184.0
03/12/2007,147,291.0,185.0,64.0,75.0,197.0,114.0
26/11/2007,192,185.0,197.0,124.0,38.0,147.0,96.0
19/11/2007,190,197.0,147.0,75.0,69.0,192.0,144.0
12/11/2007,147,147.0,192.0,38.0,53.0,190.0,100.0
05/11/2007,131,192.0,190.0,69.0,68.0,147.0,170.0
29/10/2007,149,190.0,147.0,53.0,44.0,131.0,98.0
22/10/2007,99,147.0,131.0,68.0,68.0,149.0,98.0
15/10/2007,233,131.0,149.0,44.0,63.0,99.0,98.0
08/10/2007,146,149.0,99.0,68.0,69.0,233.0,86.0
01/10/2007,182,99.0,233.0,63.0,86.0,146.0,89.0
24/09/2007,68,233.0,146.0,69.0,46.0,182.0,77.0
17/09/2007,180,146.0,182.0,86.0,140.0,68.0,91.0
10/09/2007,142,182.0,68.0,46.0,76.0,180.0,107.0
03/09/2007,80,68.0,180.0,140.0,48.0,142.0,86.0
27/08/2007,194,180.0,142.0,76.0,68.0,80.0,32.0
20/08/2007,286,142.0,80.0,48.0,81.0,194.0,70.0
13/08/2007,129,80.0,194.0,68.0,79.0,286.0,131.0
06/08/2007,93,194.0,286.0,81.0,102.0,129.0,104.0
30/07/2007,199,286.0,129.0,79.0,82.0,93.0,131.0
23/07/2007,120,129.0,93.0,102.0,84.0,199.0,93.0
16/07/2007,151,93.0,199.0,82.0,65.0,120.0,140.0
09/07/2007,88,199.0,120.0,84.0,68.0,151.0,113.0
02/07/2007,87,120.0,151.0,65.0,64.0,88.0,38.0
25/06/2007,67,151.0,88.0,68.0,45.0,87.0,107.0
18/06/2007,52,88.0,87.0,64.0,34.0,67.0,113.0
11/06/2007,65,87.0,67.0,45.0,16.0,52.0,31.0
04/06/2007,6,67.0,52.0,34.0,6.0,65.0,24.0
28/05/2007,64,52.0,65.0,16.0,6.0,6.0,30.0
21/05/2007,18,65.0,6.0,6.0,2.0,64.0,8.0
14/05/2007,3,6.0,64.0,6.0,1.0,18.0,9.0
07/05/2007,0,64.0,18.0,2.0,5.0,3.0,7.0
30/04/2007,13,18.0,3.0,1.0,3.0,0.0,3.0
23/04/2007,9,3.0,0.0,5.0,2.0,13.0,12.0
16/04/2007,4,0.0,13.0,3.0,1.0,9.0,11.0
09/04/2007,8,13.0,9.0,2.0,6.0,4.0,8.0
02/04/2007,12,9.0,4.0,1.0,8.0,8.0,5.0
26/03/2007,13,4.0,8.0,6.0,4.0,12.0,18.0
19/03/2007,31,8.0,12.0,8.0,6.0,13.0,12.0
12/03/2007,35,12.0,13.0,4.0,21.0,31.0,23.0
05/03/2007,8,13.0,31.0,6.0,13.0,35.0,16.0
26/02/2007,73,31.0,35.0,21.0,13.0,8.0,44.0
19/02/2007,77,35.0,8.0,13.0,21.0,73.0,44.0
12/02/2007,21,8.0,73.0,13.0,30.0,77.0,72.0
05/02/2007,104,73.0,77.0,21.0,12.0,21.0,54.0
29/01/2007,105,77.0,21.0,30.0,39.0,104.0,65.0
22/01/2007,92,21.0,104.0,12.0,19.0,105.0,69.0
15/01/2007,192,104.0,105.0,39.0,55.0,92.0,107.0
08/01/2007,2,105.0,92.0,19.0,20.0,192.0,90.0
01/01/2007,67,92.0,192.0,55.0,22.0,2.0,9.0
25/12/2006,283,192.0,2.0,20.0,47.0,67.0,129.0
18/12/2006,135,2.0,67.0,22.0,93.0,283.0,156.0
11/12/2006,129,67.0,283.0,47.0,40.0,135.0,240.0
04/12/2006,203,283.0,135.0,93.0,56.0,129.0,190.0
27/11/2006,152,135.0,129.0,40.0,36.0,203.0,166.0
20/11/2006,107,129.0,203.0,56.0,40.0,152.0,138.0
13/11/2006,185,203.0,152.0,36.0,31.0,107.0,128.0
06/11/2006,110,152.0,107.0,40.0,42.0,185.0,239.0
30/10/2006,138,107.0,185.0,31.0,47.0,110.0,196.0
23/10/2006,100,185.0,110.0,42.0,31.0,138.0,108.0
16/10/2006,228,110.0,138.0,47.0,41.0,100.0,160.0
09/10/2006,130,138.0,100.0,31.0,55.0,228.0,131.0
02/10/2006,137,100.0,228.0,41.0,38.0,130.0,331.0
25/09/2006,235,228.0,130.0,55.0,49.0,137.0,155.0
18/09/2006,138,130.0,137.0,38.0,47.0,235.0,168.0
11/09/2006,166,137.0,235.0,49.0,42.0,138.0,137.0
04/09/2006,122,235.0,138.0,47.0,86.0,166.0,144.0
28/08/2006,149,138.0,166.0,42.0,54.0,122.0,119.0
21/08/2006,124,166.0,122.0,86.0,54.0,149.0,126.0
14/08/2006,187,122.0,149.0,54.0,45.0,124.0,239.0
07/08/2006,195,149.0,124.0,54.0,46.0,187.0,133.0
31/07/2006,130,124.0,187.0,45.0,48.0,195.0,140.0
24/07/2006,126,187.0,195.0,46.0,24.0,130.0,129.0
17/07/2006,154,195.0,130.0,48.0,21.0,126.0,97.0
10/07/2006,149,130.0,126.0,24.0,40.0,154.0,121.0
03/07/2006,106,126.0,154.0,21.0,27.0,149.0,66.0
26/06/2006,151,154.0,149.0,40.0,10.0,106.0,56.0
19/06/2006,100,149.0,106.0,27.0,30.0,151.0,42.0
12/06/2006,91,106.0,151.0,10.0,8.0,100.0,34.0
05/06/2006,46,151.0,100.0,30.0,30.0,91.0,30.0
29/05/2006,38,100.0,91.0,8.0,10.0,46.0,62.0
22/05/2006,13,91.0,46.0,30.0,1.0,38.0,9.0
15/05/2006,22,46.0,38.0,10.0,0.0,13.0,8.0
08/05/2006,33,38.0,13.0,1.0,1.0,22.0,4.0
01/05/2006,9,13.0,22.0,0.0,6.0,33.0,4.0
24/04/2006,14,22.0,33.0,1.0,3.0,9.0,2.0
17/04/2006,48,33.0,9.0,6.0,20.0,14.0,0.0
10/04/2006,7,9.0,14.0,3.0,1.0,48.0,4.0
03/04/2006,18,14.0,48.0,20.0,8.0,7.0,6.0
27/03/2006,6,48.0,7.0,1.0,18.0,18.0,9.0
20/03/2006,21,7.0,18.0,8.0,13.0,6.0,20.0
13/03/2006,30,18.0,6.0,18.0,8.0,21.0,18.0
06/03/2006,21,6.0,21.0,13.0,26.0,30.0,15.0
27/02/2006,79,21.0,30.0,8.0,10.0,21.0,12.0
20/02/2006,64,30.0,21.0,26.0,82.0,79.0,38.0
13/02/2006,55,21.0,79.0,10.0,40.0,64.0,25.0
06/02/2006,18,79.0,64.0,82.0,21.0,55.0,43.0
30/01/2006,101,64.0,55.0,40.0,53.0,18.0,52.0
23/01/2006,63,55.0,18.0,21.0,39.0,101.0,35.0
16/01/2006,59,18.0,101.0,53.0,40.0,63.0,29.0
09/01/2006,6,101.0,63.0,39.0,42.0,59.0,54.0
02/01/2006,26,63.0,59.0,40.0,0.0,6.0,10.0
26/12/2005,150,59.0,6.0,42.0,43.0,26.0,30.0
19/12/2005,80,6.0,26.0,0.0,81.0,150.0,80.0
12/12/2005,82,26.0,150.0,43.0,59.0,80.0,140.0
05/12/2005,58,150.0,80.0,81.0,14.0,82.0,43.0
28/11/2005,84,80.0,82.0,59.0,34.0,58.0,108.0
21/11/2005,59,82.0,58.0,14.0,9.0,84.0,35.0
14/11/2005,60,58.0,84.0,34.0,66.0,59.0,68.0
07/11/2005,116,84.0,59.0,9.0,56.0,60.0,77.0
31/10/2005,99,59.0,60.0,66.0,52.0,116.0,106.0
24/10/2005,112,60.0,116.0,56.0,52.0,99.0,77.0
17/10/2005,197,116.0,99.0,52.0,55.0,112.0,76.0
10/10/2005,116,99.0,112.0,52.0,85.0,197.0,107.0
03/10/2005,215,112.0,197.0,55.0,50.0,116.0,100.0
26/09/2005,82,197.0,116.0,85.0,35.0,215.0,36.0
19/09/2005,155,116.0,215.0,50.0,62.0,82.0,80.0
12/09/2005,80,215.0,82.0,35.0,15.0,155.0,60.0
05/09/2005,13,82.0,155.0,62.0,23.0,80.0,38.0
29/08/2005,70,155.0,80.0,15.0,7.0,13.0,15.0
22/08/2005,391,80.0,13.0,23.0,34.0,70.0,42.0
15/08/2005,178,13.0,70.0,7.0,87.0,391.0,125.0
08/08/2005,124,70.0,391.0,34.0,14.0,178.0,85.0
01/08/2005,235,391.0,178.0,87.0,41.0,124.0,63.0
25/07/2005,88,178.0,124.0,14.0,33.0,235.0,85.0
18/07/2005,187,124.0,235.0,41.0,37.0,88.0,102.0
11/07/2005,140,235.0,88.0,33.0,21.0,187.0,133.0
04/07/2005,111,88.0,187.0,37.0,9.0,140.0,84.0
27/06/2005,72,187.0,140.0,21.0,28.0,111.0,61.0
20/06/2005,75,140.0,111.0,9.0,7.0,72.0,76.0
13/06/2005,44,111.0,72.0,28.0,5.0,75.0,107.0
06/06/2005,40,72.0,75.0,7.0,7.0,44.0,69.0
30/05/2005,37,75.0,44.0,5.0,6.0,40.0,23.0
23/05/2005,10,44.0,40.0,7.0,4.0,37.0,35.0
16/05/2005,6,40.0,37.0,6.0,5.0,10.0,15.0
09/05/2005,7,37.0,10.0,4.0,3.0,6.0,10.0
02/05/2005,5,10.0,6.0,5.0,5.0,7.0,9.0
25/04/2005,10,6.0,7.0,3.0,0.0,5.0,2.0
18/04/2005,11,7.0,5.0,5.0,1.0,10.0,1.0
11/04/2005,16,5.0,10.0,0.0,3.0,11.0,27.0
04/04/2005,20,10.0,11.0,1.0,5.0,16.0,8.0
28/03/2005,17,11.0,16.0,3.0,3.0,20.0,26.0
21/03/2005,21,16.0,20.0,5.0,1.0,17.0,43.0
14/03/2005,34,20.0,17.0,3.0,17.0,21.0,26.0
07/03/2005,28,17.0,21.0,1.0,3.0,34.0,39.0
28/02/2005,44,21.0,34.0,17.0,11.0,28.0,32.0
21/02/2005,33,34.0,28.0,3.0,11.0,44.0,46.0
14/02/2005,85,28.0,44.0,11.0,7.0,33.0,87.0
07/02/2005,16,44.0,33.0,11.0,13.0,85.0,33.0
31/01/2005,95,33.0,85.0,7.0,23.0,16.0,25.0
24/01/2005,43,85.0,16.0,13.0,15.0,95.0,122.0
17/01/2005,35,16.0,95.0,23.0,30.0,43.0,70.0
10/01/2005,30,95.0,43.0,15.0,7.0,35.0,72.0
03/01/2005,259,43.0,35.0,30.0,9.0,30.0,12.0
