Date,BUDAPEST,BUDAPEST.L1,BUDAPEST.L2,BUDAPEST.L3,BUDAPEST.L4,BUDAPEST.L5,BUDAPEST.L6,BUDAPEST.L7,BUDAPEST.L8,BUDAPEST.L9,BUDAPEST.L10,BUDAPEST.L11,BUDAPEST.L12,BUDAPEST.L13,BUDAPEST.L14,BARANYA.L1,BACS.L1,CSONGRAD.L1,FEJER.L1,GYOR.L1,GYOR.L3,JASZ.L1,KOMAROM.L1,KOMAROM.L5,PEST.L1,SOMOGY.L1,SZABOLCS.L1,VAS.L1,VESZPREM.L1
15/09/2014,113,129.0,132.0,116.0,135.0,127.0,114.0,119.0,115.0,153.0,174.0,122.0,163.0,96.0,157.0,53.0,84.0,41.0,58.0,91.0,92.0,91.0,51.0,91.0,144.0,50.0,41.0,64.0,59.0
08/09/2014,114,113.0,129.0,132.0,116.0,135.0,127.0,114.0,119.0,115.0,153.0,174.0,122.0,163.0,96.0,74.0,62.0,66.0,83.0,111.0,128.0,124.0,63.0,82.0,125.0,55.0,49.0,46.0,87.0
01/09/2014,98,114.0,113.0,129.0,132.0,116.0,135.0,127.0,114.0,119.0,115.0,153.0,174.0,122.0,163.0,50.0,120.0,48.0,77.0,119.0,91.0,141.0,59.0,72.0,138.0,57.0,41.0,98.0,64.0
25/08/2014,140,98.0,114.0,113.0,129.0,132.0,116.0,135.0,127.0,114.0,119.0,115.0,153.0,174.0,122.0,66.0,81.0,40.0,59.0,131.0,111.0,97.0,64.0,66.0,83.0,42.0,29.0,42.0,39.0
18/08/2014,120,140.0,98.0,114.0,113.0,129.0,132.0,116.0,135.0,127.0,114.0,119.0,115.0,153.0,174.0,81.0,103.0,51.0,89.0,146.0,119.0,224.0,124.0,51.0,159.0,66.0,57.0,111.0,76.0
11/08/2014,173,120.0,140.0,98.0,114.0,113.0,129.0,132.0,116.0,135.0,127.0,114.0,119.0,115.0,153.0,46.0,86.0,25.0,93.0,123.0,131.0,97.0,83.0,63.0,153.0,42.0,36.0,56.0,44.0
04/08/2014,135,173.0,120.0,140.0,98.0,114.0,113.0,129.0,132.0,116.0,135.0,127.0,114.0,119.0,115.0,99.0,125.0,37.0,84.0,122.0,146.0,174.0,105.0,59.0,137.0,54.0,93.0,40.0,141.0
28/07/2014,143,135.0,173.0,120.0,140.0,98.0,114.0,113.0,129.0,132.0,116.0,135.0,127.0,114.0,119.0,62.0,145.0,27.0,75.0,123.0,123.0,99.0,74.0,64.0,165.0,42.0,19.0,49.0,98.0
21/07/2014,139,143.0,135.0,173.0,120.0,140.0,98.0,114.0,113.0,129.0,132.0,116.0,135.0,127.0,114.0,98.0,129.0,48.0,73.0,128.0,122.0,163.0,146.0,124.0,145.0,23.0,84.0,39.0,87.0
14/07/2014,155,139.0,143.0,135.0,173.0,120.0,140.0,98.0,114.0,113.0,129.0,132.0,116.0,135.0,127.0,30.0,94.0,30.0,56.0,79.0,123.0,99.0,82.0,83.0,66.0,13.0,14.0,29.0,69.0
07/07/2014,98,155.0,139.0,143.0,135.0,173.0,120.0,140.0,98.0,114.0,113.0,129.0,132.0,116.0,135.0,56.0,94.0,24.0,77.0,93.0,128.0,123.0,83.0,105.0,117.0,36.0,73.0,53.0,66.0
30/06/2014,87,98.0,155.0,139.0,143.0,135.0,173.0,120.0,140.0,98.0,114.0,113.0,129.0,132.0,116.0,40.0,153.0,13.0,31.0,62.0,79.0,82.0,81.0,74.0,89.0,12.0,60.0,25.0,49.0
23/06/2014,110,87.0,98.0,155.0,139.0,143.0,135.0,173.0,120.0,140.0,98.0,114.0,113.0,129.0,132.0,18.0,38.0,32.0,33.0,66.0,93.0,84.0,72.0,146.0,91.0,11.0,86.0,54.0,51.0
16/06/2014,70,110.0,87.0,98.0,155.0,139.0,143.0,135.0,173.0,120.0,140.0,98.0,114.0,113.0,129.0,15.0,67.0,20.0,24.0,41.0,62.0,58.0,43.0,82.0,31.0,11.0,35.0,18.0,39.0
09/06/2014,43,70.0,110.0,87.0,98.0,155.0,139.0,143.0,135.0,173.0,120.0,140.0,98.0,114.0,113.0,12.0,11.0,8.0,13.0,35.0,66.0,25.0,33.0,83.0,25.0,6.0,8.0,29.0,24.0
02/06/2014,37,43.0,70.0,110.0,87.0,98.0,155.0,139.0,143.0,135.0,173.0,120.0,140.0,98.0,114.0,12.0,7.0,6.0,13.0,16.0,41.0,26.0,20.0,81.0,23.0,11.0,18.0,9.0,8.0
26/05/2014,30,37.0,43.0,70.0,110.0,87.0,98.0,155.0,139.0,143.0,135.0,173.0,120.0,140.0,98.0,4.0,21.0,6.0,9.0,9.0,35.0,18.0,17.0,72.0,19.0,5.0,11.0,6.0,17.0
19/05/2014,21,30.0,37.0,43.0,70.0,110.0,87.0,98.0,155.0,139.0,143.0,135.0,173.0,120.0,140.0,4.0,6.0,6.0,1.0,1.0,16.0,9.0,4.0,43.0,20.0,5.0,7.0,3.0,4.0
12/05/2014,22,21.0,30.0,37.0,43.0,70.0,110.0,87.0,98.0,155.0,139.0,143.0,135.0,173.0,120.0,1.0,1.0,3.0,2.0,12.0,9.0,2.0,4.0,33.0,7.0,2.0,6.0,3.0,4.0
05/05/2014,15,22.0,21.0,30.0,37.0,43.0,70.0,110.0,87.0,98.0,155.0,139.0,143.0,135.0,173.0,0.0,0.0,0.0,4.0,8.0,1.0,6.0,3.0,20.0,22.0,4.0,1.0,24.0,1.0
28/04/2014,11,15.0,22.0,21.0,30.0,37.0,43.0,70.0,110.0,87.0,98.0,155.0,139.0,143.0,135.0,1.0,2.0,3.0,1.0,7.0,12.0,5.0,5.0,17.0,13.0,2.0,4.0,0.0,0.0
21/04/2014,7,11.0,15.0,22.0,21.0,30.0,37.0,43.0,70.0,110.0,87.0,98.0,155.0,139.0,143.0,3.0,9.0,3.0,1.0,6.0,8.0,4.0,1.0,4.0,9.0,2.0,2.0,1.0,1.0
14/04/2014,12,7.0,11.0,15.0,22.0,21.0,30.0,37.0,43.0,70.0,110.0,87.0,98.0,155.0,139.0,1.0,1.0,1.0,2.0,2.0,7.0,7.0,4.0,4.0,8.0,3.0,3.0,2.0,2.0
07/04/2014,5,12.0,7.0,11.0,15.0,22.0,21.0,30.0,37.0,43.0,70.0,110.0,87.0,98.0,155.0,3.0,6.0,3.0,0.0,1.0,6.0,5.0,4.0,3.0,18.0,3.0,6.0,4.0,4.0
31/03/2014,17,5.0,12.0,7.0,11.0,15.0,22.0,21.0,30.0,37.0,43.0,70.0,110.0,87.0,98.0,2.0,3.0,1.0,4.0,2.0,2.0,9.0,7.0,5.0,15.0,6.0,6.0,4.0,5.0
24/03/2014,11,17.0,5.0,12.0,7.0,11.0,15.0,22.0,21.0,30.0,37.0,43.0,70.0,110.0,87.0,4.0,6.0,1.0,10.0,1.0,1.0,8.0,21.0,1.0,27.0,6.0,3.0,17.0,20.0
17/03/2014,27,11.0,17.0,5.0,12.0,7.0,11.0,15.0,22.0,21.0,30.0,37.0,43.0,70.0,110.0,3.0,5.0,0.0,16.0,5.0,2.0,12.0,9.0,4.0,51.0,5.0,12.0,16.0,25.0
10/03/2014,23,27.0,11.0,17.0,5.0,12.0,7.0,11.0,15.0,22.0,21.0,30.0,37.0,43.0,70.0,8.0,15.0,8.0,25.0,6.0,1.0,30.0,22.0,4.0,79.0,1.0,14.0,35.0,14.0
03/03/2014,30,23.0,27.0,11.0,17.0,5.0,12.0,7.0,11.0,15.0,22.0,21.0,30.0,37.0,43.0,9.0,26.0,18.0,25.0,8.0,5.0,20.0,43.0,7.0,77.0,17.0,6.0,42.0,50.0
24/02/2014,48,30.0,23.0,27.0,11.0,17.0,5.0,12.0,7.0,11.0,15.0,22.0,21.0,30.0,37.0,15.0,33.0,12.0,30.0,18.0,6.0,15.0,48.0,21.0,70.0,9.0,7.0,70.0,13.0
17/02/2014,37,48.0,30.0,23.0,27.0,11.0,17.0,5.0,12.0,7.0,11.0,15.0,22.0,21.0,30.0,12.0,35.0,19.0,13.0,20.0,8.0,23.0,51.0,9.0,67.0,17.0,33.0,41.0,35.0
10/02/2014,32,37.0,48.0,30.0,23.0,27.0,11.0,17.0,5.0,12.0,7.0,11.0,15.0,22.0,21.0,21.0,58.0,9.0,18.0,19.0,18.0,37.0,52.0,22.0,48.0,10.0,24.0,35.0,14.0
03/02/2014,49,32.0,37.0,48.0,30.0,23.0,27.0,11.0,17.0,5.0,12.0,7.0,11.0,15.0,22.0,9.0,36.0,24.0,15.0,27.0,20.0,25.0,17.0,43.0,31.0,5.0,19.0,48.0,22.0
27/01/2014,67,49.0,32.0,37.0,48.0,30.0,23.0,27.0,11.0,17.0,5.0,12.0,7.0,11.0,15.0,13.0,65.0,16.0,28.0,27.0,19.0,37.0,49.0,48.0,81.0,20.0,24.0,54.0,42.0
20/01/2014,106,67.0,49.0,32.0,37.0,48.0,30.0,23.0,27.0,11.0,17.0,5.0,12.0,7.0,11.0,28.0,40.0,28.0,22.0,34.0,27.0,45.0,50.0,51.0,44.0,38.0,28.0,70.0,72.0
13/01/2014,83,106.0,67.0,49.0,32.0,37.0,48.0,30.0,23.0,27.0,11.0,17.0,5.0,12.0,7.0,32.0,77.0,37.0,30.0,38.0,27.0,51.0,31.0,52.0,133.0,23.0,38.0,89.0,97.0
06/01/2014,114,83.0,106.0,67.0,49.0,32.0,37.0,48.0,30.0,23.0,27.0,11.0,17.0,5.0,12.0,24.0,44.0,9.0,17.0,25.0,34.0,49.0,37.0,17.0,85.0,51.0,18.0,66.0,80.0
30/12/2013,129,114.0,83.0,106.0,67.0,49.0,32.0,37.0,48.0,30.0,23.0,27.0,11.0,17.0,5.0,33.0,21.0,3.0,18.0,35.0,38.0,78.0,20.0,49.0,163.0,29.0,28.0,56.0,84.0
23/12/2013,189,129.0,114.0,83.0,106.0,67.0,49.0,32.0,37.0,48.0,30.0,23.0,27.0,11.0,17.0,42.0,60.0,48.0,36.0,47.0,25.0,45.0,72.0,50.0,173.0,79.0,35.0,79.0,109.0
16/12/2013,79,189.0,129.0,114.0,83.0,106.0,67.0,49.0,32.0,37.0,48.0,30.0,23.0,27.0,11.0,56.0,46.0,100.0,27.0,31.0,35.0,65.0,55.0,31.0,102.0,49.0,30.0,72.0,110.0
09/12/2013,163,79.0,189.0,129.0,114.0,83.0,106.0,67.0,49.0,32.0,37.0,48.0,30.0,23.0,27.0,8.0,29.0,26.0,27.0,28.0,47.0,30.0,39.0,37.0,114.0,61.0,19.0,59.0,111.0
02/12/2013,110,163.0,79.0,189.0,129.0,114.0,83.0,106.0,67.0,49.0,32.0,37.0,48.0,30.0,23.0,34.0,41.0,44.0,15.0,22.0,31.0,64.0,46.0,20.0,121.0,99.0,24.0,76.0,120.0
25/11/2013,158,110.0,163.0,79.0,189.0,129.0,114.0,83.0,106.0,67.0,49.0,32.0,37.0,48.0,30.0,35.0,31.0,48.0,29.0,35.0,28.0,30.0,24.0,72.0,105.0,97.0,41.0,55.0,136.0
18/11/2013,182,158.0,110.0,163.0,79.0,189.0,129.0,114.0,83.0,106.0,67.0,49.0,32.0,37.0,48.0,23.0,42.0,40.0,15.0,42.0,22.0,57.0,38.0,55.0,104.0,82.0,40.0,56.0,157.0
11/11/2013,136,182.0,158.0,110.0,163.0,79.0,189.0,129.0,114.0,83.0,106.0,67.0,49.0,32.0,37.0,25.0,70.0,121.0,22.0,59.0,35.0,47.0,28.0,39.0,119.0,145.0,54.0,53.0,155.0
04/11/2013,207,136.0,182.0,158.0,110.0,163.0,79.0,189.0,129.0,114.0,83.0,106.0,67.0,49.0,32.0,50.0,48.0,102.0,42.0,60.0,42.0,81.0,23.0,46.0,170.0,120.0,21.0,75.0,221.0
28/10/2013,251,207.0,136.0,182.0,158.0,110.0,163.0,79.0,189.0,129.0,114.0,83.0,106.0,67.0,49.0,51.0,52.0,85.0,44.0,82.0,59.0,74.0,53.0,24.0,140.0,120.0,64.0,82.0,180.0
21/10/2013,141,251.0,207.0,136.0,182.0,158.0,110.0,163.0,79.0,189.0,129.0,114.0,83.0,106.0,67.0,58.0,53.0,118.0,38.0,78.0,60.0,74.0,29.0,38.0,181.0,123.0,58.0,102.0,161.0
14/10/2013,193,141.0,251.0,207.0,136.0,182.0,158.0,110.0,163.0,79.0,189.0,129.0,114.0,83.0,106.0,62.0,59.0,85.0,42.0,33.0,82.0,102.0,34.0,28.0,149.0,101.0,38.0,71.0,221.0
07/10/2013,169,193.0,141.0,251.0,207.0,136.0,182.0,158.0,110.0,163.0,79.0,189.0,129.0,114.0,83.0,78.0,109.0,91.0,44.0,87.0,78.0,137.0,34.0,23.0,160.0,70.0,31.0,110.0,210.0
30/09/2013,141,169.0,193.0,141.0,251.0,207.0,136.0,182.0,158.0,110.0,163.0,79.0,189.0,129.0,114.0,48.0,69.0,131.0,58.0,49.0,33.0,82.0,36.0,53.0,161.0,47.0,8.0,81.0,230.0
23/09/2013,193,141.0,169.0,193.0,141.0,251.0,207.0,136.0,182.0,158.0,110.0,163.0,79.0,189.0,129.0,66.0,97.0,91.0,56.0,59.0,87.0,80.0,61.0,29.0,168.0,155.0,81.0,40.0,130.0
16/09/2013,359,193.0,141.0,169.0,193.0,141.0,251.0,207.0,136.0,182.0,158.0,110.0,163.0,79.0,189.0,30.0,55.0,152.0,64.0,52.0,49.0,104.0,45.0,34.0,153.0,43.0,81.0,34.0,192.0
09/09/2013,268,359.0,193.0,141.0,169.0,193.0,141.0,251.0,207.0,136.0,182.0,158.0,110.0,163.0,79.0,57.0,75.0,108.0,29.0,71.0,59.0,113.0,59.0,34.0,157.0,46.0,71.0,53.0,97.0
02/09/2013,168,268.0,359.0,193.0,141.0,169.0,193.0,141.0,251.0,207.0,136.0,182.0,158.0,110.0,163.0,139.0,97.0,165.0,103.0,76.0,52.0,104.0,54.0,36.0,221.0,81.0,95.0,71.0,190.0
26/08/2013,338,168.0,268.0,359.0,193.0,141.0,169.0,193.0,141.0,251.0,207.0,136.0,182.0,158.0,110.0,56.0,86.0,107.0,26.0,65.0,71.0,108.0,44.0,61.0,165.0,22.0,67.0,24.0,79.0
19/08/2013,186,338.0,168.0,268.0,359.0,193.0,141.0,169.0,193.0,141.0,251.0,207.0,136.0,182.0,158.0,68.0,59.0,82.0,57.0,68.0,76.0,89.0,30.0,45.0,121.0,42.0,83.0,21.0,133.0
12/08/2013,266,186.0,338.0,168.0,268.0,359.0,193.0,141.0,169.0,193.0,141.0,251.0,207.0,136.0,182.0,38.0,49.0,68.0,39.0,54.0,65.0,45.0,70.0,59.0,126.0,28.0,73.0,42.0,62.0
05/08/2013,240,266.0,186.0,338.0,168.0,268.0,359.0,193.0,141.0,169.0,193.0,141.0,251.0,207.0,136.0,72.0,34.0,149.0,66.0,69.0,68.0,120.0,38.0,54.0,143.0,22.0,48.0,24.0,136.0
29/07/2013,162,240.0,266.0,186.0,338.0,168.0,268.0,359.0,193.0,141.0,169.0,193.0,141.0,251.0,207.0,78.0,118.0,109.0,26.0,51.0,54.0,82.0,87.0,44.0,151.0,35.0,63.0,36.0,54.0
22/07/2013,264,162.0,240.0,266.0,186.0,338.0,168.0,268.0,359.0,193.0,141.0,169.0,193.0,141.0,251.0,60.0,55.0,118.0,30.0,85.0,69.0,34.0,25.0,30.0,105.0,14.0,30.0,18.0,58.0
15/07/2013,133,264.0,162.0,240.0,266.0,186.0,338.0,168.0,268.0,359.0,193.0,141.0,169.0,193.0,141.0,60.0,80.0,99.0,47.0,70.0,51.0,68.0,88.0,70.0,145.0,28.0,45.0,35.0,47.0
08/07/2013,201,133.0,264.0,162.0,240.0,266.0,186.0,338.0,168.0,268.0,359.0,193.0,141.0,169.0,193.0,51.0,65.0,51.0,32.0,66.0,85.0,64.0,51.0,38.0,134.0,19.0,41.0,34.0,39.0
01/07/2013,236,201.0,133.0,264.0,162.0,240.0,266.0,186.0,338.0,168.0,268.0,359.0,193.0,141.0,169.0,63.0,56.0,26.0,39.0,63.0,70.0,52.0,46.0,87.0,130.0,28.0,55.0,24.0,35.0
24/06/2013,111,236.0,201.0,133.0,264.0,162.0,240.0,266.0,186.0,338.0,168.0,268.0,359.0,193.0,141.0,70.0,25.0,27.0,22.0,118.0,66.0,23.0,41.0,25.0,89.0,19.0,37.0,24.0,34.0
17/06/2013,76,111.0,236.0,201.0,133.0,264.0,162.0,240.0,266.0,186.0,338.0,168.0,268.0,359.0,193.0,21.0,25.0,32.0,8.0,24.0,63.0,24.0,15.0,88.0,49.0,7.0,17.0,9.0,7.0
10/06/2013,52,76.0,111.0,236.0,201.0,133.0,264.0,162.0,240.0,266.0,186.0,338.0,168.0,268.0,359.0,54.0,16.0,3.0,6.0,29.0,118.0,2.0,8.0,51.0,24.0,9.0,17.0,13.0,7.0
03/06/2013,30,52.0,76.0,111.0,236.0,201.0,133.0,264.0,162.0,240.0,266.0,186.0,338.0,168.0,268.0,19.0,7.0,16.0,2.0,23.0,24.0,3.0,1.0,46.0,29.0,3.0,12.0,5.0,4.0
27/05/2013,30,30.0,52.0,76.0,111.0,236.0,201.0,133.0,264.0,162.0,240.0,266.0,186.0,338.0,168.0,5.0,3.0,11.0,0.0,12.0,29.0,8.0,7.0,41.0,15.0,4.0,3.0,1.0,4.0
20/05/2013,74,30.0,30.0,52.0,76.0,111.0,236.0,201.0,133.0,264.0,162.0,240.0,266.0,186.0,338.0,16.0,1.0,9.0,4.0,4.0,23.0,6.0,12.0,15.0,4.0,6.0,2.0,3.0,1.0
13/05/2013,45,74.0,30.0,30.0,52.0,76.0,111.0,236.0,201.0,133.0,264.0,162.0,240.0,266.0,186.0,1.0,4.0,1.0,1.0,2.0,12.0,1.0,2.0,8.0,6.0,1.0,9.0,1.0,2.0
06/05/2013,41,45.0,74.0,30.0,30.0,52.0,76.0,111.0,236.0,201.0,133.0,264.0,162.0,240.0,266.0,5.0,0.0,2.0,2.0,2.0,4.0,1.0,4.0,1.0,4.0,2.0,1.0,0.0,0.0
29/04/2013,20,41.0,45.0,74.0,30.0,30.0,52.0,76.0,111.0,236.0,201.0,133.0,264.0,162.0,240.0,1.0,0.0,6.0,2.0,2.0,2.0,0.0,0.0,7.0,17.0,2.0,2.0,0.0,3.0
22/04/2013,15,20.0,41.0,45.0,74.0,30.0,30.0,52.0,76.0,111.0,236.0,201.0,133.0,264.0,162.0,5.0,2.0,5.0,2.0,1.0,2.0,1.0,4.0,12.0,1.0,4.0,3.0,2.0,2.0
15/04/2013,11,15.0,20.0,41.0,45.0,74.0,30.0,30.0,52.0,76.0,111.0,236.0,201.0,133.0,264.0,3.0,1.0,0.0,0.0,1.0,2.0,2.0,6.0,2.0,4.0,1.0,5.0,1.0,2.0
08/04/2013,10,11.0,15.0,20.0,41.0,45.0,74.0,30.0,30.0,52.0,76.0,111.0,236.0,201.0,133.0,7.0,0.0,3.0,6.0,3.0,1.0,7.0,4.0,4.0,7.0,1.0,6.0,1.0,5.0
01/04/2013,9,10.0,11.0,15.0,20.0,41.0,45.0,74.0,30.0,30.0,52.0,76.0,111.0,236.0,201.0,3.0,4.0,1.0,2.0,7.0,1.0,10.0,8.0,0.0,12.0,6.0,10.0,2.0,1.0
25/03/2013,35,9.0,10.0,11.0,15.0,20.0,41.0,45.0,74.0,30.0,30.0,52.0,76.0,111.0,236.0,6.0,3.0,9.0,6.0,5.0,3.0,12.0,3.0,4.0,8.0,3.0,7.0,0.0,3.0
18/03/2013,20,35.0,9.0,10.0,11.0,15.0,20.0,41.0,45.0,74.0,30.0,30.0,52.0,76.0,111.0,1.0,2.0,4.0,0.0,9.0,7.0,15.0,13.0,6.0,29.0,6.0,6.0,7.0,7.0
11/03/2013,19,20.0,35.0,9.0,10.0,11.0,15.0,20.0,41.0,45.0,74.0,30.0,30.0,52.0,76.0,4.0,9.0,11.0,7.0,7.0,5.0,27.0,4.0,4.0,29.0,8.0,24.0,1.0,4.0
04/03/2013,51,19.0,20.0,35.0,9.0,10.0,11.0,15.0,20.0,41.0,45.0,74.0,30.0,30.0,52.0,3.0,10.0,19.0,25.0,8.0,9.0,17.0,5.0,8.0,23.0,4.0,13.0,4.0,10.0
25/02/2013,53,51.0,19.0,20.0,35.0,9.0,10.0,11.0,15.0,20.0,41.0,45.0,74.0,30.0,30.0,9.0,18.0,7.0,20.0,11.0,7.0,33.0,9.0,3.0,46.0,5.0,14.0,5.0,1.0
18/02/2013,77,53.0,51.0,19.0,20.0,35.0,9.0,10.0,11.0,15.0,20.0,41.0,45.0,74.0,30.0,16.0,19.0,20.0,37.0,9.0,8.0,53.0,11.0,13.0,47.0,7.0,42.0,4.0,15.0
11/02/2013,62,77.0,53.0,51.0,19.0,20.0,35.0,9.0,10.0,11.0,15.0,20.0,41.0,45.0,74.0,15.0,39.0,17.0,24.0,12.0,11.0,44.0,4.0,4.0,71.0,38.0,14.0,9.0,13.0
04/02/2013,93,62.0,77.0,53.0,51.0,19.0,20.0,35.0,9.0,10.0,11.0,15.0,20.0,41.0,45.0,24.0,14.0,18.0,50.0,13.0,9.0,41.0,7.0,5.0,94.0,15.0,7.0,29.0,10.0
28/01/2013,78,93.0,62.0,77.0,53.0,51.0,19.0,20.0,35.0,9.0,10.0,11.0,15.0,20.0,41.0,17.0,26.0,7.0,61.0,31.0,12.0,55.0,14.0,9.0,127.0,55.0,46.0,12.0,19.0
21/01/2013,82,78.0,93.0,62.0,77.0,53.0,51.0,19.0,20.0,35.0,9.0,10.0,11.0,15.0,20.0,24.0,28.0,39.0,101.0,31.0,13.0,59.0,6.0,11.0,99.0,49.0,21.0,23.0,29.0
14/01/2013,84,82.0,78.0,93.0,62.0,77.0,53.0,51.0,19.0,20.0,35.0,9.0,10.0,11.0,15.0,52.0,10.0,31.0,79.0,35.0,31.0,42.0,22.0,4.0,103.0,51.0,16.0,30.0,32.0
07/01/2013,58,84.0,82.0,78.0,93.0,62.0,77.0,53.0,51.0,19.0,20.0,35.0,9.0,10.0,11.0,53.0,44.0,11.0,40.0,41.0,31.0,59.0,11.0,7.0,125.0,87.0,5.0,9.0,43.0
31/12/2012,114,58.0,84.0,82.0,78.0,93.0,62.0,77.0,53.0,51.0,19.0,20.0,35.0,9.0,10.0,21.0,24.0,30.0,43.0,35.0,35.0,20.0,4.0,14.0,68.0,25.0,1.0,1.0,48.0
24/12/2012,145,114.0,58.0,84.0,82.0,78.0,93.0,62.0,77.0,53.0,51.0,19.0,20.0,35.0,9.0,39.0,24.0,28.0,97.0,65.0,41.0,65.0,13.0,6.0,179.0,82.0,1.0,13.0,47.0
17/12/2012,93,145.0,114.0,58.0,84.0,82.0,78.0,93.0,62.0,77.0,53.0,51.0,19.0,20.0,35.0,63.0,56.0,98.0,66.0,59.0,35.0,72.0,42.0,22.0,205.0,84.0,53.0,59.0,59.0
10/12/2012,129,93.0,145.0,114.0,58.0,84.0,82.0,78.0,93.0,62.0,77.0,53.0,51.0,19.0,20.0,38.0,46.0,21.0,26.0,56.0,65.0,36.0,10.0,11.0,118.0,37.0,38.0,34.0,29.0
03/12/2012,114,129.0,93.0,145.0,114.0,58.0,84.0,82.0,78.0,93.0,62.0,77.0,53.0,51.0,19.0,50.0,46.0,38.0,116.0,67.0,59.0,50.0,24.0,4.0,155.0,56.0,46.0,5.0,48.0
26/11/2012,86,114.0,129.0,93.0,145.0,114.0,58.0,84.0,82.0,78.0,93.0,62.0,77.0,53.0,51.0,55.0,55.0,48.0,54.0,66.0,56.0,45.0,34.0,13.0,175.0,66.0,61.0,21.0,73.0
19/11/2012,127,86.0,114.0,129.0,93.0,145.0,114.0,58.0,84.0,82.0,78.0,93.0,62.0,77.0,53.0,49.0,39.0,22.0,36.0,58.0,67.0,78.0,34.0,42.0,135.0,65.0,125.0,15.0,118.0
12/11/2012,106,127.0,86.0,114.0,129.0,93.0,145.0,114.0,58.0,84.0,82.0,78.0,93.0,62.0,77.0,58.0,73.0,26.0,36.0,74.0,66.0,126.0,28.0,10.0,86.0,60.0,33.0,36.0,64.0
05/11/2012,211,106.0,127.0,86.0,114.0,129.0,93.0,145.0,114.0,58.0,84.0,82.0,78.0,93.0,62.0,62.0,37.0,89.0,90.0,87.0,58.0,81.0,29.0,24.0,224.0,71.0,57.0,56.0,122.0
29/10/2012,229,211.0,106.0,127.0,86.0,114.0,129.0,93.0,145.0,114.0,58.0,84.0,82.0,78.0,93.0,79.0,40.0,40.0,49.0,71.0,74.0,93.0,59.0,34.0,211.0,63.0,37.0,60.0,59.0
22/10/2012,145,229.0,211.0,106.0,127.0,86.0,114.0,129.0,93.0,145.0,114.0,58.0,84.0,82.0,78.0,53.0,77.0,67.0,93.0,116.0,87.0,111.0,48.0,34.0,214.0,49.0,46.0,36.0,85.0
15/10/2012,210,145.0,229.0,211.0,106.0,127.0,86.0,114.0,129.0,93.0,145.0,114.0,58.0,84.0,82.0,65.0,22.0,25.0,31.0,63.0,71.0,56.0,25.0,28.0,136.0,22.0,26.0,7.0,92.0
08/10/2012,267,210.0,145.0,229.0,211.0,106.0,127.0,86.0,114.0,129.0,93.0,145.0,114.0,58.0,84.0,109.0,89.0,105.0,88.0,128.0,116.0,109.0,35.0,29.0,279.0,55.0,74.0,55.0,101.0
01/10/2012,166,267.0,210.0,145.0,229.0,211.0,106.0,127.0,86.0,114.0,129.0,93.0,145.0,114.0,58.0,90.0,61.0,89.0,85.0,107.0,63.0,80.0,90.0,59.0,255.0,54.0,37.0,59.0,76.0
24/09/2012,168,166.0,267.0,210.0,145.0,229.0,211.0,106.0,127.0,86.0,114.0,129.0,93.0,145.0,114.0,68.0,69.0,21.0,66.0,90.0,128.0,54.0,70.0,48.0,209.0,37.0,26.0,39.0,107.0
17/09/2012,350,168.0,166.0,267.0,210.0,145.0,229.0,211.0,106.0,127.0,86.0,114.0,129.0,93.0,145.0,89.0,59.0,77.0,57.0,92.0,107.0,58.0,74.0,25.0,160.0,31.0,30.0,21.0,76.0
10/09/2012,224,350.0,168.0,166.0,267.0,210.0,145.0,229.0,211.0,106.0,127.0,86.0,114.0,129.0,93.0,121.0,63.0,86.0,78.0,106.0,90.0,53.0,32.0,35.0,290.0,63.0,80.0,54.0,98.0
03/09/2012,136,224.0,350.0,168.0,166.0,267.0,210.0,145.0,229.0,211.0,106.0,127.0,86.0,114.0,129.0,41.0,60.0,29.0,72.0,94.0,92.0,27.0,50.0,90.0,204.0,19.0,43.0,22.0,75.0
27/08/2012,278,136.0,224.0,350.0,168.0,166.0,267.0,210.0,145.0,229.0,211.0,106.0,127.0,86.0,114.0,60.0,66.0,46.0,20.0,60.0,106.0,12.0,18.0,70.0,105.0,22.0,70.0,11.0,42.0
20/08/2012,161,278.0,136.0,224.0,350.0,168.0,166.0,267.0,210.0,145.0,229.0,211.0,106.0,127.0,86.0,137.0,91.0,70.0,59.0,110.0,94.0,83.0,46.0,74.0,257.0,30.0,65.0,29.0,90.0
13/08/2012,385,161.0,278.0,136.0,224.0,350.0,168.0,166.0,267.0,210.0,145.0,229.0,211.0,106.0,127.0,118.0,145.0,103.0,46.0,123.0,60.0,54.0,75.0,32.0,210.0,30.0,72.0,21.0,69.0
06/08/2012,230,385.0,161.0,278.0,136.0,224.0,350.0,168.0,166.0,267.0,210.0,145.0,229.0,211.0,106.0,141.0,75.0,90.0,63.0,108.0,110.0,65.0,59.0,50.0,198.0,47.0,39.0,10.0,84.0
30/07/2012,284,230.0,385.0,161.0,278.0,136.0,224.0,350.0,168.0,166.0,267.0,210.0,145.0,229.0,211.0,38.0,91.0,30.0,36.0,113.0,123.0,26.0,55.0,18.0,149.0,26.0,76.0,8.0,54.0
23/07/2012,210,284.0,230.0,385.0,161.0,278.0,136.0,224.0,350.0,168.0,166.0,267.0,210.0,145.0,229.0,116.0,79.0,58.0,61.0,56.0,108.0,45.0,54.0,46.0,220.0,29.0,113.0,17.0,55.0
16/07/2012,125,210.0,284.0,230.0,385.0,161.0,278.0,136.0,224.0,350.0,168.0,166.0,267.0,210.0,145.0,75.0,65.0,47.0,13.0,57.0,113.0,11.0,56.0,75.0,125.0,25.0,14.0,7.0,32.0
09/07/2012,104,125.0,210.0,284.0,230.0,385.0,161.0,278.0,136.0,224.0,350.0,168.0,166.0,267.0,210.0,73.0,47.0,61.0,13.0,61.0,56.0,9.0,21.0,59.0,131.0,29.0,28.0,8.0,71.0
02/07/2012,140,104.0,125.0,210.0,284.0,230.0,385.0,161.0,278.0,136.0,224.0,350.0,168.0,166.0,267.0,34.0,67.0,39.0,29.0,49.0,57.0,20.0,26.0,55.0,101.0,15.0,24.0,4.0,18.0
25/06/2012,99,140.0,104.0,125.0,210.0,284.0,230.0,385.0,161.0,278.0,136.0,224.0,350.0,168.0,166.0,25.0,23.0,21.0,10.0,24.0,61.0,6.0,11.0,54.0,65.0,14.0,10.0,3.0,15.0
18/06/2012,35,99.0,140.0,104.0,125.0,210.0,284.0,230.0,385.0,161.0,278.0,136.0,224.0,350.0,168.0,21.0,16.0,3.0,6.0,27.0,49.0,8.0,10.0,56.0,30.0,9.0,14.0,3.0,19.0
11/06/2012,14,35.0,99.0,140.0,104.0,125.0,210.0,284.0,230.0,385.0,161.0,278.0,136.0,224.0,350.0,8.0,19.0,5.0,5.0,7.0,24.0,7.0,11.0,21.0,29.0,8.0,1.0,1.0,6.0
04/06/2012,34,14.0,35.0,99.0,140.0,104.0,125.0,210.0,284.0,230.0,385.0,161.0,278.0,136.0,224.0,17.0,19.0,15.0,3.0,5.0,27.0,12.0,18.0,26.0,19.0,2.0,14.0,2.0,6.0
28/05/2012,7,34.0,14.0,35.0,99.0,140.0,104.0,125.0,210.0,284.0,230.0,385.0,161.0,278.0,136.0,9.0,6.0,14.0,0.0,4.0,7.0,8.0,2.0,11.0,9.0,2.0,4.0,1.0,5.0
21/05/2012,7,7.0,34.0,14.0,35.0,99.0,140.0,104.0,125.0,210.0,284.0,230.0,385.0,161.0,278.0,4.0,5.0,3.0,0.0,33.0,5.0,2.0,2.0,10.0,7.0,1.0,9.0,0.0,5.0
14/05/2012,4,7.0,7.0,34.0,14.0,35.0,99.0,140.0,104.0,125.0,210.0,284.0,230.0,385.0,161.0,1.0,6.0,2.0,2.0,7.0,4.0,3.0,1.0,11.0,5.0,2.0,0.0,1.0,4.0
07/05/2012,4,4.0,7.0,7.0,34.0,14.0,35.0,99.0,140.0,104.0,125.0,210.0,284.0,230.0,385.0,1.0,1.0,1.0,0.0,4.0,33.0,3.0,0.0,18.0,3.0,5.0,1.0,0.0,2.0
30/04/2012,10,4.0,4.0,7.0,7.0,34.0,14.0,35.0,99.0,140.0,104.0,125.0,210.0,284.0,230.0,1.0,2.0,1.0,2.0,6.0,7.0,4.0,2.0,2.0,19.0,1.0,1.0,3.0,0.0
23/04/2012,6,10.0,4.0,4.0,7.0,7.0,34.0,14.0,35.0,99.0,140.0,104.0,125.0,210.0,284.0,4.0,4.0,0.0,3.0,2.0,4.0,2.0,3.0,2.0,1.0,2.0,1.0,0.0,0.0
16/04/2012,6,6.0,10.0,4.0,4.0,7.0,7.0,34.0,14.0,35.0,99.0,140.0,104.0,125.0,210.0,1.0,2.0,0.0,3.0,3.0,6.0,0.0,1.0,1.0,2.0,0.0,0.0,1.0,4.0
09/04/2012,12,6.0,6.0,10.0,4.0,4.0,7.0,7.0,34.0,14.0,35.0,99.0,140.0,104.0,125.0,4.0,2.0,0.0,5.0,3.0,2.0,0.0,2.0,0.0,6.0,0.0,1.0,0.0,0.0
02/04/2012,20,12.0,6.0,6.0,10.0,4.0,4.0,7.0,7.0,34.0,14.0,35.0,99.0,140.0,104.0,11.0,4.0,6.0,9.0,5.0,3.0,1.0,13.0,2.0,10.0,3.0,3.0,1.0,5.0
26/03/2012,14,20.0,12.0,6.0,6.0,10.0,4.0,4.0,7.0,7.0,34.0,14.0,35.0,99.0,140.0,5.0,6.0,2.0,12.0,4.0,3.0,4.0,2.0,3.0,31.0,1.0,5.0,1.0,5.0
19/03/2012,33,14.0,20.0,12.0,6.0,6.0,10.0,4.0,4.0,7.0,7.0,34.0,14.0,35.0,99.0,13.0,12.0,6.0,16.0,13.0,5.0,3.0,15.0,1.0,34.0,2.0,55.0,2.0,3.0
12/03/2012,20,33.0,14.0,20.0,12.0,6.0,6.0,10.0,4.0,4.0,7.0,7.0,34.0,14.0,35.0,10.0,20.0,6.0,13.0,22.0,4.0,6.0,16.0,2.0,32.0,3.0,17.0,3.0,12.0
05/03/2012,25,20.0,33.0,14.0,20.0,12.0,6.0,6.0,10.0,4.0,4.0,7.0,7.0,34.0,14.0,14.0,34.0,7.0,6.0,12.0,13.0,5.0,10.0,13.0,33.0,7.0,4.0,0.0,18.0
27/02/2012,93,25.0,20.0,33.0,14.0,20.0,12.0,6.0,6.0,10.0,4.0,4.0,7.0,7.0,34.0,9.0,9.0,0.0,4.0,6.0,22.0,1.0,2.0,2.0,28.0,2.0,44.0,0.0,18.0
20/02/2012,72,93.0,25.0,20.0,33.0,14.0,20.0,12.0,6.0,6.0,10.0,4.0,4.0,7.0,7.0,20.0,48.0,9.0,26.0,30.0,12.0,2.0,11.0,15.0,91.0,15.0,31.0,7.0,25.0
13/02/2012,54,72.0,93.0,25.0,20.0,33.0,14.0,20.0,12.0,6.0,6.0,10.0,4.0,4.0,7.0,22.0,34.0,10.0,25.0,22.0,6.0,6.0,4.0,16.0,95.0,20.0,35.0,3.0,38.0
06/02/2012,175,54.0,72.0,93.0,25.0,20.0,33.0,14.0,20.0,12.0,6.0,6.0,10.0,4.0,4.0,21.0,29.0,1.0,17.0,32.0,30.0,6.0,24.0,10.0,83.0,7.0,64.0,2.0,15.0
30/01/2012,126,175.0,54.0,72.0,93.0,25.0,20.0,33.0,14.0,20.0,12.0,6.0,6.0,10.0,4.0,50.0,40.0,24.0,44.0,27.0,22.0,14.0,15.0,2.0,99.0,40.0,47.0,5.0,29.0
23/01/2012,60,126.0,175.0,54.0,72.0,93.0,25.0,20.0,33.0,14.0,20.0,12.0,6.0,6.0,10.0,34.0,36.0,10.0,46.0,35.0,32.0,14.0,55.0,11.0,78.0,28.0,17.0,3.0,39.0
16/01/2012,193,60.0,126.0,175.0,54.0,72.0,93.0,25.0,20.0,33.0,14.0,20.0,12.0,6.0,6.0,27.0,52.0,2.0,71.0,42.0,27.0,26.0,22.0,4.0,108.0,66.0,77.0,0.0,27.0
09/01/2012,68,193.0,60.0,126.0,175.0,54.0,72.0,93.0,25.0,20.0,33.0,14.0,20.0,12.0,6.0,36.0,38.0,4.0,40.0,86.0,35.0,19.0,48.0,24.0,82.0,44.0,28.0,5.0,51.0
02/01/2012,183,68.0,193.0,60.0,126.0,175.0,54.0,72.0,93.0,25.0,20.0,33.0,14.0,20.0,12.0,15.0,31.0,2.0,59.0,43.0,42.0,35.0,15.0,15.0,46.0,6.0,170.0,3.0,38.0
26/12/2011,156,183.0,68.0,193.0,60.0,126.0,175.0,54.0,72.0,93.0,25.0,20.0,33.0,14.0,20.0,41.0,57.0,7.0,42.0,32.0,86.0,35.0,78.0,55.0,167.0,50.0,69.0,3.0,37.0
19/12/2011,479,156.0,183.0,68.0,193.0,60.0,126.0,175.0,54.0,72.0,93.0,25.0,20.0,33.0,14.0,68.0,34.0,15.0,124.0,68.0,43.0,38.0,70.0,22.0,197.0,45.0,110.0,1.0,29.0
12/12/2011,143,479.0,156.0,183.0,68.0,193.0,60.0,126.0,175.0,54.0,72.0,93.0,25.0,20.0,33.0,76.0,95.0,31.0,76.0,137.0,32.0,38.0,160.0,48.0,431.0,113.0,203.0,8.0,131.0
05/12/2011,193,143.0,479.0,156.0,183.0,68.0,193.0,60.0,126.0,175.0,54.0,72.0,93.0,25.0,20.0,50.0,71.0,11.0,37.0,33.0,68.0,57.0,28.0,15.0,87.0,24.0,82.0,0.0,37.0
28/11/2011,105,193.0,143.0,479.0,156.0,183.0,68.0,193.0,60.0,126.0,175.0,54.0,72.0,93.0,25.0,20.0,48.0,15.0,55.0,43.0,137.0,26.0,34.0,78.0,143.0,26.0,71.0,7.0,48.0
21/11/2011,136,105.0,193.0,143.0,479.0,156.0,183.0,68.0,193.0,60.0,126.0,175.0,54.0,72.0,93.0,24.0,18.0,27.0,43.0,47.0,33.0,31.0,47.0,70.0,114.0,33.0,93.0,0.0,32.0
14/11/2011,91,136.0,105.0,193.0,143.0,479.0,156.0,183.0,68.0,193.0,60.0,126.0,175.0,54.0,72.0,33.0,17.0,20.0,73.0,41.0,43.0,30.0,27.0,160.0,90.0,24.0,58.0,6.0,27.0
07/11/2011,150,91.0,136.0,105.0,193.0,143.0,479.0,156.0,183.0,68.0,193.0,60.0,126.0,175.0,54.0,39.0,52.0,15.0,102.0,49.0,47.0,38.0,27.0,28.0,109.0,42.0,70.0,7.0,26.0
31/10/2011,82,150.0,91.0,136.0,105.0,193.0,143.0,479.0,156.0,183.0,68.0,193.0,60.0,126.0,175.0,46.0,26.0,26.0,105.0,35.0,41.0,50.0,15.0,34.0,146.0,40.0,73.0,14.0,25.0
24/10/2011,64,82.0,150.0,91.0,136.0,105.0,193.0,143.0,479.0,156.0,183.0,68.0,193.0,60.0,126.0,42.0,70.0,26.0,73.0,69.0,49.0,45.0,26.0,47.0,95.0,40.0,51.0,3.0,53.0
17/10/2011,100,64.0,82.0,150.0,91.0,136.0,105.0,193.0,143.0,479.0,156.0,183.0,68.0,193.0,60.0,50.0,32.0,18.0,84.0,53.0,35.0,56.0,39.0,27.0,98.0,24.0,69.0,5.0,50.0
10/10/2011,95,100.0,64.0,82.0,150.0,91.0,136.0,105.0,193.0,143.0,479.0,156.0,183.0,68.0,193.0,31.0,50.0,31.0,84.0,150.0,69.0,31.0,47.0,27.0,108.0,12.0,78.0,6.0,52.0
03/10/2011,136,95.0,100.0,64.0,82.0,150.0,91.0,136.0,105.0,193.0,143.0,479.0,156.0,183.0,68.0,78.0,18.0,15.0,104.0,87.0,53.0,51.0,26.0,15.0,123.0,42.0,49.0,3.0,48.0
26/09/2011,80,136.0,95.0,100.0,64.0,82.0,150.0,91.0,136.0,105.0,193.0,143.0,479.0,156.0,183.0,64.0,44.0,48.0,130.0,160.0,150.0,86.0,60.0,26.0,114.0,30.0,55.0,2.0,52.0
19/09/2011,122,80.0,136.0,95.0,100.0,64.0,82.0,150.0,91.0,136.0,105.0,193.0,143.0,479.0,156.0,78.0,65.0,8.0,122.0,102.0,87.0,39.0,28.0,39.0,76.0,32.0,66.0,10.0,38.0
12/09/2011,117,122.0,80.0,136.0,95.0,100.0,64.0,82.0,150.0,91.0,136.0,105.0,193.0,143.0,479.0,42.0,51.0,41.0,101.0,73.0,160.0,104.0,31.0,47.0,156.0,10.0,60.0,7.0,47.0
05/09/2011,84,117.0,122.0,80.0,136.0,95.0,100.0,64.0,82.0,150.0,91.0,136.0,105.0,193.0,143.0,60.0,134.0,90.0,164.0,106.0,102.0,80.0,14.0,26.0,115.0,57.0,46.0,10.0,54.0
29/08/2011,133,84.0,117.0,122.0,80.0,136.0,95.0,100.0,64.0,82.0,150.0,91.0,136.0,105.0,193.0,19.0,18.0,14.0,49.0,40.0,73.0,9.0,82.0,60.0,45.0,11.0,14.0,10.0,16.0
22/08/2011,62,133.0,84.0,117.0,122.0,80.0,136.0,95.0,100.0,64.0,82.0,150.0,91.0,136.0,105.0,93.0,69.0,41.0,123.0,97.0,106.0,114.0,23.0,28.0,70.0,39.0,115.0,31.0,65.0
15/08/2011,211,62.0,133.0,84.0,117.0,122.0,80.0,136.0,95.0,100.0,64.0,82.0,150.0,91.0,136.0,63.0,111.0,4.0,55.0,49.0,40.0,69.0,31.0,31.0,50.0,32.0,43.0,1.0,21.0
08/08/2011,143,211.0,62.0,133.0,84.0,117.0,122.0,80.0,136.0,95.0,100.0,64.0,82.0,150.0,91.0,103.0,70.0,109.0,98.0,98.0,97.0,58.0,72.0,14.0,85.0,97.0,23.0,9.0,82.0
01/08/2011,128,143.0,211.0,62.0,133.0,84.0,117.0,122.0,80.0,136.0,95.0,100.0,64.0,82.0,150.0,77.0,81.0,89.0,134.0,68.0,49.0,50.0,60.0,82.0,71.0,46.0,50.0,42.0,33.0
25/07/2011,105,128.0,143.0,211.0,62.0,133.0,84.0,117.0,122.0,80.0,136.0,95.0,100.0,64.0,82.0,145.0,34.0,53.0,63.0,74.0,98.0,83.0,30.0,23.0,129.0,19.0,63.0,10.0,40.0
18/07/2011,140,105.0,128.0,143.0,211.0,62.0,133.0,84.0,117.0,122.0,80.0,136.0,95.0,100.0,64.0,96.0,51.0,23.0,78.0,85.0,68.0,39.0,65.0,31.0,70.0,63.0,15.0,41.0,29.0
11/07/2011,51,140.0,105.0,128.0,143.0,211.0,62.0,133.0,84.0,117.0,122.0,80.0,136.0,95.0,100.0,69.0,31.0,43.0,43.0,40.0,74.0,46.0,55.0,72.0,50.0,21.0,30.0,18.0,29.0
04/07/2011,70,51.0,140.0,105.0,128.0,143.0,211.0,62.0,133.0,84.0,117.0,122.0,80.0,136.0,95.0,35.0,34.0,43.0,45.0,43.0,85.0,43.0,58.0,60.0,93.0,28.0,13.0,20.0,25.0
27/06/2011,46,70.0,51.0,140.0,105.0,128.0,143.0,211.0,62.0,133.0,84.0,117.0,122.0,80.0,136.0,68.0,15.0,32.0,30.0,28.0,40.0,19.0,34.0,30.0,47.0,14.0,4.0,18.0,15.0
20/06/2011,17,46.0,70.0,51.0,140.0,105.0,128.0,143.0,211.0,62.0,133.0,84.0,117.0,122.0,80.0,14.0,17.0,11.0,16.0,16.0,43.0,46.0,23.0,65.0,50.0,14.0,14.0,18.0,23.0
13/06/2011,21,17.0,46.0,70.0,51.0,140.0,105.0,128.0,143.0,211.0,62.0,133.0,84.0,117.0,122.0,8.0,9.0,16.0,8.0,23.0,28.0,17.0,18.0,55.0,18.0,9.0,33.0,8.0,6.0
06/06/2011,51,21.0,17.0,46.0,70.0,51.0,140.0,105.0,128.0,143.0,211.0,62.0,133.0,84.0,117.0,17.0,10.0,11.0,3.0,12.0,16.0,91.0,18.0,58.0,3.0,9.0,10.0,12.0,11.0
30/05/2011,22,51.0,21.0,17.0,46.0,70.0,51.0,140.0,105.0,128.0,143.0,211.0,62.0,133.0,84.0,4.0,5.0,9.0,14.0,17.0,23.0,10.0,8.0,34.0,15.0,6.0,1.0,7.0,4.0
23/05/2011,11,22.0,51.0,21.0,17.0,46.0,70.0,51.0,140.0,105.0,128.0,143.0,211.0,62.0,133.0,2.0,7.0,1.0,4.0,12.0,12.0,5.0,10.0,23.0,11.0,3.0,18.0,9.0,5.0
16/05/2011,3,11.0,22.0,51.0,21.0,17.0,46.0,70.0,51.0,140.0,105.0,128.0,143.0,211.0,62.0,1.0,5.0,1.0,5.0,8.0,17.0,4.0,2.0,18.0,4.0,8.0,18.0,2.0,4.0
09/05/2011,10,3.0,11.0,22.0,51.0,21.0,17.0,46.0,70.0,51.0,140.0,105.0,128.0,143.0,211.0,0.0,1.0,1.0,1.0,4.0,12.0,1.0,4.0,18.0,4.0,1.0,1.0,3.0,2.0
02/05/2011,4,10.0,3.0,11.0,22.0,51.0,21.0,17.0,46.0,70.0,51.0,140.0,105.0,128.0,143.0,2.0,2.0,1.0,0.0,5.0,8.0,1.0,2.0,8.0,3.0,0.0,0.0,2.0,8.0
25/04/2011,3,4.0,10.0,3.0,11.0,22.0,51.0,21.0,17.0,46.0,70.0,51.0,140.0,105.0,128.0,1.0,2.0,1.0,2.0,1.0,4.0,3.0,2.0,10.0,3.0,0.0,1.0,0.0,4.0
18/04/2011,9,3.0,4.0,10.0,3.0,11.0,22.0,51.0,21.0,17.0,46.0,70.0,51.0,140.0,105.0,0.0,8.0,0.0,1.0,0.0,5.0,1.0,0.0,2.0,4.0,3.0,1.0,9.0,3.0
11/04/2011,14,9.0,3.0,4.0,10.0,3.0,11.0,22.0,51.0,21.0,17.0,46.0,70.0,51.0,140.0,0.0,5.0,6.0,1.0,6.0,1.0,0.0,3.0,4.0,15.0,1.0,1.0,0.0,13.0
04/04/2011,12,14.0,9.0,3.0,4.0,10.0,3.0,11.0,22.0,51.0,21.0,17.0,46.0,70.0,51.0,1.0,9.0,3.0,2.0,0.0,0.0,4.0,7.0,2.0,6.0,3.0,1.0,3.0,16.0
28/03/2011,22,12.0,14.0,9.0,3.0,4.0,10.0,3.0,11.0,22.0,51.0,21.0,17.0,46.0,70.0,4.0,9.0,5.0,1.0,2.0,6.0,6.0,6.0,2.0,12.0,1.0,1.0,6.0,19.0
21/03/2011,43,22.0,12.0,14.0,9.0,3.0,4.0,10.0,3.0,11.0,22.0,51.0,21.0,17.0,46.0,2.0,34.0,25.0,4.0,9.0,0.0,9.0,12.0,0.0,15.0,3.0,7.0,24.0,45.0
14/03/2011,27,43.0,22.0,12.0,14.0,9.0,3.0,4.0,10.0,3.0,11.0,22.0,51.0,21.0,17.0,4.0,20.0,17.0,15.0,13.0,2.0,18.0,14.0,3.0,27.0,8.0,3.0,14.0,47.0
07/03/2011,67,27.0,43.0,22.0,12.0,14.0,9.0,3.0,4.0,10.0,3.0,11.0,22.0,51.0,21.0,3.0,0.0,17.0,6.0,17.0,9.0,16.0,2.0,7.0,34.0,7.0,4.0,32.0,30.0
28/02/2011,78,67.0,27.0,43.0,22.0,12.0,14.0,9.0,3.0,4.0,10.0,3.0,11.0,22.0,51.0,7.0,72.0,17.0,8.0,19.0,13.0,23.0,1.0,6.0,23.0,10.0,9.0,15.0,45.0
21/02/2011,61,78.0,67.0,27.0,43.0,22.0,12.0,14.0,9.0,3.0,4.0,10.0,3.0,11.0,22.0,9.0,25.0,16.0,5.0,33.0,17.0,35.0,24.0,12.0,30.0,10.0,8.0,3.0,50.0
14/02/2011,62,61.0,78.0,67.0,27.0,43.0,22.0,12.0,14.0,9.0,3.0,4.0,10.0,3.0,11.0,13.0,19.0,22.0,4.0,22.0,19.0,31.0,12.0,14.0,45.0,10.0,5.0,15.0,44.0
07/02/2011,40,62.0,61.0,78.0,67.0,27.0,43.0,22.0,12.0,14.0,9.0,3.0,4.0,10.0,3.0,8.0,35.0,32.0,8.0,35.0,33.0,24.0,6.0,2.0,15.0,12.0,15.0,1.0,37.0
31/01/2011,98,40.0,62.0,61.0,78.0,67.0,27.0,43.0,22.0,12.0,14.0,9.0,3.0,4.0,10.0,29.0,17.0,27.0,6.0,41.0,22.0,39.0,11.0,1.0,48.0,15.0,11.0,41.0,36.0
24/01/2011,110,98.0,40.0,62.0,61.0,78.0,67.0,27.0,43.0,22.0,12.0,14.0,9.0,3.0,4.0,17.0,23.0,19.0,9.0,55.0,35.0,18.0,23.0,24.0,41.0,15.0,23.0,13.0,42.0
17/01/2011,142,110.0,98.0,40.0,62.0,61.0,78.0,67.0,27.0,43.0,22.0,12.0,14.0,9.0,3.0,20.0,14.0,14.0,17.0,54.0,41.0,94.0,12.0,12.0,35.0,69.0,41.0,8.0,35.0
10/01/2011,53,142.0,110.0,98.0,40.0,62.0,61.0,78.0,67.0,27.0,43.0,22.0,12.0,14.0,9.0,42.0,20.0,49.0,14.0,78.0,55.0,65.0,52.0,6.0,70.0,40.0,73.0,40.0,71.0
03/01/2011,39,53.0,142.0,110.0,98.0,40.0,62.0,61.0,78.0,67.0,27.0,43.0,22.0,12.0,14.0,20.0,3.0,13.0,2.0,29.0,54.0,35.0,9.0,11.0,13.0,19.0,12.0,36.0,53.0
27/12/2010,304,39.0,53.0,142.0,110.0,98.0,40.0,62.0,61.0,78.0,67.0,27.0,43.0,22.0,12.0,18.0,1.0,0.0,2.0,67.0,78.0,55.0,9.0,23.0,65.0,12.0,48.0,0.0,27.0
20/12/2010,300,304.0,39.0,53.0,142.0,110.0,98.0,40.0,62.0,61.0,78.0,67.0,27.0,43.0,22.0,42.0,58.0,57.0,18.0,136.0,29.0,144.0,63.0,12.0,125.0,103.0,17.0,141.0,123.0
13/12/2010,115,300.0,304.0,39.0,53.0,142.0,110.0,98.0,40.0,62.0,61.0,78.0,67.0,27.0,43.0,23.0,66.0,79.0,18.0,68.0,67.0,97.0,26.0,52.0,143.0,77.0,74.0,65.0,26.0
06/12/2010,176,115.0,300.0,304.0,39.0,53.0,142.0,110.0,98.0,40.0,62.0,61.0,78.0,67.0,27.0,49.0,40.0,31.0,13.0,51.0,136.0,51.0,50.0,9.0,75.0,42.0,13.0,52.0,37.0
29/11/2010,176,176.0,115.0,300.0,304.0,39.0,53.0,142.0,110.0,98.0,40.0,62.0,61.0,78.0,67.0,62.0,44.0,46.0,5.0,56.0,68.0,65.0,27.0,9.0,107.0,54.0,74.0,42.0,61.0
22/11/2010,157,176.0,176.0,115.0,300.0,304.0,39.0,53.0,142.0,110.0,98.0,40.0,62.0,61.0,78.0,41.0,25.0,70.0,14.0,44.0,51.0,42.0,19.0,63.0,102.0,102.0,26.0,77.0,45.0
15/11/2010,188,157.0,176.0,176.0,115.0,300.0,304.0,39.0,53.0,142.0,110.0,98.0,40.0,62.0,61.0,57.0,42.0,67.0,11.0,73.0,56.0,91.0,39.0,26.0,103.0,57.0,86.0,31.0,103.0
08/11/2010,128,188.0,157.0,176.0,176.0,115.0,300.0,304.0,39.0,53.0,142.0,110.0,98.0,40.0,62.0,47.0,64.0,77.0,8.0,45.0,44.0,86.0,46.0,50.0,142.0,87.0,39.0,45.0,43.0
01/11/2010,165,128.0,188.0,157.0,176.0,176.0,115.0,300.0,304.0,39.0,53.0,142.0,110.0,98.0,40.0,94.0,55.0,42.0,34.0,79.0,73.0,89.0,53.0,27.0,125.0,60.0,88.0,135.0,65.0
25/10/2010,129,165.0,128.0,188.0,157.0,176.0,176.0,115.0,300.0,304.0,39.0,53.0,142.0,110.0,98.0,73.0,46.0,65.0,3.0,50.0,45.0,85.0,58.0,19.0,124.0,66.0,32.0,99.0,49.0
18/10/2010,197,129.0,165.0,128.0,188.0,157.0,176.0,176.0,115.0,300.0,304.0,39.0,53.0,142.0,110.0,59.0,51.0,45.0,13.0,68.0,79.0,104.0,48.0,39.0,161.0,26.0,162.0,75.0,57.0
11/10/2010,129,197.0,129.0,165.0,128.0,188.0,157.0,176.0,176.0,115.0,300.0,304.0,39.0,53.0,142.0,52.0,38.0,87.0,16.0,68.0,50.0,67.0,24.0,46.0,173.0,31.0,47.0,54.0,59.0
04/10/2010,217,129.0,197.0,129.0,165.0,128.0,188.0,157.0,176.0,176.0,115.0,300.0,304.0,39.0,53.0,22.0,46.0,148.0,34.0,85.0,68.0,72.0,55.0,53.0,155.0,40.0,62.0,87.0,69.0
27/09/2010,109,217.0,129.0,197.0,129.0,165.0,128.0,188.0,157.0,176.0,176.0,115.0,300.0,304.0,39.0,113.0,41.0,199.0,31.0,35.0,68.0,76.0,75.0,58.0,168.0,65.0,75.0,108.0,37.0
20/09/2010,212,109.0,217.0,129.0,197.0,129.0,165.0,128.0,188.0,157.0,176.0,176.0,115.0,300.0,304.0,45.0,53.0,102.0,54.0,124.0,85.0,107.0,28.0,48.0,35.0,38.0,44.0,54.0,32.0
13/09/2010,265,212.0,109.0,217.0,129.0,197.0,129.0,165.0,128.0,188.0,157.0,176.0,176.0,115.0,300.0,68.0,42.0,111.0,37.0,34.0,35.0,43.0,32.0,24.0,120.0,58.0,93.0,53.0,41.0
06/09/2010,149,265.0,212.0,109.0,217.0,129.0,197.0,129.0,165.0,128.0,188.0,157.0,176.0,176.0,115.0,25.0,152.0,173.0,61.0,129.0,124.0,92.0,50.0,55.0,193.0,47.0,33.0,78.0,45.0
30/08/2010,143,149.0,265.0,212.0,109.0,217.0,129.0,197.0,129.0,165.0,128.0,188.0,157.0,176.0,176.0,46.0,30.0,52.0,22.0,42.0,34.0,44.0,31.0,75.0,159.0,53.0,61.0,81.0,31.0
23/08/2010,165,143.0,149.0,265.0,212.0,109.0,217.0,129.0,197.0,129.0,165.0,128.0,188.0,157.0,176.0,70.0,37.0,108.0,45.0,90.0,129.0,51.0,36.0,28.0,176.0,59.0,27.0,78.0,12.0
16/08/2010,198,165.0,143.0,149.0,265.0,212.0,109.0,217.0,129.0,197.0,129.0,165.0,128.0,188.0,157.0,39.0,72.0,146.0,35.0,69.0,42.0,42.0,55.0,32.0,117.0,68.0,13.0,100.0,76.0
09/08/2010,197,198.0,165.0,143.0,149.0,265.0,212.0,109.0,217.0,129.0,197.0,129.0,165.0,128.0,188.0,47.0,46.0,38.0,49.0,48.0,90.0,109.0,42.0,50.0,100.0,34.0,43.0,135.0,18.0
02/08/2010,211,197.0,198.0,165.0,143.0,149.0,265.0,212.0,109.0,217.0,129.0,197.0,129.0,165.0,128.0,20.0,70.0,93.0,48.0,51.0,69.0,68.0,65.0,31.0,138.0,20.0,47.0,29.0,22.0
26/07/2010,177,211.0,197.0,198.0,165.0,143.0,149.0,265.0,212.0,109.0,217.0,129.0,197.0,129.0,165.0,45.0,50.0,48.0,57.0,53.0,48.0,48.0,19.0,36.0,115.0,42.0,38.0,21.0,24.0
19/07/2010,168,177.0,211.0,197.0,198.0,165.0,143.0,149.0,265.0,212.0,109.0,217.0,129.0,197.0,129.0,22.0,40.0,115.0,28.0,42.0,51.0,67.0,59.0,55.0,105.0,18.0,31.0,55.0,13.0
12/07/2010,110,168.0,177.0,211.0,197.0,198.0,165.0,143.0,149.0,265.0,212.0,109.0,217.0,129.0,197.0,55.0,52.0,42.0,21.0,57.0,53.0,48.0,33.0,42.0,135.0,21.0,16.0,72.0,9.0
05/07/2010,65,110.0,168.0,177.0,211.0,197.0,198.0,165.0,143.0,149.0,265.0,212.0,109.0,217.0,129.0,41.0,20.0,62.0,36.0,48.0,42.0,23.0,38.0,65.0,182.0,14.0,8.0,53.0,8.0
28/06/2010,104,65.0,110.0,168.0,177.0,211.0,197.0,198.0,165.0,143.0,149.0,265.0,212.0,109.0,217.0,17.0,42.0,36.0,12.0,52.0,57.0,42.0,21.0,19.0,72.0,17.0,16.0,40.0,7.0
21/06/2010,85,104.0,65.0,110.0,168.0,177.0,211.0,197.0,198.0,165.0,143.0,149.0,265.0,212.0,109.0,26.0,0.0,62.0,11.0,17.0,48.0,30.0,22.0,59.0,72.0,6.0,29.0,17.0,8.0
14/06/2010,54,85.0,104.0,65.0,110.0,168.0,177.0,211.0,197.0,198.0,165.0,143.0,149.0,265.0,212.0,6.0,25.0,54.0,12.0,11.0,52.0,23.0,13.0,33.0,55.0,11.0,5.0,16.0,13.0
07/06/2010,18,54.0,85.0,104.0,65.0,110.0,168.0,177.0,211.0,197.0,198.0,165.0,143.0,149.0,265.0,3.0,23.0,34.0,3.0,12.0,17.0,7.0,6.0,38.0,41.0,9.0,6.0,5.0,3.0
31/05/2010,16,18.0,54.0,85.0,104.0,65.0,110.0,168.0,177.0,211.0,197.0,198.0,165.0,143.0,149.0,24.0,4.0,4.0,13.0,7.0,11.0,6.0,6.0,21.0,29.0,2.0,1.0,4.0,5.0
24/05/2010,14,16.0,18.0,54.0,85.0,104.0,65.0,110.0,168.0,177.0,211.0,197.0,198.0,165.0,143.0,10.0,5.0,4.0,0.0,5.0,12.0,3.0,1.0,22.0,32.0,4.0,2.0,3.0,3.0
17/05/2010,7,14.0,16.0,18.0,54.0,85.0,104.0,65.0,110.0,168.0,177.0,211.0,197.0,198.0,165.0,2.0,0.0,3.0,5.0,0.0,7.0,3.0,9.0,13.0,11.0,3.0,0.0,1.0,4.0
10/05/2010,27,7.0,14.0,16.0,18.0,54.0,85.0,104.0,65.0,110.0,168.0,177.0,211.0,197.0,198.0,1.0,0.0,3.0,0.0,6.0,5.0,0.0,1.0,6.0,1.0,1.0,1.0,0.0,1.0
03/05/2010,16,27.0,7.0,14.0,16.0,18.0,54.0,85.0,104.0,65.0,110.0,168.0,177.0,211.0,197.0,1.0,4.0,1.0,1.0,1.0,0.0,1.0,0.0,6.0,19.0,4.0,2.0,2.0,8.0
26/04/2010,11,16.0,27.0,7.0,14.0,16.0,18.0,54.0,85.0,104.0,65.0,110.0,168.0,177.0,211.0,1.0,0.0,6.0,1.0,3.0,6.0,3.0,3.0,1.0,6.0,0.0,0.0,0.0,2.0
19/04/2010,2,11.0,16.0,27.0,7.0,14.0,16.0,18.0,54.0,85.0,104.0,65.0,110.0,168.0,177.0,2.0,0.0,3.0,3.0,0.0,1.0,6.0,0.0,9.0,4.0,0.0,4.0,0.0,2.0
12/04/2010,4,2.0,11.0,16.0,27.0,7.0,14.0,16.0,18.0,54.0,85.0,104.0,65.0,110.0,168.0,0.0,2.0,1.0,3.0,4.0,3.0,1.0,2.0,1.0,13.0,2.0,2.0,0.0,2.0
05/04/2010,7,4.0,2.0,11.0,16.0,27.0,7.0,14.0,16.0,18.0,54.0,85.0,104.0,65.0,110.0,0.0,1.0,4.0,6.0,5.0,0.0,1.0,2.0,0.0,8.0,1.0,8.0,3.0,3.0
29/03/2010,15,7.0,4.0,2.0,11.0,16.0,27.0,7.0,14.0,16.0,18.0,54.0,85.0,104.0,65.0,2.0,6.0,15.0,4.0,6.0,4.0,4.0,4.0,3.0,5.0,5.0,5.0,3.0,4.0
22/03/2010,30,15.0,7.0,4.0,2.0,11.0,16.0,27.0,7.0,14.0,16.0,18.0,54.0,85.0,104.0,5.0,9.0,7.0,10.0,9.0,5.0,2.0,3.0,0.0,12.0,1.0,4.0,5.0,2.0
15/03/2010,31,30.0,15.0,7.0,4.0,2.0,11.0,16.0,27.0,7.0,14.0,16.0,18.0,54.0,85.0,6.0,3.0,33.0,10.0,6.0,6.0,6.0,7.0,2.0,20.0,6.0,5.0,4.0,6.0
08/03/2010,25,31.0,30.0,15.0,7.0,4.0,2.0,11.0,16.0,27.0,7.0,14.0,16.0,18.0,54.0,10.0,10.0,31.0,10.0,6.0,9.0,3.0,5.0,2.0,36.0,7.0,9.0,25.0,2.0
01/03/2010,50,25.0,31.0,30.0,15.0,7.0,4.0,2.0,11.0,16.0,27.0,7.0,14.0,16.0,18.0,4.0,12.0,11.0,10.0,14.0,6.0,15.0,6.0,4.0,30.0,2.0,5.0,4.0,8.0
22/02/2010,37,50.0,25.0,31.0,30.0,15.0,7.0,4.0,2.0,11.0,16.0,27.0,7.0,14.0,16.0,1.0,22.0,36.0,23.0,8.0,6.0,13.0,21.0,3.0,27.0,7.0,8.0,12.0,3.0
15/02/2010,59,37.0,50.0,25.0,31.0,30.0,15.0,7.0,4.0,2.0,11.0,16.0,27.0,7.0,14.0,3.0,4.0,10.0,17.0,10.0,14.0,16.0,24.0,7.0,30.0,5.0,1.0,16.0,3.0
08/02/2010,58,59.0,37.0,50.0,25.0,31.0,30.0,15.0,7.0,4.0,2.0,11.0,16.0,27.0,7.0,8.0,9.0,44.0,15.0,16.0,8.0,35.0,6.0,5.0,30.0,8.0,2.0,6.0,14.0
01/02/2010,42,58.0,59.0,37.0,50.0,25.0,31.0,30.0,15.0,7.0,4.0,2.0,11.0,16.0,27.0,9.0,25.0,21.0,46.0,28.0,10.0,33.0,50.0,6.0,46.0,22.0,9.0,18.0,10.0
25/01/2010,91,42.0,58.0,59.0,37.0,50.0,25.0,31.0,30.0,15.0,7.0,4.0,2.0,11.0,16.0,31.0,17.0,8.0,19.0,40.0,16.0,25.0,11.0,21.0,126.0,13.0,10.0,16.0,2.0
18/01/2010,86,91.0,42.0,58.0,59.0,37.0,50.0,25.0,31.0,30.0,15.0,7.0,4.0,2.0,11.0,38.0,43.0,21.0,38.0,33.0,28.0,36.0,35.0,24.0,96.0,20.0,19.0,13.0,4.0
11/01/2010,41,86.0,91.0,42.0,58.0,59.0,37.0,50.0,25.0,31.0,30.0,15.0,7.0,4.0,2.0,46.0,39.0,17.0,21.0,28.0,40.0,24.0,27.0,6.0,102.0,17.0,20.0,15.0,4.0
04/01/2010,47,41.0,86.0,91.0,42.0,58.0,59.0,37.0,50.0,25.0,31.0,30.0,15.0,7.0,4.0,50.0,3.0,4.0,15.0,6.0,33.0,32.0,16.0,50.0,55.0,8.0,3.0,1.0,0.0
28/12/2009,166,47.0,41.0,86.0,91.0,42.0,58.0,59.0,37.0,50.0,25.0,31.0,30.0,15.0,7.0,28.0,19.0,8.0,34.0,18.0,28.0,16.0,22.0,11.0,48.0,13.0,16.0,10.0,4.0
21/12/2009,113,166.0,47.0,41.0,86.0,91.0,42.0,58.0,59.0,37.0,50.0,25.0,31.0,30.0,15.0,37.0,50.0,53.0,83.0,31.0,6.0,69.0,26.0,35.0,88.0,23.0,1.0,20.0,32.0
14/12/2009,62,113.0,166.0,47.0,41.0,86.0,91.0,42.0,58.0,59.0,37.0,50.0,25.0,31.0,30.0,23.0,52.0,23.0,33.0,21.0,18.0,29.0,30.0,27.0,62.0,18.0,14.0,5.0,13.0
07/12/2009,82,62.0,113.0,166.0,47.0,41.0,86.0,91.0,42.0,58.0,59.0,37.0,50.0,25.0,31.0,56.0,20.0,29.0,40.0,21.0,31.0,27.0,23.0,16.0,81.0,9.0,13.0,13.0,11.0
30/11/2009,56,82.0,62.0,113.0,166.0,47.0,41.0,86.0,91.0,42.0,58.0,59.0,37.0,50.0,25.0,103.0,52.0,29.0,48.0,38.0,21.0,54.0,33.0,22.0,96.0,41.0,14.0,40.0,35.0
23/11/2009,46,56.0,82.0,62.0,113.0,166.0,47.0,41.0,86.0,91.0,42.0,58.0,59.0,37.0,50.0,50.0,26.0,4.0,46.0,43.0,21.0,54.0,22.0,26.0,99.0,59.0,22.0,35.0,43.0
16/11/2009,48,46.0,56.0,82.0,62.0,113.0,166.0,47.0,41.0,86.0,91.0,42.0,58.0,59.0,37.0,47.0,82.0,17.0,34.0,31.0,38.0,67.0,22.0,30.0,129.0,25.0,3.0,10.0,75.0
09/11/2009,124,48.0,46.0,56.0,82.0,62.0,113.0,166.0,47.0,41.0,86.0,91.0,42.0,58.0,59.0,127.0,87.0,24.0,31.0,46.0,43.0,112.0,34.0,23.0,104.0,39.0,42.0,26.0,29.0
02/11/2009,74,124.0,48.0,46.0,56.0,82.0,62.0,113.0,166.0,47.0,41.0,86.0,91.0,42.0,58.0,83.0,102.0,32.0,37.0,62.0,31.0,83.0,61.0,33.0,113.0,39.0,44.0,11.0,42.0
26/10/2009,116,74.0,124.0,48.0,46.0,56.0,82.0,62.0,113.0,166.0,47.0,41.0,86.0,91.0,42.0,101.0,118.0,12.0,24.0,38.0,46.0,59.0,22.0,22.0,128.0,18.0,77.0,4.0,41.0
19/10/2009,120,116.0,74.0,124.0,48.0,46.0,56.0,82.0,62.0,113.0,166.0,47.0,41.0,86.0,91.0,68.0,86.0,17.0,61.0,95.0,62.0,98.0,83.0,22.0,124.0,25.0,89.0,10.0,36.0
12/10/2009,101,120.0,116.0,74.0,124.0,48.0,46.0,56.0,82.0,62.0,113.0,166.0,47.0,41.0,86.0,135.0,96.0,52.0,51.0,64.0,38.0,68.0,43.0,34.0,137.0,1.0,2.0,3.0,41.0
05/10/2009,121,101.0,120.0,116.0,74.0,124.0,48.0,46.0,56.0,82.0,62.0,113.0,166.0,47.0,41.0,123.0,110.0,41.0,72.0,72.0,95.0,92.0,85.0,61.0,190.0,34.0,34.0,14.0,83.0
28/09/2009,160,121.0,101.0,120.0,116.0,74.0,124.0,48.0,46.0,56.0,82.0,62.0,113.0,166.0,47.0,112.0,88.0,55.0,63.0,93.0,64.0,58.0,55.0,22.0,148.0,36.0,30.0,13.0,57.0
21/09/2009,199,160.0,121.0,101.0,120.0,116.0,74.0,124.0,48.0,46.0,56.0,82.0,62.0,113.0,166.0,80.0,108.0,11.0,34.0,75.0,72.0,52.0,52.0,83.0,143.0,23.0,22.0,17.0,39.0
14/09/2009,147,199.0,160.0,121.0,101.0,120.0,116.0,74.0,124.0,48.0,46.0,56.0,82.0,62.0,113.0,140.0,96.0,61.0,101.0,78.0,93.0,53.0,39.0,43.0,272.0,23.0,39.0,32.0,118.0
07/09/2009,130,147.0,199.0,160.0,121.0,101.0,120.0,116.0,74.0,124.0,48.0,46.0,56.0,82.0,62.0,106.0,238.0,39.0,75.0,84.0,75.0,47.0,81.0,85.0,214.0,33.0,63.0,18.0,71.0
31/08/2009,175,130.0,147.0,199.0,160.0,121.0,101.0,120.0,116.0,74.0,124.0,48.0,46.0,56.0,82.0,116.0,117.0,19.0,55.0,70.0,78.0,43.0,49.0,55.0,191.0,37.0,22.0,18.0,105.0
24/08/2009,156,175.0,130.0,147.0,199.0,160.0,121.0,101.0,120.0,116.0,74.0,124.0,48.0,46.0,56.0,96.0,167.0,28.0,78.0,81.0,84.0,34.0,52.0,52.0,243.0,33.0,32.0,14.0,101.0
17/08/2009,185,156.0,175.0,130.0,147.0,199.0,160.0,121.0,101.0,120.0,116.0,74.0,124.0,48.0,46.0,115.0,62.0,58.0,56.0,59.0,70.0,28.0,43.0,39.0,151.0,23.0,12.0,9.0,133.0
10/08/2009,123,185.0,156.0,175.0,130.0,147.0,199.0,160.0,121.0,101.0,120.0,116.0,74.0,124.0,48.0,102.0,160.0,17.0,65.0,85.0,81.0,37.0,95.0,81.0,216.0,27.0,3.0,29.0,99.0
03/08/2009,151,123.0,185.0,156.0,175.0,130.0,147.0,199.0,160.0,121.0,101.0,120.0,116.0,74.0,124.0,17.0,83.0,2.0,33.0,59.0,59.0,87.0,37.0,49.0,145.0,18.0,3.0,7.0,141.0
27/07/2009,150,151.0,123.0,185.0,156.0,175.0,130.0,147.0,199.0,160.0,121.0,101.0,120.0,116.0,74.0,84.0,135.0,49.0,99.0,97.0,85.0,78.0,52.0,52.0,221.0,36.0,8.0,8.0,126.0
20/07/2009,169,150.0,151.0,123.0,185.0,156.0,175.0,130.0,147.0,199.0,160.0,121.0,101.0,120.0,116.0,74.0,94.0,36.0,46.0,70.0,59.0,120.0,52.0,43.0,205.0,55.0,3.0,9.0,102.0
13/07/2009,154,169.0,150.0,151.0,123.0,185.0,156.0,175.0,130.0,147.0,199.0,160.0,121.0,101.0,120.0,66.0,57.0,33.0,77.0,104.0,97.0,84.0,80.0,95.0,168.0,35.0,9.0,4.0,97.0
06/07/2009,68,154.0,169.0,150.0,151.0,123.0,185.0,156.0,175.0,130.0,147.0,199.0,160.0,121.0,101.0,42.0,31.0,32.0,72.0,42.0,70.0,103.0,54.0,37.0,253.0,48.0,61.0,5.0,120.0
29/06/2009,93,68.0,154.0,169.0,150.0,151.0,123.0,185.0,156.0,175.0,130.0,147.0,199.0,160.0,121.0,25.0,43.0,29.0,36.0,35.0,104.0,44.0,20.0,52.0,97.0,26.0,8.0,7.0,43.0
22/06/2009,74,93.0,68.0,154.0,169.0,150.0,151.0,123.0,185.0,156.0,175.0,130.0,147.0,199.0,160.0,44.0,48.0,13.0,29.0,54.0,42.0,71.0,20.0,52.0,70.0,37.0,40.0,7.0,50.0
15/06/2009,56,74.0,93.0,68.0,154.0,169.0,150.0,151.0,123.0,185.0,156.0,175.0,130.0,147.0,199.0,34.0,16.0,11.0,49.0,48.0,35.0,19.0,18.0,80.0,56.0,31.0,10.0,4.0,33.0
08/06/2009,35,56.0,74.0,93.0,68.0,154.0,169.0,150.0,151.0,123.0,185.0,156.0,175.0,130.0,147.0,16.0,6.0,3.0,13.0,24.0,54.0,16.0,2.0,54.0,37.0,12.0,9.0,10.0,40.0
01/06/2009,24,35.0,56.0,74.0,93.0,68.0,154.0,169.0,150.0,151.0,123.0,185.0,156.0,175.0,130.0,19.0,6.0,16.0,3.0,21.0,48.0,10.0,1.0,20.0,26.0,19.0,9.0,2.0,33.0
25/05/2009,11,24.0,35.0,56.0,74.0,93.0,68.0,154.0,169.0,150.0,151.0,123.0,185.0,156.0,175.0,3.0,3.0,6.0,3.0,10.0,24.0,7.0,3.0,20.0,7.0,2.0,1.0,0.0,5.0
18/05/2009,35,11.0,24.0,35.0,56.0,74.0,93.0,68.0,154.0,169.0,150.0,151.0,123.0,185.0,156.0,2.0,4.0,4.0,10.0,5.0,21.0,8.0,2.0,18.0,8.0,12.0,1.0,0.0,12.0
11/05/2009,11,35.0,11.0,24.0,35.0,56.0,74.0,93.0,68.0,154.0,169.0,150.0,151.0,123.0,185.0,7.0,4.0,15.0,4.0,1.0,10.0,5.0,2.0,2.0,4.0,6.0,0.0,1.0,4.0
04/05/2009,22,11.0,35.0,11.0,24.0,35.0,56.0,74.0,93.0,68.0,154.0,169.0,150.0,151.0,123.0,1.0,0.0,0.0,1.0,0.0,5.0,8.0,3.0,1.0,1.0,1.0,1.0,0.0,4.0
27/04/2009,8,22.0,11.0,35.0,11.0,24.0,35.0,56.0,74.0,93.0,68.0,154.0,169.0,150.0,151.0,0.0,2.0,1.0,2.0,1.0,1.0,3.0,0.0,3.0,8.0,4.0,1.0,2.0,0.0
20/04/2009,5,8.0,22.0,11.0,35.0,11.0,24.0,35.0,56.0,74.0,93.0,68.0,154.0,169.0,150.0,1.0,1.0,0.0,1.0,0.0,0.0,2.0,2.0,2.0,6.0,4.0,0.0,0.0,2.0
13/04/2009,23,5.0,8.0,22.0,11.0,35.0,11.0,24.0,35.0,56.0,74.0,93.0,68.0,154.0,169.0,2.0,1.0,2.0,3.0,0.0,1.0,2.0,0.0,2.0,3.0,3.0,4.0,6.0,0.0
06/04/2009,27,23.0,5.0,8.0,22.0,11.0,35.0,11.0,24.0,35.0,56.0,74.0,93.0,68.0,154.0,0.0,13.0,1.0,2.0,2.0,0.0,6.0,1.0,3.0,12.0,5.0,2.0,2.0,3.0
30/03/2009,33,27.0,23.0,5.0,8.0,22.0,11.0,35.0,11.0,24.0,35.0,56.0,74.0,93.0,68.0,10.0,4.0,8.0,0.0,2.0,0.0,16.0,3.0,0.0,18.0,7.0,0.0,15.0,4.0
23/03/2009,74,33.0,27.0,23.0,5.0,8.0,22.0,11.0,35.0,11.0,24.0,35.0,56.0,74.0,93.0,5.0,10.0,4.0,2.0,1.0,2.0,6.0,6.0,2.0,46.0,14.0,1.0,10.0,8.0
16/03/2009,57,74.0,33.0,27.0,23.0,5.0,8.0,22.0,11.0,35.0,11.0,24.0,35.0,56.0,74.0,9.0,31.0,10.0,1.0,2.0,2.0,42.0,4.0,0.0,36.0,29.0,12.0,3.0,12.0
09/03/2009,95,57.0,74.0,33.0,27.0,23.0,5.0,8.0,22.0,11.0,35.0,11.0,24.0,35.0,56.0,23.0,3.0,5.0,5.0,4.0,1.0,53.0,19.0,1.0,36.0,24.0,9.0,12.0,8.0
02/03/2009,73,95.0,57.0,74.0,33.0,27.0,23.0,5.0,8.0,22.0,11.0,35.0,11.0,24.0,35.0,43.0,30.0,8.0,4.0,0.0,2.0,45.0,11.0,3.0,56.0,63.0,5.0,9.0,15.0
23/02/2009,171,73.0,95.0,57.0,74.0,33.0,27.0,23.0,5.0,8.0,22.0,11.0,35.0,11.0,24.0,16.0,2.0,8.0,7.0,3.0,4.0,43.0,18.0,6.0,58.0,20.0,3.0,23.0,8.0
16/02/2009,206,171.0,73.0,95.0,57.0,74.0,33.0,27.0,23.0,5.0,8.0,22.0,11.0,35.0,11.0,44.0,25.0,20.0,5.0,3.0,0.0,65.0,23.0,4.0,108.0,67.0,6.0,9.0,20.0
09/02/2009,144,206.0,171.0,73.0,95.0,57.0,74.0,33.0,27.0,23.0,5.0,8.0,22.0,11.0,35.0,28.0,24.0,3.0,17.0,5.0,3.0,65.0,23.0,19.0,75.0,33.0,6.0,51.0,39.0
02/02/2009,155,144.0,206.0,171.0,73.0,95.0,57.0,74.0,33.0,27.0,23.0,5.0,8.0,22.0,11.0,29.0,14.0,31.0,12.0,8.0,3.0,79.0,8.0,11.0,118.0,26.0,2.0,20.0,25.0
26/01/2009,191,155.0,144.0,206.0,171.0,73.0,95.0,57.0,74.0,33.0,27.0,23.0,5.0,8.0,22.0,18.0,49.0,37.0,24.0,4.0,5.0,55.0,27.0,18.0,85.0,38.0,26.0,30.0,43.0
19/01/2009,125,191.0,155.0,144.0,206.0,171.0,73.0,95.0,57.0,74.0,33.0,27.0,23.0,5.0,8.0,52.0,49.0,26.0,6.0,17.0,8.0,98.0,30.0,23.0,115.0,15.0,15.0,41.0,91.0
12/01/2009,157,125.0,191.0,155.0,144.0,206.0,171.0,73.0,95.0,57.0,74.0,33.0,27.0,23.0,5.0,45.0,54.0,44.0,10.0,26.0,4.0,97.0,23.0,23.0,114.0,12.0,28.0,20.0,63.0
05/01/2009,121,157.0,125.0,191.0,155.0,144.0,206.0,171.0,73.0,95.0,57.0,74.0,33.0,27.0,23.0,36.0,24.0,28.0,24.0,8.0,17.0,94.0,19.0,8.0,74.0,20.0,18.0,7.0,45.0
29/12/2008,59,121.0,157.0,125.0,191.0,155.0,144.0,206.0,171.0,73.0,95.0,57.0,74.0,33.0,27.0,41.0,20.0,13.0,35.0,20.0,26.0,105.0,42.0,27.0,93.0,11.0,42.0,7.0,104.0
22/12/2008,333,59.0,121.0,157.0,125.0,191.0,155.0,144.0,206.0,171.0,73.0,95.0,57.0,74.0,33.0,35.0,35.0,16.0,30.0,38.0,8.0,68.0,18.0,30.0,155.0,4.0,17.0,27.0,68.0
15/12/2008,145,333.0,59.0,121.0,157.0,125.0,191.0,155.0,144.0,206.0,171.0,73.0,95.0,57.0,74.0,38.0,41.0,72.0,26.0,52.0,20.0,90.0,63.0,23.0,240.0,27.0,14.0,115.0,55.0
08/12/2008,208,145.0,333.0,59.0,121.0,157.0,125.0,191.0,155.0,144.0,206.0,171.0,73.0,95.0,57.0,18.0,15.0,24.0,29.0,27.0,38.0,152.0,55.0,19.0,86.0,13.0,67.0,3.0,38.0
01/12/2008,174,208.0,145.0,333.0,59.0,121.0,157.0,125.0,191.0,155.0,144.0,206.0,171.0,73.0,95.0,51.0,28.0,65.0,22.0,86.0,52.0,107.0,39.0,42.0,93.0,22.0,52.0,50.0,70.0
24/11/2008,128,174.0,208.0,145.0,333.0,59.0,121.0,157.0,125.0,191.0,155.0,144.0,206.0,171.0,73.0,31.0,23.0,24.0,20.0,57.0,27.0,67.0,24.0,18.0,108.0,15.0,40.0,27.0,60.0
17/11/2008,190,128.0,174.0,208.0,145.0,333.0,59.0,121.0,157.0,125.0,191.0,155.0,144.0,206.0,171.0,28.0,31.0,42.0,64.0,76.0,86.0,101.0,34.0,63.0,145.0,28.0,62.0,44.0,69.0
10/11/2008,228,190.0,128.0,174.0,208.0,145.0,333.0,59.0,121.0,157.0,125.0,191.0,155.0,144.0,206.0,53.0,17.0,58.0,41.0,42.0,57.0,136.0,41.0,55.0,77.0,16.0,38.0,9.0,88.0
03/11/2008,149,228.0,190.0,128.0,174.0,208.0,145.0,333.0,59.0,121.0,157.0,125.0,191.0,155.0,144.0,46.0,32.0,72.0,54.0,67.0,76.0,82.0,61.0,39.0,189.0,24.0,102.0,30.0,98.0
27/10/2008,181,149.0,228.0,190.0,128.0,174.0,208.0,145.0,333.0,59.0,121.0,157.0,125.0,191.0,155.0,37.0,46.0,53.0,69.0,41.0,42.0,135.0,28.0,24.0,142.0,26.0,48.0,10.0,42.0
20/10/2008,131,181.0,149.0,228.0,190.0,128.0,174.0,208.0,145.0,333.0,59.0,121.0,157.0,125.0,191.0,43.0,45.0,10.0,57.0,63.0,67.0,161.0,51.0,34.0,140.0,41.0,125.0,34.0,132.0
13/10/2008,227,131.0,181.0,149.0,228.0,190.0,128.0,174.0,208.0,145.0,333.0,59.0,121.0,157.0,125.0,51.0,24.0,36.0,61.0,51.0,41.0,112.0,55.0,41.0,120.0,43.0,56.0,31.0,153.0
06/10/2008,158,227.0,131.0,181.0,149.0,228.0,190.0,128.0,174.0,208.0,145.0,333.0,59.0,121.0,157.0,58.0,29.0,22.0,73.0,48.0,63.0,106.0,74.0,61.0,312.0,82.0,184.0,17.0,90.0
29/09/2008,168,158.0,227.0,131.0,181.0,149.0,228.0,190.0,128.0,174.0,208.0,145.0,333.0,59.0,121.0,38.0,19.0,150.0,96.0,38.0,51.0,89.0,28.0,28.0,199.0,37.0,97.0,25.0,75.0
22/09/2008,181,168.0,158.0,227.0,131.0,181.0,149.0,228.0,190.0,128.0,174.0,208.0,145.0,333.0,59.0,37.0,34.0,133.0,67.0,60.0,48.0,87.0,52.0,51.0,143.0,45.0,66.0,14.0,116.0
15/09/2008,138,181.0,168.0,158.0,227.0,131.0,181.0,149.0,228.0,190.0,128.0,174.0,208.0,145.0,333.0,53.0,48.0,78.0,114.0,55.0,38.0,79.0,39.0,55.0,145.0,57.0,88.0,27.0,74.0
08/09/2008,129,138.0,181.0,168.0,158.0,227.0,131.0,181.0,149.0,228.0,190.0,128.0,174.0,208.0,145.0,41.0,28.0,14.0,54.0,60.0,60.0,58.0,37.0,74.0,106.0,41.0,40.0,2.0,73.0
01/09/2008,161,129.0,138.0,181.0,168.0,158.0,227.0,131.0,181.0,149.0,228.0,190.0,128.0,174.0,208.0,28.0,45.0,25.0,51.0,50.0,55.0,47.0,20.0,28.0,195.0,31.0,33.0,11.0,74.0
25/08/2008,121,161.0,129.0,138.0,181.0,168.0,158.0,227.0,131.0,181.0,149.0,228.0,190.0,128.0,174.0,49.0,87.0,54.0,92.0,51.0,60.0,79.0,52.0,52.0,149.0,46.0,167.0,11.0,85.0
18/08/2008,128,121.0,161.0,129.0,138.0,181.0,168.0,158.0,227.0,131.0,181.0,149.0,228.0,190.0,128.0,17.0,71.0,71.0,58.0,60.0,50.0,62.0,18.0,39.0,172.0,21.0,128.0,14.0,102.0
11/08/2008,150,128.0,121.0,161.0,129.0,138.0,181.0,168.0,158.0,227.0,131.0,181.0,149.0,228.0,190.0,55.0,101.0,95.0,71.0,52.0,51.0,57.0,47.0,37.0,152.0,31.0,100.0,2.0,100.0
04/08/2008,146,150.0,128.0,121.0,161.0,129.0,138.0,181.0,168.0,158.0,227.0,131.0,181.0,149.0,228.0,8.0,71.0,74.0,42.0,50.0,60.0,42.0,64.0,20.0,152.0,23.0,72.0,5.0,104.0
28/07/2008,115,146.0,150.0,128.0,121.0,161.0,129.0,138.0,181.0,168.0,158.0,227.0,131.0,181.0,149.0,62.0,86.0,39.0,73.0,34.0,52.0,41.0,42.0,52.0,141.0,44.0,54.0,6.0,85.0
21/07/2008,120,115.0,146.0,150.0,128.0,121.0,161.0,129.0,138.0,181.0,168.0,158.0,227.0,131.0,181.0,29.0,64.0,48.0,56.0,25.0,50.0,46.0,38.0,18.0,93.0,23.0,52.0,8.0,72.0
14/07/2008,140,120.0,115.0,146.0,150.0,128.0,121.0,161.0,129.0,138.0,181.0,168.0,158.0,227.0,131.0,38.0,46.0,52.0,42.0,19.0,34.0,43.0,23.0,47.0,68.0,16.0,48.0,9.0,60.0
07/07/2008,73,140.0,120.0,115.0,146.0,150.0,128.0,121.0,161.0,129.0,138.0,181.0,168.0,158.0,227.0,21.0,46.0,24.0,53.0,23.0,25.0,57.0,33.0,64.0,95.0,16.0,40.0,10.0,50.0
30/06/2008,91,73.0,140.0,120.0,115.0,146.0,150.0,128.0,121.0,161.0,129.0,138.0,181.0,168.0,158.0,23.0,51.0,95.0,22.0,21.0,19.0,12.0,21.0,42.0,61.0,18.0,19.0,3.0,39.0
23/06/2008,71,91.0,73.0,140.0,120.0,115.0,146.0,150.0,128.0,121.0,161.0,129.0,138.0,181.0,168.0,10.0,42.0,27.0,35.0,28.0,23.0,11.0,14.0,38.0,103.0,23.0,67.0,24.0,37.0
16/06/2008,61,71.0,91.0,73.0,140.0,120.0,115.0,146.0,150.0,128.0,121.0,161.0,129.0,138.0,181.0,3.0,16.0,17.0,21.0,23.0,21.0,8.0,14.0,23.0,65.0,7.0,11.0,0.0,16.0
09/06/2008,19,61.0,71.0,91.0,73.0,140.0,120.0,115.0,146.0,150.0,128.0,121.0,161.0,129.0,138.0,1.0,10.0,8.0,15.0,14.0,28.0,9.0,11.0,33.0,16.0,14.0,4.0,4.0,33.0
02/06/2008,16,19.0,61.0,71.0,91.0,73.0,140.0,120.0,115.0,146.0,150.0,128.0,121.0,161.0,129.0,11.0,8.0,1.0,6.0,4.0,23.0,14.0,6.0,21.0,21.0,10.0,5.0,1.0,9.0
26/05/2008,11,16.0,19.0,61.0,71.0,91.0,73.0,140.0,120.0,115.0,146.0,150.0,128.0,121.0,161.0,2.0,5.0,4.0,4.0,6.0,14.0,1.0,2.0,14.0,6.0,4.0,4.0,1.0,13.0
19/05/2008,17,11.0,16.0,19.0,61.0,71.0,91.0,73.0,140.0,120.0,115.0,146.0,150.0,128.0,121.0,0.0,3.0,28.0,5.0,4.0,4.0,2.0,2.0,14.0,11.0,2.0,3.0,1.0,5.0
12/05/2008,14,17.0,11.0,16.0,19.0,61.0,71.0,91.0,73.0,140.0,120.0,115.0,146.0,150.0,128.0,4.0,0.0,13.0,0.0,3.0,6.0,5.0,2.0,11.0,6.0,4.0,2.0,1.0,3.0
05/05/2008,13,14.0,17.0,11.0,16.0,19.0,61.0,71.0,91.0,73.0,140.0,120.0,115.0,146.0,150.0,1.0,1.0,23.0,2.0,3.0,4.0,3.0,3.0,6.0,7.0,0.0,9.0,5.0,5.0
28/04/2008,22,13.0,14.0,17.0,11.0,16.0,19.0,61.0,71.0,91.0,73.0,140.0,120.0,115.0,146.0,0.0,1.0,2.0,0.0,3.0,3.0,0.0,1.0,2.0,3.0,1.0,1.0,1.0,6.0
21/04/2008,42,22.0,13.0,14.0,17.0,11.0,16.0,19.0,61.0,71.0,91.0,73.0,140.0,120.0,115.0,1.0,0.0,1.0,0.0,4.0,3.0,1.0,2.0,2.0,4.0,0.0,0.0,0.0,1.0
14/04/2008,4,42.0,22.0,13.0,14.0,17.0,11.0,16.0,19.0,61.0,71.0,91.0,73.0,140.0,120.0,0.0,2.0,2.0,0.0,1.0,3.0,2.0,3.0,2.0,6.0,2.0,3.0,5.0,3.0
07/04/2008,18,4.0,42.0,22.0,13.0,14.0,17.0,11.0,16.0,19.0,61.0,71.0,91.0,73.0,140.0,3.0,1.0,3.0,1.0,3.0,4.0,3.0,3.0,3.0,6.0,0.0,6.0,5.0,2.0
31/03/2008,6,18.0,4.0,42.0,22.0,13.0,14.0,17.0,11.0,16.0,19.0,61.0,71.0,91.0,73.0,5.0,1.0,4.0,7.0,1.0,1.0,1.0,2.0,1.0,10.0,2.0,7.0,2.0,2.0
24/03/2008,10,6.0,18.0,4.0,42.0,22.0,13.0,14.0,17.0,11.0,16.0,19.0,61.0,71.0,91.0,5.0,3.0,32.0,10.0,13.0,3.0,4.0,14.0,2.0,11.0,0.0,2.0,9.0,1.0
17/03/2008,60,10.0,6.0,18.0,4.0,42.0,22.0,13.0,14.0,17.0,11.0,16.0,19.0,61.0,71.0,7.0,4.0,2.0,9.0,12.0,1.0,2.0,13.0,3.0,15.0,1.0,9.0,6.0,5.0
10/03/2008,103,60.0,10.0,6.0,18.0,4.0,42.0,22.0,13.0,14.0,17.0,11.0,16.0,19.0,61.0,9.0,9.0,16.0,17.0,18.0,13.0,1.0,19.0,3.0,29.0,1.0,19.0,7.0,1.0
03/03/2008,31,103.0,60.0,10.0,6.0,18.0,4.0,42.0,22.0,13.0,14.0,17.0,11.0,16.0,19.0,2.0,11.0,71.0,16.0,22.0,12.0,1.0,18.0,2.0,17.0,9.0,16.0,72.0,2.0
25/02/2008,103,31.0,103.0,60.0,10.0,6.0,18.0,4.0,42.0,22.0,13.0,14.0,17.0,11.0,16.0,10.0,11.0,8.0,2.0,24.0,18.0,5.0,19.0,14.0,12.0,5.0,3.0,4.0,0.0
18/02/2008,44,103.0,31.0,103.0,60.0,10.0,6.0,18.0,4.0,42.0,22.0,13.0,14.0,17.0,11.0,2.0,11.0,71.0,16.0,22.0,22.0,1.0,18.0,13.0,17.0,9.0,16.0,72.0,2.0
11/02/2008,91,44.0,103.0,31.0,103.0,60.0,10.0,6.0,18.0,4.0,42.0,22.0,13.0,14.0,17.0,12.0,22.0,88.0,17.0,68.0,24.0,16.0,22.0,19.0,33.0,18.0,26.0,4.0,8.0
04/02/2008,83,91.0,44.0,103.0,31.0,103.0,60.0,10.0,6.0,18.0,4.0,42.0,22.0,13.0,14.0,16.0,42.0,50.0,17.0,36.0,22.0,0.0,25.0,18.0,71.0,17.0,2.0,5.0,10.0
28/01/2008,111,83.0,91.0,44.0,103.0,31.0,103.0,60.0,10.0,6.0,18.0,4.0,42.0,22.0,13.0,16.0,28.0,24.0,12.0,44.0,68.0,12.0,27.0,19.0,64.0,36.0,19.0,21.0,12.0
21/01/2008,91,111.0,83.0,91.0,44.0,103.0,31.0,103.0,60.0,10.0,6.0,18.0,4.0,42.0,22.0,30.0,63.0,5.0,12.0,31.0,36.0,21.0,12.0,18.0,66.0,31.0,83.0,30.0,15.0
14/01/2008,163,91.0,111.0,83.0,91.0,44.0,103.0,31.0,103.0,60.0,10.0,6.0,18.0,4.0,42.0,40.0,86.0,15.0,40.0,50.0,44.0,25.0,20.0,22.0,100.0,22.0,41.0,30.0,20.0
07/01/2008,28,163.0,91.0,111.0,83.0,91.0,44.0,103.0,31.0,103.0,60.0,10.0,6.0,18.0,4.0,42.0,41.0,7.0,20.0,27.0,31.0,28.0,12.0,25.0,92.0,85.0,36.0,23.0,82.0
31/12/2007,106,28.0,163.0,91.0,111.0,83.0,91.0,44.0,103.0,31.0,103.0,60.0,10.0,6.0,18.0,52.0,32.0,27.0,68.0,27.0,50.0,27.0,19.0,27.0,53.0,16.0,16.0,28.0,14.0
24/12/2007,291,106.0,28.0,163.0,91.0,111.0,83.0,91.0,44.0,103.0,31.0,103.0,60.0,10.0,6.0,36.0,140.0,20.0,36.0,73.0,27.0,39.0,34.0,12.0,179.0,85.0,12.0,63.0,63.0
17/12/2007,185,291.0,106.0,28.0,163.0,91.0,111.0,83.0,91.0,44.0,103.0,31.0,103.0,60.0,10.0,41.0,86.0,20.0,101.0,64.0,27.0,39.0,27.0,20.0,118.0,41.0,13.0,50.0,30.0
10/12/2007,197,185.0,291.0,106.0,28.0,163.0,91.0,111.0,83.0,91.0,44.0,103.0,31.0,103.0,60.0,91.0,41.0,2.0,21.0,124.0,73.0,19.0,31.0,12.0,184.0,27.0,20.0,5.0,61.0
03/12/2007,147,197.0,185.0,291.0,106.0,28.0,163.0,91.0,111.0,83.0,91.0,44.0,103.0,31.0,103.0,48.0,44.0,157.0,46.0,75.0,64.0,18.0,8.0,19.0,114.0,40.0,21.0,55.0,66.0
26/11/2007,192,147.0,197.0,185.0,291.0,106.0,28.0,163.0,91.0,111.0,83.0,91.0,44.0,103.0,31.0,18.0,61.0,53.0,63.0,38.0,124.0,26.0,24.0,34.0,96.0,47.0,15.0,31.0,32.0
19/11/2007,190,192.0,147.0,197.0,185.0,291.0,106.0,28.0,163.0,91.0,111.0,83.0,91.0,44.0,103.0,29.0,38.0,37.0,56.0,69.0,75.0,13.0,39.0,27.0,144.0,30.0,11.0,36.0,90.0
12/11/2007,147,190.0,192.0,147.0,197.0,185.0,291.0,106.0,28.0,163.0,91.0,111.0,83.0,91.0,44.0,37.0,121.0,41.0,92.0,53.0,38.0,13.0,18.0,31.0,100.0,53.0,15.0,44.0,73.0
05/11/2007,131,147.0,190.0,192.0,147.0,197.0,185.0,291.0,106.0,28.0,163.0,91.0,111.0,83.0,91.0,20.0,66.0,29.0,64.0,68.0,69.0,29.0,42.0,8.0,170.0,36.0,23.0,39.0,65.0
29/10/2007,149,131.0,147.0,190.0,192.0,147.0,197.0,185.0,291.0,106.0,28.0,163.0,91.0,111.0,83.0,37.0,69.0,42.0,104.0,44.0,53.0,12.0,35.0,24.0,98.0,45.0,3.0,51.0,45.0
22/10/2007,99,149.0,131.0,147.0,190.0,192.0,147.0,197.0,185.0,291.0,106.0,28.0,163.0,91.0,111.0,43.0,47.0,17.0,60.0,68.0,68.0,13.0,34.0,39.0,98.0,24.0,16.0,59.0,36.0
15/10/2007,233,99.0,149.0,131.0,147.0,190.0,192.0,147.0,197.0,185.0,291.0,106.0,28.0,163.0,91.0,6.0,16.0,9.0,68.0,63.0,44.0,22.0,24.0,18.0,98.0,25.0,0.0,47.0,46.0
08/10/2007,146,233.0,99.0,149.0,131.0,147.0,190.0,192.0,147.0,197.0,185.0,291.0,106.0,28.0,163.0,38.0,119.0,74.0,116.0,69.0,68.0,10.0,22.0,42.0,86.0,84.0,31.0,39.0,67.0
01/10/2007,182,146.0,233.0,99.0,149.0,131.0,147.0,190.0,192.0,147.0,197.0,185.0,291.0,106.0,28.0,28.0,49.0,40.0,83.0,86.0,63.0,22.0,59.0,35.0,89.0,46.0,47.0,48.0,57.0
24/09/2007,68,182.0,146.0,233.0,99.0,149.0,131.0,147.0,190.0,192.0,147.0,197.0,185.0,291.0,106.0,21.0,67.0,81.0,64.0,46.0,69.0,13.0,18.0,34.0,77.0,56.0,7.0,27.0,45.0
17/09/2007,180,68.0,182.0,146.0,233.0,99.0,149.0,131.0,147.0,190.0,192.0,147.0,197.0,185.0,291.0,14.0,50.0,48.0,41.0,140.0,86.0,14.0,16.0,24.0,91.0,17.0,27.0,35.0,24.0
10/09/2007,142,180.0,68.0,182.0,146.0,233.0,99.0,149.0,131.0,147.0,190.0,192.0,147.0,197.0,185.0,27.0,90.0,39.0,79.0,76.0,46.0,27.0,23.0,22.0,107.0,38.0,67.0,43.0,52.0
03/09/2007,80,142.0,180.0,68.0,182.0,146.0,233.0,99.0,149.0,131.0,147.0,190.0,192.0,147.0,197.0,24.0,31.0,41.0,79.0,48.0,140.0,10.0,12.0,59.0,86.0,28.0,45.0,23.0,23.0
27/08/2007,194,80.0,142.0,180.0,68.0,182.0,146.0,233.0,99.0,149.0,131.0,147.0,190.0,192.0,147.0,2.0,26.0,3.0,43.0,68.0,76.0,14.0,13.0,18.0,32.0,21.0,7.0,14.0,42.0
20/08/2007,286,194.0,80.0,142.0,180.0,68.0,182.0,146.0,233.0,99.0,149.0,131.0,147.0,190.0,192.0,11.0,77.0,40.0,104.0,81.0,48.0,58.0,28.0,16.0,70.0,84.0,74.0,56.0,48.0
13/08/2007,129,286.0,194.0,80.0,142.0,180.0,68.0,182.0,146.0,233.0,99.0,149.0,131.0,147.0,190.0,16.0,77.0,34.0,67.0,79.0,68.0,15.0,29.0,23.0,131.0,53.0,41.0,26.0,39.0
06/08/2007,93,129.0,286.0,194.0,80.0,142.0,180.0,68.0,182.0,146.0,233.0,99.0,149.0,131.0,147.0,11.0,49.0,18.0,119.0,102.0,81.0,45.0,33.0,12.0,104.0,60.0,23.0,18.0,23.0
30/07/2007,199,93.0,129.0,286.0,194.0,80.0,142.0,180.0,68.0,182.0,146.0,233.0,99.0,149.0,131.0,2.0,43.0,9.0,60.0,82.0,79.0,14.0,7.0,13.0,131.0,56.0,36.0,18.0,36.0
23/07/2007,120,199.0,93.0,129.0,286.0,194.0,80.0,142.0,180.0,68.0,182.0,146.0,233.0,99.0,149.0,16.0,127.0,22.0,64.0,84.0,102.0,48.0,45.0,28.0,93.0,40.0,48.0,37.0,34.0
16/07/2007,151,120.0,199.0,93.0,129.0,286.0,194.0,80.0,142.0,180.0,68.0,182.0,146.0,233.0,99.0,7.0,53.0,17.0,52.0,65.0,82.0,40.0,12.0,29.0,140.0,40.0,15.0,58.0,29.0
09/07/2007,88,151.0,120.0,199.0,93.0,129.0,286.0,194.0,80.0,142.0,180.0,68.0,182.0,146.0,233.0,7.0,34.0,21.0,72.0,68.0,84.0,38.0,25.0,33.0,113.0,32.0,13.0,44.0,33.0
02/07/2007,87,88.0,151.0,120.0,199.0,93.0,129.0,286.0,194.0,80.0,142.0,180.0,68.0,182.0,146.0,11.0,26.0,7.0,23.0,64.0,65.0,10.0,5.0,7.0,38.0,32.0,56.0,5.0,20.0
25/06/2007,67,87.0,88.0,151.0,120.0,199.0,93.0,129.0,286.0,194.0,80.0,142.0,180.0,68.0,182.0,14.0,53.0,10.0,61.0,45.0,68.0,13.0,19.0,45.0,107.0,26.0,4.0,29.0,24.0
18/06/2007,52,67.0,87.0,88.0,151.0,120.0,199.0,93.0,129.0,286.0,194.0,80.0,142.0,180.0,68.0,7.0,40.0,6.0,16.0,34.0,64.0,14.0,9.0,12.0,113.0,11.0,32.0,38.0,6.0
11/06/2007,65,52.0,67.0,87.0,88.0,151.0,120.0,199.0,93.0,129.0,286.0,194.0,80.0,142.0,180.0,11.0,39.0,7.0,18.0,16.0,45.0,36.0,3.0,25.0,31.0,7.0,13.0,4.0,8.0
04/06/2007,6,65.0,52.0,67.0,87.0,88.0,151.0,120.0,199.0,93.0,129.0,286.0,194.0,80.0,142.0,2.0,11.0,3.0,2.0,6.0,34.0,1.0,2.0,5.0,24.0,7.0,9.0,27.0,10.0
28/05/2007,64,6.0,65.0,52.0,67.0,87.0,88.0,151.0,120.0,199.0,93.0,129.0,286.0,194.0,80.0,6.0,7.0,1.0,5.0,6.0,16.0,4.0,1.0,19.0,30.0,3.0,9.0,0.0,2.0
21/05/2007,18,64.0,6.0,65.0,52.0,67.0,87.0,88.0,151.0,120.0,199.0,93.0,129.0,286.0,194.0,2.0,0.0,0.0,3.0,2.0,6.0,5.0,3.0,9.0,8.0,1.0,3.0,11.0,2.0
14/05/2007,3,18.0,64.0,6.0,65.0,52.0,67.0,87.0,88.0,151.0,120.0,199.0,93.0,129.0,286.0,0.0,6.0,12.0,3.0,1.0,6.0,6.0,1.0,3.0,9.0,5.0,2.0,2.0,1.0
07/05/2007,0,3.0,18.0,64.0,6.0,65.0,52.0,67.0,87.0,88.0,151.0,120.0,199.0,93.0,129.0,0.0,4.0,0.0,1.0,5.0,2.0,3.0,0.0,2.0,7.0,0.0,1.0,0.0,0.0
30/04/2007,13,0.0,3.0,18.0,64.0,6.0,65.0,52.0,67.0,87.0,88.0,151.0,120.0,199.0,93.0,0.0,0.0,0.0,0.0,3.0,1.0,4.0,0.0,1.0,3.0,0.0,6.0,8.0,0.0
23/04/2007,9,13.0,0.0,3.0,18.0,64.0,6.0,65.0,52.0,67.0,87.0,88.0,151.0,120.0,199.0,4.0,0.0,0.0,4.0,2.0,5.0,3.0,1.0,3.0,12.0,7.0,1.0,2.0,3.0
16/04/2007,4,9.0,13.0,0.0,3.0,18.0,64.0,6.0,65.0,52.0,67.0,87.0,88.0,151.0,120.0,1.0,8.0,0.0,0.0,1.0,3.0,1.0,2.0,1.0,11.0,0.0,1.0,1.0,2.0
09/04/2007,8,4.0,9.0,13.0,0.0,3.0,18.0,64.0,6.0,65.0,52.0,67.0,87.0,88.0,151.0,3.0,5.0,1.0,3.0,6.0,2.0,2.0,0.0,0.0,8.0,1.0,1.0,4.0,1.0
02/04/2007,12,8.0,4.0,9.0,13.0,0.0,3.0,18.0,64.0,6.0,65.0,52.0,67.0,87.0,88.0,2.0,0.0,0.0,0.0,8.0,1.0,0.0,3.0,0.0,5.0,1.0,2.0,1.0,2.0
26/03/2007,13,12.0,8.0,4.0,9.0,13.0,0.0,3.0,18.0,64.0,6.0,65.0,52.0,67.0,87.0,12.0,12.0,0.0,18.0,4.0,6.0,3.0,5.0,1.0,18.0,2.0,0.0,0.0,1.0
19/03/2007,31,13.0,12.0,8.0,4.0,9.0,13.0,0.0,3.0,18.0,64.0,6.0,65.0,52.0,67.0,12.0,0.0,0.0,5.0,6.0,8.0,2.0,1.0,2.0,12.0,1.0,26.0,0.0,3.0
12/03/2007,35,31.0,13.0,12.0,8.0,4.0,9.0,13.0,0.0,3.0,18.0,64.0,6.0,65.0,52.0,11.0,7.0,16.0,30.0,21.0,4.0,10.0,1.0,0.0,23.0,0.0,4.0,1.0,0.0
05/03/2007,8,35.0,31.0,13.0,12.0,8.0,4.0,9.0,13.0,0.0,3.0,18.0,64.0,6.0,65.0,11.0,8.0,8.0,12.0,13.0,6.0,1.0,12.0,3.0,16.0,2.0,14.0,0.0,13.0
26/02/2007,73,8.0,35.0,31.0,13.0,12.0,8.0,4.0,9.0,13.0,0.0,3.0,18.0,64.0,6.0,3.0,1.0,0.0,3.0,13.0,21.0,1.0,6.0,5.0,44.0,2.0,9.0,2.0,2.0
19/02/2007,77,73.0,8.0,35.0,31.0,13.0,12.0,8.0,4.0,9.0,13.0,0.0,3.0,18.0,64.0,9.0,9.0,19.0,38.0,21.0,13.0,28.0,18.0,1.0,44.0,14.0,35.0,3.0,30.0
12/02/2007,21,77.0,73.0,8.0,35.0,31.0,13.0,12.0,8.0,4.0,9.0,13.0,0.0,3.0,18.0,12.0,4.0,31.0,12.0,30.0,13.0,43.0,10.0,1.0,72.0,9.0,22.0,11.0,9.0
05/02/2007,104,21.0,77.0,73.0,8.0,35.0,31.0,13.0,12.0,8.0,4.0,9.0,13.0,0.0,3.0,8.0,3.0,8.0,16.0,12.0,21.0,15.0,14.0,12.0,54.0,16.0,2.0,3.0,14.0
29/01/2007,105,104.0,21.0,77.0,73.0,8.0,35.0,31.0,13.0,12.0,8.0,4.0,9.0,13.0,0.0,14.0,6.0,1.0,25.0,39.0,30.0,46.0,12.0,6.0,65.0,15.0,10.0,10.0,24.0
22/01/2007,92,105.0,104.0,21.0,77.0,73.0,8.0,35.0,31.0,13.0,12.0,8.0,4.0,9.0,13.0,9.0,8.0,28.0,14.0,19.0,12.0,15.0,9.0,18.0,69.0,54.0,23.0,1.0,6.0
15/01/2007,192,92.0,105.0,104.0,21.0,77.0,73.0,8.0,35.0,31.0,13.0,12.0,8.0,4.0,9.0,18.0,18.0,47.0,45.0,55.0,39.0,47.0,12.0,10.0,107.0,14.0,12.0,3.0,49.0
08/01/2007,2,192.0,92.0,105.0,104.0,21.0,77.0,73.0,8.0,35.0,31.0,13.0,12.0,8.0,4.0,37.0,18.0,8.0,19.0,20.0,19.0,13.0,1.0,14.0,90.0,17.0,15.0,3.0,21.0
01/01/2007,67,2.0,192.0,92.0,105.0,104.0,21.0,77.0,73.0,8.0,35.0,31.0,13.0,12.0,8.0,11.0,6.0,24.0,15.0,22.0,55.0,20.0,8.0,12.0,9.0,43.0,3.0,4.0,31.0
25/12/2006,283,67.0,2.0,192.0,92.0,105.0,104.0,21.0,77.0,73.0,8.0,35.0,31.0,13.0,12.0,47.0,7.0,0.0,15.0,47.0,20.0,25.0,0.0,9.0,129.0,66.0,65.0,5.0,44.0
18/12/2006,135,283.0,67.0,2.0,192.0,92.0,105.0,104.0,21.0,77.0,73.0,8.0,35.0,31.0,13.0,34.0,8.0,57.0,92.0,93.0,22.0,35.0,21.0,12.0,156.0,89.0,45.0,19.0,68.0
11/12/2006,129,135.0,283.0,67.0,2.0,192.0,92.0,105.0,104.0,21.0,77.0,73.0,8.0,35.0,31.0,54.0,28.0,1.0,22.0,40.0,47.0,74.0,14.0,1.0,240.0,33.0,13.0,30.0,55.0
04/12/2006,203,129.0,135.0,283.0,67.0,2.0,192.0,92.0,105.0,104.0,21.0,77.0,73.0,8.0,35.0,22.0,5.0,47.0,36.0,56.0,93.0,60.0,3.0,8.0,190.0,48.0,7.0,9.0,60.0
27/11/2006,152,203.0,129.0,135.0,283.0,67.0,2.0,192.0,92.0,105.0,104.0,21.0,77.0,73.0,8.0,34.0,20.0,67.0,29.0,36.0,40.0,48.0,11.0,0.0,166.0,31.0,7.0,35.0,53.0
20/11/2006,107,152.0,203.0,129.0,135.0,283.0,67.0,2.0,192.0,92.0,105.0,104.0,21.0,77.0,73.0,194.0,6.0,55.0,27.0,40.0,56.0,18.0,19.0,21.0,138.0,53.0,3.0,28.0,42.0
13/11/2006,185,107.0,152.0,203.0,129.0,135.0,283.0,67.0,2.0,192.0,92.0,105.0,104.0,21.0,77.0,66.0,33.0,35.0,24.0,31.0,36.0,35.0,9.0,14.0,128.0,36.0,16.0,58.0,81.0
06/11/2006,110,185.0,107.0,152.0,203.0,129.0,135.0,283.0,67.0,2.0,192.0,92.0,105.0,104.0,21.0,29.0,13.0,12.0,38.0,42.0,40.0,38.0,2.0,3.0,239.0,35.0,29.0,27.0,65.0
30/10/2006,138,110.0,185.0,107.0,152.0,203.0,129.0,135.0,283.0,67.0,2.0,192.0,92.0,105.0,104.0,185.0,47.0,49.0,18.0,47.0,31.0,48.0,19.0,11.0,196.0,61.0,30.0,27.0,65.0
23/10/2006,100,138.0,110.0,185.0,107.0,152.0,203.0,129.0,135.0,283.0,67.0,2.0,192.0,92.0,105.0,51.0,11.0,9.0,21.0,31.0,42.0,51.0,1.0,19.0,108.0,32.0,20.0,16.0,29.0
16/10/2006,228,100.0,138.0,110.0,185.0,107.0,152.0,203.0,129.0,135.0,283.0,67.0,2.0,192.0,92.0,81.0,39.0,1.0,29.0,41.0,47.0,59.0,0.0,9.0,160.0,86.0,55.0,13.0,54.0
09/10/2006,130,228.0,100.0,138.0,110.0,185.0,107.0,152.0,203.0,129.0,135.0,283.0,67.0,2.0,192.0,68.0,41.0,27.0,23.0,55.0,31.0,59.0,18.0,2.0,131.0,29.0,7.0,48.0,43.0
02/10/2006,137,130.0,228.0,100.0,138.0,110.0,185.0,107.0,152.0,203.0,129.0,135.0,283.0,67.0,2.0,110.0,12.0,8.0,10.0,38.0,41.0,90.0,46.0,19.0,331.0,96.0,113.0,32.0,49.0
25/09/2006,235,137.0,130.0,228.0,100.0,138.0,110.0,185.0,107.0,152.0,203.0,129.0,135.0,283.0,67.0,38.0,22.0,57.0,11.0,49.0,55.0,61.0,11.0,1.0,155.0,106.0,32.0,21.0,31.0
18/09/2006,138,235.0,137.0,130.0,228.0,100.0,138.0,110.0,185.0,107.0,152.0,203.0,129.0,135.0,283.0,27.0,21.0,8.0,23.0,47.0,38.0,55.0,35.0,0.0,168.0,44.0,32.0,38.0,62.0
11/09/2006,166,138.0,235.0,137.0,130.0,228.0,100.0,138.0,110.0,185.0,107.0,152.0,203.0,129.0,135.0,27.0,38.0,10.0,17.0,42.0,49.0,78.0,13.0,18.0,137.0,34.0,96.0,24.0,52.0
04/09/2006,122,166.0,138.0,235.0,137.0,130.0,228.0,100.0,138.0,110.0,185.0,107.0,152.0,203.0,129.0,54.0,31.0,18.0,33.0,86.0,47.0,56.0,34.0,46.0,144.0,25.0,29.0,73.0,67.0
28/08/2006,149,122.0,166.0,138.0,235.0,137.0,130.0,228.0,100.0,138.0,110.0,185.0,107.0,152.0,203.0,54.0,50.0,1.0,34.0,54.0,42.0,32.0,17.0,11.0,119.0,58.0,47.0,15.0,40.0
21/08/2006,124,149.0,122.0,166.0,138.0,235.0,137.0,130.0,228.0,100.0,138.0,110.0,185.0,107.0,152.0,80.0,34.0,9.0,30.0,54.0,86.0,64.0,48.0,35.0,126.0,33.0,61.0,33.0,3.0
14/08/2006,187,124.0,149.0,122.0,166.0,138.0,235.0,137.0,130.0,228.0,100.0,138.0,110.0,185.0,107.0,115.0,40.0,70.0,24.0,45.0,54.0,20.0,28.0,13.0,239.0,50.0,71.0,46.0,36.0
07/08/2006,195,187.0,124.0,149.0,122.0,166.0,138.0,235.0,137.0,130.0,228.0,100.0,138.0,110.0,185.0,44.0,46.0,64.0,40.0,46.0,54.0,37.0,19.0,34.0,133.0,13.0,38.0,38.0,24.0
31/07/2006,130,195.0,187.0,124.0,149.0,122.0,166.0,138.0,235.0,137.0,130.0,228.0,100.0,138.0,110.0,67.0,55.0,10.0,31.0,48.0,45.0,30.0,39.0,17.0,140.0,93.0,51.0,17.0,23.0
24/07/2006,126,130.0,195.0,187.0,124.0,149.0,122.0,166.0,138.0,235.0,137.0,130.0,228.0,100.0,138.0,58.0,12.0,1.0,20.0,24.0,46.0,28.0,9.0,48.0,129.0,73.0,27.0,39.0,26.0
17/07/2006,154,126.0,130.0,195.0,187.0,124.0,149.0,122.0,166.0,138.0,235.0,137.0,130.0,228.0,100.0,47.0,35.0,12.0,31.0,21.0,48.0,24.0,28.0,28.0,97.0,35.0,75.0,21.0,32.0
10/07/2006,149,154.0,126.0,130.0,195.0,187.0,124.0,149.0,122.0,166.0,138.0,235.0,137.0,130.0,228.0,105.0,5.0,37.0,8.0,40.0,24.0,50.0,22.0,19.0,121.0,40.0,20.0,34.0,46.0
03/07/2006,106,149.0,154.0,126.0,130.0,195.0,187.0,124.0,149.0,122.0,166.0,138.0,235.0,137.0,130.0,106.0,37.0,78.0,32.0,27.0,21.0,10.0,8.0,39.0,66.0,52.0,96.0,21.0,18.0
26/06/2006,151,106.0,149.0,154.0,126.0,130.0,195.0,187.0,124.0,149.0,122.0,166.0,138.0,235.0,137.0,35.0,22.0,13.0,17.0,10.0,40.0,38.0,19.0,9.0,56.0,26.0,44.0,16.0,25.0
19/06/2006,100,151.0,106.0,149.0,154.0,126.0,130.0,195.0,187.0,124.0,149.0,122.0,166.0,138.0,235.0,30.0,28.0,19.0,11.0,30.0,27.0,11.0,12.0,28.0,42.0,3.0,74.0,5.0,8.0
12/06/2006,91,100.0,151.0,106.0,149.0,154.0,126.0,130.0,195.0,187.0,124.0,149.0,122.0,166.0,138.0,11.0,22.0,1.0,6.0,8.0,10.0,10.0,13.0,22.0,34.0,10.0,14.0,11.0,15.0
05/06/2006,46,91.0,100.0,151.0,106.0,149.0,154.0,126.0,130.0,195.0,187.0,124.0,149.0,122.0,166.0,36.0,11.0,2.0,1.0,30.0,30.0,12.0,21.0,8.0,30.0,12.0,24.0,10.0,3.0
29/05/2006,38,46.0,91.0,100.0,151.0,106.0,149.0,154.0,126.0,130.0,195.0,187.0,124.0,149.0,122.0,84.0,8.0,35.0,3.0,10.0,8.0,3.0,34.0,19.0,62.0,10.0,9.0,1.0,3.0
22/05/2006,13,38.0,46.0,91.0,100.0,151.0,106.0,149.0,154.0,126.0,130.0,195.0,187.0,124.0,149.0,10.0,16.0,0.0,5.0,1.0,30.0,1.0,5.0,12.0,9.0,11.0,0.0,0.0,4.0
15/05/2006,22,13.0,38.0,46.0,91.0,100.0,151.0,106.0,149.0,154.0,126.0,130.0,195.0,187.0,124.0,0.0,0.0,41.0,0.0,0.0,10.0,2.0,0.0,13.0,8.0,4.0,0.0,0.0,3.0
08/05/2006,33,22.0,13.0,38.0,46.0,91.0,100.0,151.0,106.0,149.0,154.0,126.0,130.0,195.0,187.0,0.0,3.0,16.0,2.0,1.0,1.0,3.0,0.0,21.0,4.0,0.0,6.0,0.0,3.0
01/05/2006,9,33.0,22.0,13.0,38.0,46.0,91.0,100.0,151.0,106.0,149.0,154.0,126.0,130.0,195.0,1.0,9.0,3.0,0.0,6.0,0.0,4.0,0.0,34.0,4.0,2.0,2.0,11.0,7.0
24/04/2006,14,9.0,33.0,22.0,13.0,38.0,46.0,91.0,100.0,151.0,106.0,149.0,154.0,126.0,130.0,1.0,0.0,11.0,3.0,3.0,1.0,2.0,0.0,5.0,2.0,5.0,2.0,2.0,0.0
17/04/2006,48,14.0,9.0,33.0,22.0,13.0,38.0,46.0,91.0,100.0,151.0,106.0,149.0,154.0,126.0,1.0,1.0,0.0,0.0,20.0,6.0,2.0,0.0,0.0,0.0,0.0,0.0,1.0,0.0
10/04/2006,7,48.0,14.0,9.0,33.0,22.0,13.0,38.0,46.0,91.0,100.0,151.0,106.0,149.0,154.0,0.0,3.0,1.0,1.0,1.0,3.0,1.0,4.0,0.0,4.0,4.0,0.0,0.0,1.0
03/04/2006,18,7.0,48.0,14.0,9.0,33.0,22.0,13.0,38.0,46.0,91.0,100.0,151.0,106.0,149.0,3.0,5.0,2.0,11.0,8.0,20.0,8.0,1.0,0.0,6.0,3.0,4.0,2.0,2.0
27/03/2006,6,18.0,7.0,48.0,14.0,9.0,33.0,22.0,13.0,38.0,46.0,91.0,100.0,151.0,106.0,2.0,9.0,1.0,1.0,18.0,1.0,2.0,0.0,0.0,9.0,0.0,11.0,2.0,3.0
20/03/2006,21,6.0,18.0,7.0,48.0,14.0,9.0,33.0,22.0,13.0,38.0,46.0,91.0,100.0,151.0,22.0,0.0,9.0,12.0,13.0,8.0,31.0,0.0,0.0,20.0,17.0,0.0,5.0,5.0
13/03/2006,30,21.0,6.0,18.0,7.0,48.0,14.0,9.0,33.0,22.0,13.0,38.0,46.0,91.0,100.0,15.0,1.0,9.0,3.0,8.0,18.0,6.0,1.0,4.0,18.0,14.0,15.0,3.0,11.0
06/03/2006,21,30.0,21.0,6.0,18.0,7.0,48.0,14.0,9.0,33.0,22.0,13.0,38.0,46.0,91.0,26.0,10.0,19.0,25.0,26.0,13.0,46.0,0.0,1.0,15.0,11.0,20.0,23.0,6.0
27/02/2006,79,21.0,30.0,21.0,6.0,18.0,7.0,48.0,14.0,9.0,33.0,22.0,13.0,38.0,46.0,9.0,1.0,28.0,8.0,10.0,8.0,18.0,6.0,0.0,12.0,46.0,30.0,0.0,18.0
20/02/2006,64,79.0,21.0,30.0,21.0,6.0,18.0,7.0,48.0,14.0,9.0,33.0,22.0,13.0,38.0,18.0,8.0,15.0,14.0,82.0,26.0,39.0,0.0,0.0,38.0,38.0,8.0,5.0,27.0
13/02/2006,55,64.0,79.0,21.0,30.0,21.0,6.0,18.0,7.0,48.0,14.0,9.0,33.0,22.0,13.0,5.0,14.0,22.0,48.0,40.0,10.0,38.0,2.0,1.0,25.0,19.0,7.0,22.0,11.0
06/02/2006,18,55.0,64.0,79.0,21.0,30.0,21.0,6.0,18.0,7.0,48.0,14.0,9.0,33.0,22.0,24.0,8.0,2.0,13.0,21.0,82.0,26.0,1.0,0.0,43.0,15.0,12.0,2.0,20.0
30/01/2006,101,18.0,55.0,64.0,79.0,21.0,30.0,21.0,6.0,18.0,7.0,48.0,14.0,9.0,33.0,14.0,3.0,10.0,32.0,53.0,40.0,39.0,1.0,6.0,52.0,8.0,46.0,20.0,28.0
23/01/2006,63,101.0,18.0,55.0,64.0,79.0,21.0,30.0,21.0,6.0,18.0,7.0,48.0,14.0,9.0,20.0,14.0,20.0,7.0,39.0,21.0,22.0,3.0,0.0,35.0,63.0,14.0,15.0,25.0
16/01/2006,59,63.0,101.0,18.0,55.0,64.0,79.0,21.0,30.0,21.0,6.0,18.0,7.0,48.0,14.0,30.0,30.0,16.0,38.0,40.0,53.0,12.0,11.0,2.0,29.0,5.0,18.0,44.0,11.0
09/01/2006,6,59.0,63.0,101.0,18.0,55.0,64.0,79.0,21.0,30.0,21.0,6.0,18.0,7.0,48.0,44.0,35.0,59.0,37.0,42.0,39.0,4.0,2.0,1.0,54.0,17.0,19.0,19.0,39.0
02/01/2006,26,6.0,59.0,63.0,101.0,18.0,55.0,64.0,79.0,21.0,30.0,21.0,6.0,18.0,7.0,3.0,0.0,0.0,1.0,0.0,40.0,0.0,0.0,1.0,10.0,0.0,3.0,0.0,2.0
26/12/2005,150,26.0,6.0,59.0,63.0,101.0,18.0,55.0,64.0,79.0,21.0,30.0,21.0,6.0,18.0,27.0,1.0,0.0,37.0,43.0,42.0,18.0,2.0,3.0,30.0,21.0,26.0,20.0,23.0
19/12/2005,80,150.0,26.0,6.0,59.0,63.0,101.0,18.0,55.0,64.0,79.0,21.0,30.0,21.0,6.0,49.0,4.0,48.0,47.0,81.0,0.0,27.0,10.0,11.0,80.0,93.0,3.0,28.0,63.0
12/12/2005,82,80.0,150.0,26.0,6.0,59.0,63.0,101.0,18.0,55.0,64.0,79.0,21.0,30.0,21.0,50.0,41.0,69.0,61.0,59.0,43.0,19.0,7.0,2.0,140.0,18.0,9.0,31.0,32.0
05/12/2005,58,82.0,80.0,150.0,26.0,6.0,59.0,63.0,101.0,18.0,55.0,64.0,79.0,21.0,30.0,19.0,72.0,12.0,44.0,14.0,81.0,4.0,10.0,0.0,43.0,25.0,3.0,21.0,36.0
28/11/2005,84,58.0,82.0,80.0,150.0,26.0,6.0,59.0,63.0,101.0,18.0,55.0,64.0,79.0,21.0,24.0,41.0,67.0,24.0,34.0,59.0,17.0,21.0,2.0,108.0,46.0,83.0,22.0,43.0
21/11/2005,59,84.0,58.0,82.0,80.0,150.0,26.0,6.0,59.0,63.0,101.0,18.0,55.0,64.0,79.0,43.0,14.0,47.0,28.0,9.0,14.0,16.0,4.0,10.0,35.0,14.0,2.0,13.0,28.0
14/11/2005,60,59.0,84.0,58.0,82.0,80.0,150.0,26.0,6.0,59.0,63.0,101.0,18.0,55.0,64.0,31.0,1.0,77.0,18.0,66.0,34.0,14.0,17.0,7.0,68.0,20.0,34.0,24.0,38.0
07/11/2005,116,60.0,59.0,84.0,58.0,82.0,80.0,150.0,26.0,6.0,59.0,63.0,101.0,18.0,55.0,29.0,72.0,73.0,71.0,56.0,9.0,30.0,22.0,10.0,77.0,11.0,16.0,18.0,47.0
31/10/2005,99,116.0,60.0,59.0,84.0,58.0,82.0,80.0,150.0,26.0,6.0,59.0,63.0,101.0,18.0,40.0,36.0,56.0,23.0,52.0,66.0,9.0,13.0,21.0,106.0,45.0,25.0,32.0,38.0
24/10/2005,112,99.0,116.0,60.0,59.0,84.0,58.0,82.0,80.0,150.0,26.0,6.0,59.0,63.0,101.0,53.0,51.0,61.0,78.0,52.0,56.0,23.0,0.0,4.0,77.0,22.0,1.0,21.0,31.0
17/10/2005,197,112.0,99.0,116.0,60.0,59.0,84.0,58.0,82.0,80.0,150.0,26.0,6.0,59.0,63.0,48.0,77.0,1.0,25.0,55.0,52.0,32.0,21.0,17.0,76.0,25.0,29.0,11.0,50.0
10/10/2005,116,197.0,112.0,99.0,116.0,60.0,59.0,84.0,58.0,82.0,80.0,150.0,26.0,6.0,59.0,49.0,21.0,112.0,34.0,85.0,52.0,29.0,8.0,22.0,107.0,29.0,44.0,28.0,70.0
03/10/2005,215,116.0,197.0,112.0,99.0,116.0,60.0,59.0,84.0,58.0,82.0,80.0,150.0,26.0,6.0,60.0,34.0,54.0,54.0,50.0,55.0,52.0,14.0,13.0,100.0,22.0,42.0,30.0,47.0
26/09/2005,82,215.0,116.0,197.0,112.0,99.0,116.0,60.0,59.0,84.0,58.0,82.0,80.0,150.0,26.0,51.0,68.0,144.0,46.0,35.0,85.0,39.0,11.0,0.0,36.0,4.0,34.0,9.0,40.0
19/09/2005,155,82.0,215.0,116.0,197.0,112.0,99.0,116.0,60.0,59.0,84.0,58.0,82.0,80.0,150.0,21.0,157.0,61.0,41.0,62.0,50.0,66.0,5.0,21.0,80.0,14.0,54.0,54.0,54.0
12/09/2005,80,155.0,82.0,215.0,116.0,197.0,112.0,99.0,116.0,60.0,59.0,84.0,58.0,82.0,80.0,31.0,38.0,57.0,47.0,15.0,35.0,69.0,7.0,8.0,60.0,3.0,25.0,27.0,40.0
05/09/2005,13,80.0,155.0,82.0,215.0,116.0,197.0,112.0,99.0,116.0,60.0,59.0,84.0,58.0,82.0,21.0,25.0,21.0,1.0,23.0,62.0,18.0,1.0,14.0,38.0,21.0,13.0,12.0,10.0
29/08/2005,70,13.0,80.0,155.0,82.0,215.0,116.0,197.0,112.0,99.0,116.0,60.0,59.0,84.0,58.0,10.0,5.0,3.0,0.0,7.0,15.0,11.0,5.0,11.0,15.0,0.0,8.0,5.0,2.0
22/08/2005,391,70.0,13.0,80.0,155.0,82.0,215.0,116.0,197.0,112.0,99.0,116.0,60.0,59.0,84.0,67.0,40.0,44.0,88.0,34.0,23.0,118.0,17.0,5.0,42.0,48.0,9.0,92.0,89.0
15/08/2005,178,391.0,70.0,13.0,80.0,155.0,82.0,215.0,116.0,197.0,112.0,99.0,116.0,60.0,59.0,35.0,274.0,20.0,42.0,87.0,7.0,136.0,37.0,7.0,125.0,1.0,56.0,37.0,34.0
08/08/2005,124,178.0,391.0,70.0,13.0,80.0,155.0,82.0,215.0,116.0,197.0,112.0,99.0,116.0,60.0,23.0,48.0,30.0,22.0,14.0,34.0,109.0,50.0,1.0,85.0,3.0,46.0,21.0,19.0
01/08/2005,235,124.0,178.0,391.0,70.0,13.0,80.0,155.0,82.0,215.0,116.0,197.0,112.0,99.0,116.0,35.0,80.0,14.0,74.0,41.0,87.0,105.0,4.0,5.0,63.0,4.0,63.0,22.0,38.0
25/07/2005,88,235.0,124.0,178.0,391.0,70.0,13.0,80.0,155.0,82.0,215.0,116.0,197.0,112.0,99.0,17.0,85.0,72.0,20.0,33.0,14.0,86.0,27.0,17.0,85.0,6.0,11.0,22.0,13.0
18/07/2005,187,88.0,235.0,124.0,178.0,391.0,70.0,13.0,80.0,155.0,82.0,215.0,116.0,197.0,112.0,4.0,0.0,29.0,7.0,37.0,41.0,14.0,18.0,37.0,102.0,3.0,27.0,20.0,2.0
11/07/2005,140,187.0,88.0,235.0,124.0,178.0,391.0,70.0,13.0,80.0,155.0,82.0,215.0,116.0,197.0,27.0,177.0,35.0,60.0,21.0,33.0,132.0,26.0,50.0,133.0,5.0,9.0,12.0,2.0
04/07/2005,111,140.0,187.0,88.0,235.0,124.0,178.0,391.0,70.0,13.0,80.0,155.0,82.0,215.0,116.0,20.0,84.0,4.0,14.0,9.0,37.0,44.0,27.0,4.0,84.0,8.0,33.0,13.0,9.0
27/06/2005,72,111.0,140.0,187.0,88.0,235.0,124.0,178.0,391.0,70.0,13.0,80.0,155.0,82.0,215.0,19.0,25.0,31.0,15.0,28.0,21.0,46.0,2.0,27.0,61.0,1.0,11.0,10.0,6.0
20/06/2005,75,72.0,111.0,140.0,187.0,88.0,235.0,124.0,178.0,391.0,70.0,13.0,80.0,155.0,82.0,27.0,17.0,8.0,16.0,7.0,9.0,33.0,15.0,18.0,76.0,10.0,13.0,6.0,8.0
13/06/2005,44,75.0,72.0,111.0,140.0,187.0,88.0,235.0,124.0,178.0,391.0,70.0,13.0,80.0,155.0,4.0,25.0,17.0,11.0,5.0,28.0,7.0,19.0,26.0,107.0,6.0,15.0,32.0,4.0
06/06/2005,40,44.0,75.0,72.0,111.0,140.0,187.0,88.0,235.0,124.0,178.0,391.0,70.0,13.0,80.0,7.0,10.0,2.0,1.0,7.0,7.0,51.0,14.0,27.0,69.0,23.0,4.0,49.0,1.0
30/05/2005,37,40.0,44.0,75.0,72.0,111.0,140.0,187.0,88.0,235.0,124.0,178.0,391.0,70.0,13.0,0.0,12.0,93.0,3.0,6.0,5.0,27.0,7.0,2.0,23.0,2.0,13.0,13.0,4.0
23/05/2005,10,37.0,40.0,44.0,75.0,72.0,111.0,140.0,187.0,88.0,235.0,124.0,178.0,391.0,70.0,5.0,8.0,57.0,4.0,4.0,7.0,15.0,11.0,15.0,35.0,2.0,12.0,1.0,1.0
16/05/2005,6,10.0,37.0,40.0,44.0,75.0,72.0,111.0,140.0,187.0,88.0,235.0,124.0,178.0,391.0,2.0,2.0,25.0,3.0,5.0,6.0,7.0,5.0,19.0,15.0,0.0,1.0,4.0,3.0
09/05/2005,7,6.0,10.0,37.0,40.0,44.0,75.0,72.0,111.0,140.0,187.0,88.0,235.0,124.0,178.0,4.0,1.0,34.0,6.0,3.0,4.0,10.0,0.0,14.0,10.0,1.0,1.0,0.0,8.0
02/05/2005,5,7.0,6.0,10.0,37.0,40.0,44.0,75.0,72.0,111.0,140.0,187.0,88.0,235.0,124.0,3.0,1.0,0.0,1.0,5.0,5.0,1.0,0.0,7.0,9.0,1.0,2.0,2.0,4.0
25/04/2005,10,5.0,7.0,6.0,10.0,37.0,40.0,44.0,75.0,72.0,111.0,140.0,187.0,88.0,235.0,0.0,0.0,1.0,3.0,0.0,3.0,12.0,0.0,11.0,2.0,2.0,0.0,2.0,2.0
18/04/2005,11,10.0,5.0,7.0,6.0,10.0,37.0,40.0,44.0,75.0,72.0,111.0,140.0,187.0,88.0,2.0,0.0,0.0,3.0,1.0,5.0,2.0,0.0,5.0,1.0,0.0,5.0,1.0,5.0
11/04/2005,16,11.0,10.0,5.0,7.0,6.0,10.0,37.0,40.0,44.0,75.0,72.0,111.0,140.0,187.0,4.0,0.0,0.0,2.0,3.0,0.0,7.0,6.0,0.0,27.0,5.0,0.0,0.0,8.0
04/04/2005,20,16.0,11.0,10.0,5.0,7.0,6.0,10.0,37.0,40.0,44.0,75.0,72.0,111.0,140.0,4.0,1.0,7.0,3.0,5.0,1.0,6.0,3.0,0.0,8.0,1.0,1.0,4.0,7.0
28/03/2005,17,20.0,16.0,11.0,10.0,5.0,7.0,6.0,10.0,37.0,40.0,44.0,75.0,72.0,111.0,4.0,2.0,3.0,7.0,3.0,3.0,9.0,1.0,0.0,26.0,8.0,6.0,1.0,18.0
21/03/2005,21,17.0,20.0,16.0,11.0,10.0,5.0,7.0,6.0,10.0,37.0,40.0,44.0,75.0,72.0,10.0,0.0,1.0,18.0,1.0,5.0,26.0,11.0,0.0,43.0,5.0,2.0,3.0,27.0
14/03/2005,34,21.0,17.0,20.0,16.0,11.0,10.0,5.0,7.0,6.0,10.0,37.0,40.0,44.0,75.0,1.0,0.0,0.0,20.0,17.0,3.0,17.0,0.0,6.0,26.0,10.0,3.0,0.0,3.0
07/03/2005,28,34.0,21.0,17.0,20.0,16.0,11.0,10.0,5.0,7.0,6.0,10.0,37.0,40.0,44.0,12.0,3.0,1.0,22.0,3.0,1.0,16.0,4.0,3.0,39.0,33.0,14.0,0.0,40.0
28/02/2005,44,28.0,34.0,21.0,17.0,20.0,16.0,11.0,10.0,5.0,7.0,6.0,10.0,37.0,40.0,7.0,1.0,2.0,13.0,11.0,17.0,11.0,3.0,1.0,32.0,16.0,7.0,0.0,34.0
21/02/2005,33,44.0,28.0,34.0,21.0,17.0,20.0,16.0,11.0,10.0,5.0,7.0,6.0,10.0,37.0,4.0,7.0,0.0,18.0,11.0,3.0,11.0,1.0,11.0,46.0,28.0,28.0,0.0,30.0
14/02/2005,85,33.0,44.0,28.0,34.0,21.0,17.0,20.0,16.0,11.0,10.0,5.0,7.0,6.0,10.0,5.0,10.0,3.0,20.0,7.0,11.0,14.0,10.0,0.0,87.0,5.0,15.0,31.0,21.0
07/02/2005,16,85.0,33.0,44.0,28.0,34.0,21.0,17.0,20.0,16.0,11.0,10.0,5.0,7.0,6.0,15.0,26.0,3.0,28.0,13.0,11.0,14.0,8.0,4.0,33.0,28.0,7.0,23.0,24.0
31/01/2005,95,16.0,85.0,33.0,44.0,28.0,34.0,21.0,17.0,20.0,16.0,11.0,10.0,5.0,7.0,15.0,14.0,0.0,9.0,23.0,7.0,24.0,2.0,3.0,25.0,16.0,0.0,3.0,25.0
24/01/2005,43,95.0,16.0,85.0,33.0,44.0,28.0,34.0,21.0,17.0,20.0,16.0,11.0,10.0,5.0,12.0,41.0,0.0,16.0,15.0,13.0,56.0,7.0,1.0,122.0,4.0,23.0,11.0,110.0
17/01/2005,35,43.0,95.0,16.0,85.0,33.0,44.0,28.0,34.0,21.0,17.0,20.0,16.0,11.0,10.0,39.0,31.0,3.0,2.0,30.0,23.0,34.0,20.0,10.0,70.0,36.0,5.0,22.0,63.0
10/01/2005,30,35.0,43.0,95.0,16.0,85.0,33.0,44.0,28.0,34.0,21.0,17.0,20.0,16.0,11.0,7.0,15.0,0.0,7.0,7.0,15.0,30.0,36.0,8.0,72.0,5.0,21.0,0.0,17.0
03/01/2005,259,30.0,35.0,43.0,95.0,16.0,85.0,33.0,44.0,28.0,34.0,21.0,17.0,20.0,16.0,23.0,8.0,4.0,1.0,9.0,30.0,27.0,17.0,2.0,12.0,5.0,17.0,1.0,83.0
