Date,BUDAPEST,VESZPREM.L2,BUDAPEST.L1,BUDAPEST.L2,BUDAPEST.L3,PEST.L2,PEST.L1,GYOR.L2,BORSOD.L1,SOMOGY.L2,GYOR.L1,TOLNA.L2,BACS.L1,VESZPREM.L3,CSONGRAD.L1,GYOR.L3,VESZPREM.L4,SOMOGY.L3,JASZ.L2,VESZPREM.L1,CSONGRAD.L2,BACS.L2,JASZ.L1,BARANYA.L1,KOMAROM.L1,PEST.L3,FEJER.L1,JASZ.L3,SOMOGY.L1
08/09/2014,114,59.0,113.0,129.0,132.0,144.0,125.0,91.0,84.0,50.0,111.0,25.0,62.0,108.0,66.0,128.0,63.0,41.0,91.0,87.0,41.0,84.0,124.0,74.0,63.0,121.0,83.0,138.0,55.0
01/09/2014,98,87.0,114.0,113.0,129.0,125.0,138.0,111.0,111.0,55.0,119.0,13.0,120.0,59.0,48.0,91.0,108.0,50.0,124.0,64.0,66.0,62.0,141.0,50.0,59.0,144.0,77.0,91.0,57.0
25/08/2014,140,64.0,98.0,114.0,113.0,138.0,83.0,119.0,48.0,57.0,131.0,6.0,81.0,87.0,40.0,111.0,59.0,55.0,141.0,39.0,48.0,120.0,97.0,66.0,64.0,125.0,59.0,124.0,42.0
18/08/2014,120,39.0,140.0,98.0,114.0,83.0,159.0,131.0,129.0,42.0,146.0,2.0,103.0,64.0,51.0,119.0,87.0,57.0,97.0,76.0,40.0,81.0,224.0,81.0,124.0,138.0,89.0,141.0,66.0
11/08/2014,173,76.0,120.0,140.0,98.0,159.0,153.0,146.0,135.0,66.0,123.0,15.0,86.0,39.0,25.0,131.0,64.0,42.0,224.0,44.0,51.0,103.0,97.0,46.0,83.0,83.0,93.0,97.0,42.0
04/08/2014,135,44.0,173.0,120.0,140.0,153.0,137.0,123.0,84.0,42.0,122.0,28.0,125.0,76.0,37.0,146.0,39.0,66.0,97.0,141.0,25.0,86.0,174.0,99.0,105.0,159.0,84.0,224.0,54.0
28/07/2014,143,141.0,135.0,173.0,120.0,137.0,165.0,122.0,93.0,54.0,123.0,28.0,145.0,44.0,27.0,123.0,76.0,42.0,174.0,98.0,37.0,125.0,99.0,62.0,74.0,153.0,75.0,97.0,42.0
21/07/2014,139,98.0,143.0,135.0,173.0,165.0,145.0,123.0,104.0,42.0,128.0,33.0,129.0,141.0,48.0,122.0,44.0,54.0,99.0,87.0,27.0,145.0,163.0,98.0,146.0,137.0,73.0,174.0,23.0
14/07/2014,155,87.0,139.0,143.0,135.0,145.0,66.0,128.0,61.0,23.0,79.0,46.0,94.0,98.0,30.0,123.0,141.0,42.0,163.0,69.0,48.0,129.0,99.0,30.0,82.0,165.0,56.0,99.0,13.0
07/07/2014,98,69.0,155.0,139.0,143.0,66.0,117.0,79.0,147.0,13.0,93.0,23.0,94.0,87.0,24.0,128.0,98.0,23.0,99.0,66.0,30.0,94.0,123.0,56.0,83.0,145.0,77.0,163.0,36.0
30/06/2014,87,66.0,98.0,155.0,139.0,117.0,89.0,93.0,85.0,36.0,62.0,21.0,153.0,69.0,13.0,79.0,87.0,13.0,123.0,49.0,24.0,94.0,82.0,40.0,81.0,66.0,31.0,99.0,12.0
23/06/2014,110,49.0,87.0,98.0,155.0,89.0,91.0,62.0,69.0,12.0,66.0,22.0,38.0,66.0,32.0,93.0,69.0,36.0,82.0,51.0,13.0,153.0,84.0,18.0,72.0,117.0,33.0,123.0,11.0
16/06/2014,70,51.0,110.0,87.0,98.0,91.0,31.0,66.0,36.0,11.0,41.0,12.0,67.0,49.0,20.0,62.0,66.0,12.0,84.0,39.0,32.0,38.0,58.0,15.0,43.0,89.0,24.0,82.0,11.0
09/06/2014,43,39.0,70.0,110.0,87.0,31.0,25.0,41.0,29.0,11.0,35.0,8.0,11.0,51.0,8.0,66.0,49.0,11.0,58.0,24.0,20.0,67.0,25.0,12.0,33.0,91.0,13.0,84.0,6.0
02/06/2014,37,24.0,43.0,70.0,110.0,25.0,23.0,35.0,17.0,6.0,16.0,11.0,7.0,39.0,6.0,41.0,51.0,11.0,25.0,8.0,8.0,11.0,26.0,12.0,20.0,31.0,13.0,58.0,11.0
26/05/2014,30,8.0,37.0,43.0,70.0,23.0,19.0,16.0,6.0,11.0,9.0,8.0,21.0,24.0,6.0,35.0,39.0,6.0,26.0,17.0,6.0,7.0,18.0,4.0,17.0,25.0,9.0,25.0,5.0
19/05/2014,21,17.0,30.0,37.0,43.0,19.0,20.0,9.0,1.0,5.0,1.0,4.0,6.0,8.0,6.0,16.0,24.0,11.0,18.0,4.0,6.0,21.0,9.0,4.0,4.0,23.0,1.0,26.0,5.0
12/05/2014,22,4.0,21.0,30.0,37.0,20.0,7.0,1.0,4.0,5.0,12.0,3.0,1.0,17.0,3.0,9.0,8.0,5.0,9.0,4.0,6.0,6.0,2.0,1.0,4.0,19.0,2.0,18.0,2.0
05/05/2014,15,4.0,22.0,21.0,30.0,7.0,22.0,12.0,5.0,2.0,8.0,2.0,0.0,4.0,0.0,1.0,17.0,5.0,2.0,1.0,3.0,1.0,6.0,0.0,3.0,20.0,4.0,9.0,4.0
28/04/2014,11,1.0,15.0,22.0,21.0,22.0,13.0,8.0,2.0,4.0,7.0,2.0,2.0,4.0,3.0,12.0,4.0,2.0,6.0,0.0,0.0,0.0,5.0,1.0,5.0,7.0,1.0,2.0,2.0
21/04/2014,7,0.0,11.0,15.0,22.0,13.0,9.0,7.0,19.0,2.0,6.0,1.0,9.0,1.0,3.0,8.0,4.0,4.0,5.0,1.0,3.0,2.0,4.0,3.0,1.0,22.0,1.0,6.0,2.0
14/04/2014,12,1.0,7.0,11.0,15.0,9.0,8.0,6.0,1.0,2.0,2.0,2.0,1.0,0.0,1.0,7.0,1.0,2.0,4.0,2.0,3.0,9.0,7.0,1.0,4.0,13.0,2.0,5.0,3.0
07/04/2014,5,2.0,12.0,7.0,11.0,8.0,18.0,2.0,19.0,3.0,1.0,2.0,6.0,1.0,3.0,6.0,0.0,2.0,7.0,4.0,1.0,1.0,5.0,3.0,4.0,9.0,0.0,4.0,3.0
31/03/2014,17,4.0,5.0,12.0,7.0,18.0,15.0,1.0,28.0,3.0,2.0,6.0,3.0,2.0,1.0,2.0,1.0,3.0,5.0,5.0,3.0,6.0,9.0,2.0,7.0,8.0,4.0,7.0,6.0
24/03/2014,11,5.0,17.0,5.0,12.0,15.0,27.0,2.0,34.0,6.0,1.0,5.0,6.0,4.0,1.0,1.0,2.0,3.0,9.0,20.0,1.0,3.0,8.0,4.0,21.0,18.0,10.0,5.0,6.0
17/03/2014,27,20.0,11.0,17.0,5.0,27.0,51.0,1.0,60.0,6.0,5.0,1.0,5.0,5.0,0.0,2.0,4.0,6.0,8.0,25.0,1.0,6.0,12.0,3.0,9.0,15.0,16.0,9.0,5.0
10/03/2014,23,25.0,27.0,11.0,17.0,51.0,79.0,5.0,46.0,5.0,6.0,3.0,15.0,20.0,8.0,1.0,5.0,6.0,12.0,14.0,0.0,5.0,30.0,8.0,22.0,27.0,25.0,8.0,1.0
03/03/2014,30,14.0,23.0,27.0,11.0,79.0,77.0,6.0,60.0,1.0,8.0,5.0,26.0,25.0,18.0,5.0,20.0,5.0,30.0,50.0,8.0,15.0,20.0,9.0,43.0,51.0,25.0,12.0,17.0
24/02/2014,48,50.0,30.0,23.0,27.0,77.0,70.0,8.0,12.0,17.0,18.0,10.0,33.0,14.0,12.0,6.0,25.0,1.0,20.0,13.0,18.0,26.0,15.0,15.0,48.0,79.0,30.0,30.0,9.0
17/02/2014,37,13.0,48.0,30.0,23.0,70.0,67.0,18.0,100.0,9.0,20.0,7.0,35.0,50.0,19.0,8.0,14.0,17.0,15.0,35.0,12.0,33.0,23.0,12.0,51.0,77.0,13.0,20.0,17.0
10/02/2014,32,35.0,37.0,48.0,30.0,67.0,48.0,20.0,51.0,17.0,19.0,25.0,58.0,13.0,9.0,18.0,50.0,9.0,23.0,14.0,19.0,35.0,37.0,21.0,52.0,70.0,18.0,15.0,10.0
03/02/2014,49,14.0,32.0,37.0,48.0,48.0,31.0,19.0,45.0,10.0,27.0,16.0,36.0,35.0,24.0,20.0,13.0,17.0,37.0,22.0,9.0,58.0,25.0,9.0,17.0,67.0,15.0,23.0,5.0
27/01/2014,67,22.0,49.0,32.0,37.0,31.0,81.0,27.0,81.0,5.0,27.0,22.0,65.0,14.0,16.0,19.0,35.0,10.0,25.0,42.0,24.0,36.0,37.0,13.0,49.0,48.0,28.0,37.0,20.0
20/01/2014,106,42.0,67.0,49.0,32.0,81.0,44.0,27.0,40.0,20.0,34.0,10.0,40.0,22.0,28.0,27.0,14.0,5.0,37.0,72.0,16.0,65.0,45.0,28.0,50.0,31.0,22.0,25.0,38.0
13/01/2014,83,72.0,106.0,67.0,49.0,44.0,133.0,34.0,91.0,38.0,38.0,32.0,77.0,42.0,37.0,27.0,22.0,20.0,45.0,97.0,28.0,40.0,51.0,32.0,31.0,81.0,30.0,37.0,23.0
06/01/2014,114,97.0,83.0,106.0,67.0,133.0,85.0,38.0,75.0,23.0,25.0,35.0,44.0,72.0,9.0,34.0,42.0,38.0,51.0,80.0,37.0,77.0,49.0,24.0,37.0,44.0,17.0,45.0,51.0
30/12/2013,129,80.0,114.0,83.0,106.0,85.0,163.0,25.0,50.0,51.0,35.0,77.0,21.0,97.0,3.0,38.0,72.0,23.0,49.0,84.0,9.0,44.0,78.0,33.0,20.0,133.0,18.0,51.0,29.0
23/12/2013,189,84.0,129.0,114.0,83.0,163.0,173.0,35.0,89.0,29.0,47.0,57.0,60.0,80.0,48.0,25.0,97.0,51.0,78.0,109.0,3.0,21.0,45.0,42.0,72.0,85.0,36.0,49.0,79.0
16/12/2013,79,109.0,189.0,129.0,114.0,173.0,102.0,47.0,92.0,79.0,31.0,71.0,46.0,84.0,100.0,35.0,80.0,29.0,45.0,110.0,48.0,60.0,65.0,56.0,55.0,163.0,27.0,78.0,49.0
09/12/2013,163,110.0,79.0,189.0,129.0,102.0,114.0,31.0,50.0,49.0,28.0,53.0,29.0,109.0,26.0,47.0,84.0,79.0,65.0,111.0,100.0,46.0,30.0,8.0,39.0,173.0,27.0,45.0,61.0
02/12/2013,110,111.0,163.0,79.0,189.0,114.0,121.0,28.0,103.0,61.0,22.0,37.0,41.0,110.0,44.0,31.0,109.0,49.0,30.0,120.0,26.0,29.0,64.0,34.0,46.0,102.0,15.0,65.0,99.0
25/11/2013,158,120.0,110.0,163.0,79.0,121.0,105.0,22.0,68.0,99.0,35.0,53.0,31.0,111.0,48.0,28.0,110.0,61.0,64.0,136.0,44.0,41.0,30.0,35.0,24.0,114.0,29.0,30.0,97.0
18/11/2013,182,136.0,158.0,110.0,163.0,105.0,104.0,35.0,119.0,97.0,42.0,51.0,42.0,120.0,40.0,22.0,111.0,99.0,30.0,157.0,48.0,31.0,57.0,23.0,38.0,121.0,15.0,64.0,82.0
11/11/2013,136,157.0,182.0,158.0,110.0,104.0,119.0,42.0,108.0,82.0,59.0,48.0,70.0,136.0,121.0,35.0,120.0,97.0,57.0,155.0,40.0,42.0,47.0,25.0,28.0,105.0,22.0,30.0,145.0
04/11/2013,207,155.0,136.0,182.0,158.0,119.0,170.0,59.0,119.0,145.0,60.0,93.0,48.0,157.0,102.0,42.0,136.0,82.0,47.0,221.0,121.0,70.0,81.0,50.0,23.0,104.0,42.0,57.0,120.0
28/10/2013,251,221.0,207.0,136.0,182.0,170.0,140.0,60.0,112.0,120.0,82.0,66.0,52.0,155.0,85.0,59.0,157.0,145.0,81.0,180.0,102.0,48.0,74.0,51.0,53.0,119.0,44.0,47.0,120.0
21/10/2013,141,180.0,251.0,207.0,136.0,140.0,181.0,82.0,89.0,120.0,78.0,55.0,53.0,221.0,118.0,60.0,155.0,120.0,74.0,161.0,85.0,52.0,74.0,58.0,29.0,170.0,38.0,81.0,123.0
14/10/2013,193,161.0,141.0,251.0,207.0,181.0,149.0,78.0,61.0,123.0,33.0,66.0,59.0,180.0,85.0,82.0,221.0,120.0,74.0,221.0,118.0,53.0,102.0,62.0,34.0,140.0,42.0,74.0,101.0
07/10/2013,169,221.0,193.0,141.0,251.0,149.0,160.0,33.0,82.0,101.0,87.0,47.0,109.0,161.0,91.0,78.0,180.0,123.0,102.0,210.0,85.0,59.0,137.0,78.0,34.0,181.0,44.0,74.0,70.0
30/09/2013,141,210.0,169.0,193.0,141.0,160.0,161.0,87.0,68.0,70.0,49.0,96.0,69.0,221.0,131.0,33.0,161.0,101.0,137.0,230.0,91.0,109.0,82.0,48.0,36.0,149.0,58.0,102.0,47.0
23/09/2013,193,230.0,141.0,169.0,193.0,161.0,168.0,49.0,68.0,47.0,59.0,85.0,97.0,210.0,91.0,87.0,221.0,70.0,82.0,130.0,131.0,69.0,80.0,66.0,61.0,160.0,56.0,137.0,155.0
16/09/2013,359,130.0,193.0,141.0,169.0,168.0,153.0,59.0,62.0,155.0,52.0,73.0,55.0,230.0,152.0,49.0,210.0,47.0,80.0,192.0,91.0,97.0,104.0,30.0,45.0,161.0,64.0,82.0,43.0
09/09/2013,268,192.0,359.0,193.0,141.0,153.0,157.0,52.0,23.0,43.0,71.0,86.0,75.0,130.0,108.0,59.0,230.0,155.0,104.0,97.0,152.0,55.0,113.0,57.0,59.0,168.0,29.0,80.0,46.0
02/09/2013,168,97.0,268.0,359.0,193.0,157.0,221.0,71.0,97.0,46.0,76.0,58.0,97.0,192.0,165.0,52.0,130.0,43.0,113.0,190.0,108.0,75.0,104.0,139.0,54.0,153.0,103.0,104.0,81.0
26/08/2013,338,190.0,168.0,268.0,359.0,221.0,165.0,76.0,44.0,81.0,65.0,82.0,86.0,97.0,107.0,71.0,192.0,46.0,104.0,79.0,165.0,97.0,108.0,56.0,44.0,157.0,26.0,113.0,22.0
19/08/2013,186,79.0,338.0,168.0,268.0,165.0,121.0,65.0,44.0,22.0,68.0,58.0,59.0,190.0,82.0,76.0,97.0,81.0,108.0,133.0,107.0,86.0,89.0,68.0,30.0,221.0,57.0,104.0,42.0
12/08/2013,266,133.0,186.0,338.0,168.0,121.0,126.0,68.0,49.0,42.0,54.0,85.0,49.0,79.0,68.0,65.0,190.0,22.0,89.0,62.0,82.0,59.0,45.0,38.0,70.0,165.0,39.0,108.0,28.0
05/08/2013,240,62.0,266.0,186.0,338.0,126.0,143.0,54.0,22.0,28.0,69.0,62.0,34.0,133.0,149.0,68.0,79.0,42.0,45.0,136.0,68.0,49.0,120.0,72.0,38.0,121.0,66.0,89.0,22.0
29/07/2013,162,136.0,240.0,266.0,186.0,143.0,151.0,69.0,59.0,22.0,51.0,92.0,118.0,62.0,109.0,54.0,133.0,28.0,120.0,54.0,149.0,34.0,82.0,78.0,87.0,126.0,26.0,45.0,35.0
22/07/2013,264,54.0,162.0,240.0,266.0,151.0,105.0,51.0,15.0,35.0,85.0,58.0,55.0,136.0,118.0,69.0,62.0,22.0,82.0,58.0,109.0,118.0,34.0,60.0,25.0,143.0,30.0,120.0,14.0
15/07/2013,133,58.0,264.0,162.0,240.0,105.0,145.0,85.0,15.0,14.0,70.0,51.0,80.0,54.0,99.0,51.0,136.0,35.0,34.0,47.0,118.0,55.0,68.0,60.0,88.0,151.0,47.0,82.0,28.0
08/07/2013,201,47.0,133.0,264.0,162.0,145.0,134.0,70.0,65.0,28.0,66.0,25.0,65.0,58.0,51.0,85.0,54.0,14.0,68.0,39.0,99.0,80.0,64.0,51.0,51.0,105.0,32.0,34.0,19.0
01/07/2013,236,39.0,201.0,133.0,264.0,134.0,130.0,66.0,8.0,19.0,63.0,118.0,56.0,47.0,26.0,70.0,58.0,28.0,64.0,35.0,51.0,65.0,52.0,63.0,46.0,145.0,39.0,68.0,28.0
24/06/2013,111,35.0,236.0,201.0,133.0,130.0,89.0,63.0,50.0,28.0,118.0,84.0,25.0,39.0,27.0,66.0,47.0,19.0,52.0,34.0,26.0,56.0,23.0,70.0,41.0,134.0,22.0,64.0,19.0
17/06/2013,76,34.0,111.0,236.0,201.0,89.0,49.0,118.0,28.0,19.0,24.0,26.0,25.0,35.0,32.0,63.0,39.0,28.0,23.0,7.0,27.0,25.0,24.0,21.0,15.0,130.0,8.0,52.0,7.0
10/06/2013,52,7.0,76.0,111.0,236.0,49.0,24.0,24.0,17.0,7.0,29.0,11.0,16.0,34.0,3.0,118.0,35.0,19.0,24.0,7.0,32.0,25.0,2.0,54.0,8.0,89.0,6.0,23.0,9.0
03/06/2013,30,7.0,52.0,76.0,111.0,24.0,29.0,29.0,8.0,9.0,23.0,23.0,7.0,7.0,16.0,24.0,34.0,7.0,2.0,4.0,3.0,16.0,3.0,19.0,1.0,49.0,2.0,24.0,3.0
27/05/2013,30,4.0,30.0,52.0,76.0,29.0,15.0,23.0,4.0,3.0,12.0,9.0,3.0,7.0,11.0,29.0,7.0,9.0,3.0,4.0,16.0,7.0,8.0,5.0,7.0,24.0,0.0,2.0,4.0
20/05/2013,74,4.0,30.0,30.0,52.0,15.0,4.0,12.0,6.0,4.0,4.0,5.0,1.0,4.0,9.0,23.0,7.0,3.0,8.0,1.0,11.0,3.0,6.0,16.0,12.0,29.0,4.0,3.0,6.0
13/05/2013,45,1.0,74.0,30.0,30.0,4.0,6.0,4.0,5.0,6.0,2.0,5.0,4.0,4.0,1.0,12.0,4.0,4.0,6.0,2.0,9.0,1.0,1.0,1.0,2.0,15.0,1.0,8.0,1.0
06/05/2013,41,2.0,45.0,74.0,30.0,6.0,4.0,2.0,3.0,1.0,2.0,0.0,0.0,1.0,2.0,4.0,4.0,6.0,1.0,0.0,1.0,4.0,1.0,5.0,4.0,4.0,2.0,6.0,2.0
29/04/2013,20,0.0,41.0,45.0,74.0,4.0,17.0,2.0,2.0,2.0,2.0,0.0,0.0,2.0,6.0,2.0,1.0,1.0,1.0,3.0,2.0,0.0,0.0,1.0,0.0,6.0,2.0,1.0,2.0
22/04/2013,15,3.0,20.0,41.0,45.0,17.0,1.0,2.0,1.0,2.0,1.0,0.0,2.0,0.0,5.0,2.0,2.0,2.0,0.0,2.0,6.0,0.0,1.0,5.0,4.0,4.0,2.0,1.0,4.0
15/04/2013,11,2.0,15.0,20.0,41.0,1.0,4.0,1.0,4.0,4.0,1.0,1.0,1.0,3.0,0.0,2.0,0.0,2.0,1.0,2.0,5.0,2.0,2.0,3.0,6.0,17.0,0.0,0.0,1.0
08/04/2013,10,2.0,11.0,15.0,20.0,4.0,7.0,1.0,3.0,1.0,3.0,0.0,0.0,2.0,3.0,1.0,3.0,4.0,2.0,5.0,0.0,1.0,7.0,7.0,4.0,1.0,6.0,1.0,1.0
01/04/2013,9,5.0,10.0,11.0,15.0,7.0,12.0,3.0,12.0,1.0,7.0,1.0,4.0,2.0,1.0,1.0,2.0,1.0,7.0,1.0,3.0,0.0,10.0,3.0,8.0,4.0,2.0,2.0,6.0
25/03/2013,35,1.0,9.0,10.0,11.0,12.0,8.0,7.0,11.0,6.0,5.0,3.0,3.0,5.0,9.0,3.0,2.0,1.0,10.0,3.0,1.0,4.0,12.0,6.0,3.0,7.0,6.0,7.0,3.0
18/03/2013,20,3.0,35.0,9.0,10.0,8.0,29.0,5.0,16.0,3.0,9.0,2.0,2.0,1.0,4.0,7.0,5.0,6.0,12.0,7.0,9.0,3.0,15.0,1.0,13.0,12.0,0.0,10.0,6.0
11/03/2013,19,7.0,20.0,35.0,9.0,29.0,29.0,9.0,24.0,6.0,7.0,5.0,9.0,3.0,11.0,5.0,1.0,3.0,15.0,4.0,4.0,2.0,27.0,4.0,4.0,8.0,7.0,12.0,8.0
04/03/2013,51,4.0,19.0,20.0,35.0,29.0,23.0,7.0,16.0,8.0,8.0,2.0,10.0,7.0,19.0,9.0,3.0,6.0,27.0,10.0,11.0,9.0,17.0,3.0,5.0,29.0,25.0,15.0,4.0
25/02/2013,53,10.0,51.0,19.0,20.0,23.0,46.0,8.0,6.0,4.0,11.0,0.0,18.0,4.0,7.0,7.0,7.0,8.0,17.0,1.0,19.0,10.0,33.0,9.0,9.0,29.0,20.0,27.0,5.0
18/02/2013,77,1.0,53.0,51.0,19.0,46.0,47.0,11.0,39.0,5.0,9.0,1.0,19.0,10.0,20.0,8.0,4.0,4.0,33.0,15.0,7.0,18.0,53.0,16.0,11.0,23.0,37.0,17.0,7.0
11/02/2013,62,15.0,77.0,53.0,51.0,47.0,71.0,9.0,33.0,7.0,12.0,1.0,39.0,1.0,17.0,11.0,10.0,5.0,53.0,13.0,20.0,19.0,44.0,15.0,4.0,46.0,24.0,33.0,38.0
04/02/2013,93,13.0,62.0,77.0,53.0,71.0,94.0,12.0,39.0,38.0,13.0,4.0,14.0,15.0,18.0,9.0,1.0,7.0,44.0,10.0,17.0,39.0,41.0,24.0,7.0,47.0,50.0,53.0,15.0
28/01/2013,78,10.0,93.0,62.0,77.0,94.0,127.0,13.0,10.0,15.0,31.0,8.0,26.0,13.0,7.0,12.0,15.0,38.0,41.0,19.0,18.0,14.0,55.0,17.0,14.0,71.0,61.0,44.0,55.0
21/01/2013,82,19.0,78.0,93.0,62.0,127.0,99.0,31.0,37.0,55.0,31.0,10.0,28.0,10.0,39.0,13.0,13.0,15.0,55.0,29.0,7.0,26.0,59.0,24.0,6.0,94.0,101.0,41.0,49.0
14/01/2013,84,29.0,82.0,78.0,93.0,99.0,103.0,31.0,22.0,49.0,35.0,7.0,10.0,19.0,31.0,31.0,10.0,55.0,59.0,32.0,39.0,28.0,42.0,52.0,22.0,127.0,79.0,55.0,51.0
07/01/2013,58,32.0,84.0,82.0,78.0,103.0,125.0,35.0,31.0,51.0,41.0,11.0,44.0,29.0,11.0,31.0,19.0,49.0,42.0,43.0,31.0,10.0,59.0,53.0,11.0,99.0,40.0,59.0,87.0
31/12/2012,114,43.0,58.0,84.0,82.0,125.0,68.0,41.0,15.0,87.0,35.0,18.0,24.0,32.0,30.0,35.0,29.0,51.0,59.0,48.0,11.0,44.0,20.0,21.0,4.0,103.0,43.0,42.0,25.0
24/12/2012,145,48.0,114.0,58.0,84.0,68.0,179.0,35.0,25.0,25.0,65.0,13.0,24.0,43.0,28.0,41.0,32.0,87.0,20.0,47.0,30.0,24.0,65.0,39.0,13.0,125.0,97.0,59.0,82.0
17/12/2012,93,47.0,145.0,114.0,58.0,179.0,205.0,65.0,61.0,82.0,59.0,17.0,56.0,48.0,98.0,35.0,43.0,25.0,65.0,59.0,28.0,24.0,72.0,63.0,42.0,68.0,66.0,20.0,84.0
10/12/2012,129,59.0,93.0,145.0,114.0,205.0,118.0,59.0,160.0,84.0,56.0,17.0,46.0,47.0,21.0,65.0,48.0,82.0,72.0,29.0,98.0,56.0,36.0,38.0,10.0,179.0,26.0,65.0,37.0
03/12/2012,114,29.0,129.0,93.0,145.0,118.0,155.0,56.0,44.0,37.0,67.0,12.0,46.0,59.0,38.0,59.0,47.0,84.0,36.0,48.0,21.0,46.0,50.0,50.0,24.0,205.0,116.0,72.0,56.0
26/11/2012,86,48.0,114.0,129.0,93.0,155.0,175.0,67.0,71.0,56.0,66.0,36.0,55.0,29.0,48.0,56.0,59.0,37.0,50.0,73.0,38.0,46.0,45.0,55.0,34.0,118.0,54.0,36.0,66.0
19/11/2012,127,73.0,86.0,114.0,129.0,175.0,135.0,66.0,125.0,66.0,58.0,14.0,39.0,48.0,22.0,67.0,29.0,56.0,45.0,118.0,48.0,55.0,78.0,49.0,34.0,155.0,36.0,50.0,65.0
12/11/2012,106,118.0,127.0,86.0,114.0,135.0,86.0,58.0,52.0,65.0,74.0,37.0,73.0,73.0,26.0,66.0,48.0,66.0,78.0,64.0,22.0,39.0,126.0,58.0,28.0,175.0,36.0,45.0,60.0
05/11/2012,211,64.0,106.0,127.0,86.0,86.0,224.0,74.0,144.0,60.0,87.0,29.0,37.0,118.0,89.0,58.0,73.0,65.0,126.0,122.0,26.0,73.0,81.0,62.0,29.0,135.0,90.0,78.0,71.0
29/10/2012,229,122.0,211.0,106.0,127.0,224.0,211.0,87.0,96.0,71.0,71.0,39.0,40.0,64.0,40.0,74.0,118.0,60.0,81.0,59.0,89.0,37.0,93.0,79.0,59.0,86.0,49.0,126.0,63.0
22/10/2012,145,59.0,229.0,211.0,106.0,211.0,214.0,71.0,107.0,63.0,116.0,23.0,77.0,122.0,67.0,87.0,64.0,71.0,93.0,85.0,40.0,40.0,111.0,53.0,48.0,224.0,93.0,81.0,49.0
15/10/2012,210,85.0,145.0,229.0,211.0,214.0,136.0,116.0,110.0,49.0,63.0,36.0,22.0,59.0,25.0,71.0,122.0,63.0,111.0,92.0,67.0,77.0,56.0,65.0,25.0,211.0,31.0,93.0,22.0
08/10/2012,267,92.0,210.0,145.0,229.0,136.0,279.0,63.0,72.0,22.0,128.0,28.0,89.0,85.0,105.0,116.0,59.0,49.0,56.0,101.0,25.0,22.0,109.0,109.0,35.0,214.0,88.0,111.0,55.0
01/10/2012,166,101.0,267.0,210.0,145.0,279.0,255.0,128.0,96.0,55.0,107.0,6.0,61.0,92.0,89.0,63.0,85.0,22.0,109.0,76.0,105.0,89.0,80.0,90.0,90.0,136.0,85.0,56.0,54.0
24/09/2012,168,76.0,166.0,267.0,210.0,255.0,209.0,107.0,138.0,54.0,90.0,38.0,69.0,101.0,21.0,128.0,92.0,55.0,80.0,107.0,89.0,61.0,54.0,68.0,70.0,279.0,66.0,109.0,37.0
17/09/2012,350,107.0,168.0,166.0,267.0,209.0,160.0,90.0,114.0,37.0,92.0,21.0,59.0,76.0,77.0,107.0,101.0,54.0,54.0,76.0,21.0,69.0,58.0,89.0,74.0,255.0,57.0,80.0,31.0
10/09/2012,224,76.0,350.0,168.0,166.0,160.0,290.0,92.0,284.0,31.0,106.0,12.0,63.0,107.0,86.0,90.0,76.0,37.0,58.0,98.0,77.0,59.0,53.0,121.0,32.0,209.0,78.0,54.0,63.0
03/09/2012,136,98.0,224.0,350.0,168.0,290.0,204.0,106.0,157.0,63.0,94.0,73.0,60.0,76.0,29.0,92.0,107.0,31.0,53.0,75.0,86.0,63.0,27.0,41.0,50.0,160.0,72.0,58.0,19.0
27/08/2012,278,75.0,136.0,224.0,350.0,204.0,105.0,94.0,88.0,19.0,60.0,59.0,66.0,98.0,46.0,106.0,76.0,63.0,27.0,42.0,29.0,60.0,12.0,60.0,18.0,290.0,20.0,53.0,22.0
20/08/2012,161,42.0,278.0,136.0,224.0,105.0,257.0,60.0,23.0,22.0,110.0,10.0,91.0,75.0,70.0,94.0,98.0,19.0,12.0,90.0,46.0,66.0,83.0,137.0,46.0,204.0,59.0,27.0,30.0
13/08/2012,385,90.0,161.0,278.0,136.0,257.0,210.0,110.0,93.0,30.0,123.0,79.0,145.0,42.0,103.0,60.0,75.0,22.0,83.0,69.0,70.0,91.0,54.0,118.0,75.0,105.0,46.0,12.0,30.0
06/08/2012,230,69.0,385.0,161.0,278.0,210.0,198.0,123.0,174.0,30.0,108.0,35.0,75.0,90.0,90.0,110.0,42.0,30.0,54.0,84.0,103.0,145.0,65.0,141.0,59.0,257.0,63.0,83.0,47.0
30/07/2012,284,84.0,230.0,385.0,161.0,198.0,149.0,108.0,82.0,47.0,113.0,73.0,91.0,69.0,30.0,123.0,90.0,30.0,65.0,54.0,90.0,75.0,26.0,38.0,55.0,210.0,36.0,54.0,26.0
23/07/2012,210,54.0,284.0,230.0,385.0,149.0,220.0,113.0,161.0,26.0,56.0,56.0,79.0,84.0,58.0,108.0,69.0,47.0,26.0,55.0,30.0,91.0,45.0,116.0,54.0,198.0,61.0,65.0,29.0
16/07/2012,125,55.0,210.0,284.0,230.0,220.0,125.0,56.0,129.0,29.0,57.0,51.0,65.0,54.0,47.0,113.0,84.0,26.0,45.0,32.0,58.0,79.0,11.0,75.0,56.0,149.0,13.0,26.0,25.0
09/07/2012,104,32.0,125.0,210.0,284.0,125.0,131.0,57.0,34.0,25.0,61.0,22.0,47.0,55.0,61.0,56.0,54.0,29.0,11.0,71.0,47.0,65.0,9.0,73.0,21.0,220.0,13.0,45.0,29.0
02/07/2012,140,71.0,104.0,125.0,210.0,131.0,101.0,61.0,68.0,29.0,49.0,20.0,67.0,32.0,39.0,57.0,55.0,25.0,9.0,18.0,61.0,47.0,20.0,34.0,26.0,125.0,29.0,11.0,15.0
25/06/2012,99,18.0,140.0,104.0,125.0,101.0,65.0,49.0,80.0,15.0,24.0,13.0,23.0,71.0,21.0,61.0,32.0,29.0,20.0,15.0,39.0,67.0,6.0,25.0,11.0,131.0,10.0,9.0,14.0
18/06/2012,35,15.0,99.0,140.0,104.0,65.0,30.0,24.0,33.0,14.0,27.0,11.0,16.0,18.0,3.0,49.0,71.0,15.0,6.0,19.0,21.0,23.0,8.0,21.0,10.0,101.0,6.0,20.0,9.0
11/06/2012,14,19.0,35.0,99.0,140.0,30.0,29.0,27.0,33.0,9.0,7.0,11.0,19.0,15.0,5.0,24.0,18.0,14.0,8.0,6.0,3.0,16.0,7.0,8.0,11.0,65.0,5.0,6.0,8.0
04/06/2012,34,6.0,14.0,35.0,99.0,29.0,19.0,7.0,30.0,8.0,5.0,10.0,19.0,19.0,15.0,27.0,15.0,9.0,7.0,6.0,5.0,19.0,12.0,17.0,18.0,30.0,3.0,8.0,2.0
28/05/2012,7,6.0,34.0,14.0,35.0,19.0,9.0,5.0,14.0,2.0,4.0,4.0,6.0,6.0,14.0,7.0,19.0,8.0,12.0,5.0,15.0,19.0,8.0,9.0,2.0,29.0,0.0,7.0,2.0
21/05/2012,7,5.0,7.0,34.0,14.0,9.0,7.0,4.0,7.0,2.0,33.0,5.0,5.0,6.0,3.0,5.0,6.0,2.0,8.0,5.0,14.0,6.0,2.0,4.0,2.0,19.0,0.0,12.0,1.0
14/05/2012,4,5.0,7.0,7.0,34.0,7.0,5.0,33.0,21.0,1.0,7.0,2.0,6.0,5.0,2.0,4.0,6.0,2.0,2.0,4.0,3.0,5.0,3.0,1.0,1.0,9.0,2.0,8.0,2.0
07/05/2012,4,4.0,4.0,7.0,7.0,5.0,3.0,7.0,4.0,2.0,4.0,0.0,1.0,5.0,1.0,33.0,5.0,1.0,3.0,2.0,2.0,6.0,3.0,1.0,0.0,7.0,0.0,2.0,5.0
30/04/2012,10,2.0,4.0,4.0,7.0,3.0,19.0,4.0,8.0,5.0,6.0,0.0,2.0,4.0,1.0,7.0,5.0,2.0,3.0,0.0,1.0,1.0,4.0,1.0,2.0,5.0,2.0,3.0,1.0
23/04/2012,6,0.0,10.0,4.0,4.0,19.0,1.0,6.0,14.0,1.0,2.0,4.0,4.0,2.0,0.0,4.0,4.0,5.0,4.0,0.0,1.0,2.0,2.0,4.0,3.0,3.0,3.0,3.0,2.0
16/04/2012,6,0.0,6.0,10.0,4.0,1.0,2.0,2.0,3.0,2.0,3.0,4.0,2.0,0.0,0.0,6.0,2.0,1.0,2.0,4.0,0.0,4.0,0.0,1.0,1.0,19.0,3.0,4.0,0.0
09/04/2012,12,4.0,6.0,6.0,10.0,2.0,6.0,3.0,5.0,0.0,3.0,0.0,2.0,0.0,0.0,2.0,0.0,2.0,0.0,0.0,0.0,2.0,0.0,4.0,2.0,1.0,5.0,2.0,0.0
02/04/2012,20,0.0,12.0,6.0,6.0,6.0,10.0,3.0,8.0,0.0,5.0,4.0,4.0,4.0,6.0,3.0,0.0,0.0,0.0,5.0,0.0,2.0,1.0,11.0,13.0,2.0,9.0,0.0,3.0
26/03/2012,14,5.0,20.0,12.0,6.0,10.0,31.0,5.0,11.0,3.0,4.0,7.0,6.0,0.0,2.0,3.0,4.0,0.0,1.0,5.0,6.0,4.0,4.0,5.0,2.0,6.0,12.0,0.0,1.0
19/03/2012,33,5.0,14.0,20.0,12.0,31.0,34.0,4.0,38.0,1.0,13.0,13.0,12.0,5.0,6.0,5.0,0.0,3.0,4.0,3.0,2.0,6.0,3.0,13.0,15.0,10.0,16.0,1.0,2.0
12/03/2012,20,3.0,33.0,14.0,20.0,34.0,32.0,13.0,50.0,2.0,22.0,8.0,20.0,5.0,6.0,4.0,5.0,1.0,3.0,12.0,6.0,12.0,6.0,10.0,16.0,31.0,13.0,4.0,3.0
05/03/2012,25,12.0,20.0,33.0,14.0,32.0,33.0,22.0,20.0,3.0,12.0,8.0,34.0,3.0,7.0,13.0,5.0,2.0,6.0,18.0,6.0,20.0,5.0,14.0,10.0,34.0,6.0,3.0,7.0
27/02/2012,93,18.0,25.0,20.0,33.0,33.0,28.0,12.0,25.0,7.0,6.0,13.0,9.0,12.0,0.0,22.0,3.0,3.0,5.0,18.0,7.0,34.0,1.0,9.0,2.0,32.0,4.0,6.0,2.0
20/02/2012,72,18.0,93.0,25.0,20.0,28.0,91.0,6.0,63.0,2.0,30.0,8.0,48.0,18.0,9.0,12.0,12.0,7.0,1.0,25.0,0.0,9.0,2.0,20.0,11.0,33.0,26.0,5.0,15.0
13/02/2012,54,25.0,72.0,93.0,25.0,91.0,95.0,30.0,49.0,15.0,22.0,19.0,34.0,18.0,10.0,6.0,18.0,2.0,2.0,38.0,9.0,48.0,6.0,22.0,4.0,28.0,25.0,1.0,20.0
06/02/2012,175,38.0,54.0,72.0,93.0,95.0,83.0,22.0,70.0,20.0,32.0,38.0,29.0,25.0,1.0,30.0,18.0,15.0,6.0,15.0,10.0,34.0,6.0,21.0,24.0,91.0,17.0,2.0,7.0
30/01/2012,126,15.0,175.0,54.0,72.0,83.0,99.0,32.0,74.0,7.0,27.0,14.0,40.0,38.0,24.0,22.0,25.0,20.0,6.0,29.0,1.0,29.0,14.0,50.0,15.0,95.0,44.0,6.0,40.0
23/01/2012,60,29.0,126.0,175.0,54.0,99.0,78.0,27.0,54.0,40.0,35.0,24.0,36.0,15.0,10.0,32.0,38.0,7.0,14.0,39.0,24.0,40.0,14.0,34.0,55.0,83.0,46.0,6.0,28.0
16/01/2012,193,39.0,60.0,126.0,175.0,78.0,108.0,35.0,51.0,28.0,42.0,14.0,52.0,29.0,2.0,27.0,15.0,40.0,14.0,27.0,10.0,36.0,26.0,27.0,22.0,99.0,71.0,14.0,66.0
09/01/2012,68,27.0,193.0,60.0,126.0,108.0,82.0,42.0,82.0,66.0,86.0,10.0,38.0,39.0,4.0,35.0,29.0,28.0,26.0,51.0,2.0,52.0,19.0,36.0,48.0,78.0,40.0,14.0,44.0
02/01/2012,183,51.0,68.0,193.0,60.0,82.0,46.0,86.0,34.0,44.0,43.0,8.0,31.0,27.0,2.0,42.0,39.0,66.0,19.0,38.0,4.0,38.0,35.0,15.0,15.0,108.0,59.0,26.0,6.0
26/12/2011,156,38.0,183.0,68.0,193.0,46.0,167.0,43.0,126.0,6.0,32.0,9.0,57.0,51.0,7.0,86.0,27.0,44.0,35.0,37.0,2.0,31.0,35.0,41.0,78.0,82.0,42.0,19.0,50.0
19/12/2011,479,37.0,156.0,183.0,68.0,167.0,197.0,32.0,143.0,50.0,68.0,10.0,34.0,38.0,15.0,43.0,51.0,6.0,35.0,29.0,7.0,57.0,38.0,68.0,70.0,46.0,124.0,35.0,45.0
12/12/2011,143,29.0,479.0,156.0,183.0,197.0,431.0,68.0,202.0,45.0,137.0,10.0,95.0,37.0,31.0,32.0,38.0,50.0,38.0,131.0,15.0,34.0,38.0,76.0,160.0,167.0,76.0,35.0,113.0
05/12/2011,193,131.0,143.0,479.0,156.0,431.0,87.0,137.0,209.0,113.0,33.0,27.0,71.0,29.0,11.0,68.0,37.0,45.0,38.0,37.0,31.0,95.0,57.0,50.0,28.0,197.0,37.0,38.0,24.0
28/11/2011,105,37.0,193.0,143.0,479.0,87.0,143.0,33.0,61.0,24.0,43.0,4.0,48.0,131.0,15.0,137.0,29.0,113.0,57.0,48.0,11.0,71.0,26.0,20.0,34.0,431.0,55.0,38.0,26.0
21/11/2011,136,48.0,105.0,193.0,143.0,143.0,114.0,43.0,104.0,26.0,47.0,6.0,18.0,37.0,27.0,33.0,131.0,24.0,26.0,32.0,15.0,48.0,31.0,24.0,47.0,87.0,43.0,57.0,33.0
14/11/2011,91,32.0,136.0,105.0,193.0,114.0,90.0,47.0,62.0,33.0,41.0,12.0,17.0,48.0,20.0,43.0,37.0,26.0,31.0,27.0,27.0,18.0,30.0,33.0,27.0,143.0,73.0,26.0,24.0
07/11/2011,150,27.0,91.0,136.0,105.0,90.0,109.0,41.0,66.0,24.0,49.0,11.0,52.0,32.0,15.0,47.0,48.0,33.0,30.0,26.0,20.0,17.0,38.0,39.0,27.0,114.0,102.0,31.0,42.0
31/10/2011,82,26.0,150.0,91.0,136.0,109.0,146.0,49.0,76.0,42.0,35.0,11.0,26.0,27.0,26.0,41.0,32.0,24.0,38.0,25.0,15.0,52.0,50.0,46.0,15.0,90.0,105.0,30.0,40.0
24/10/2011,64,25.0,82.0,150.0,91.0,146.0,95.0,35.0,85.0,40.0,69.0,10.0,70.0,26.0,26.0,49.0,27.0,42.0,50.0,53.0,26.0,26.0,45.0,42.0,26.0,109.0,73.0,38.0,40.0
17/10/2011,100,53.0,64.0,82.0,150.0,95.0,98.0,69.0,78.0,40.0,53.0,9.0,32.0,25.0,18.0,35.0,26.0,40.0,45.0,50.0,26.0,70.0,56.0,50.0,39.0,146.0,84.0,50.0,24.0
10/10/2011,95,50.0,100.0,64.0,82.0,98.0,108.0,53.0,55.0,24.0,150.0,15.0,50.0,53.0,31.0,69.0,25.0,40.0,56.0,52.0,18.0,32.0,31.0,31.0,47.0,95.0,84.0,45.0,12.0
03/10/2011,136,52.0,95.0,100.0,64.0,108.0,123.0,150.0,127.0,12.0,87.0,8.0,18.0,50.0,15.0,53.0,53.0,24.0,31.0,48.0,31.0,50.0,51.0,78.0,26.0,98.0,104.0,56.0,42.0
26/09/2011,80,48.0,136.0,95.0,100.0,123.0,114.0,87.0,64.0,42.0,160.0,10.0,44.0,52.0,48.0,150.0,50.0,12.0,51.0,52.0,15.0,18.0,86.0,64.0,60.0,108.0,130.0,31.0,30.0
19/09/2011,122,52.0,80.0,136.0,95.0,114.0,76.0,160.0,42.0,30.0,102.0,24.0,65.0,48.0,8.0,87.0,52.0,42.0,86.0,38.0,48.0,44.0,39.0,78.0,28.0,123.0,122.0,51.0,32.0
12/09/2011,117,38.0,122.0,80.0,136.0,76.0,156.0,102.0,119.0,32.0,73.0,12.0,51.0,52.0,41.0,160.0,48.0,30.0,39.0,47.0,8.0,65.0,104.0,42.0,31.0,114.0,101.0,86.0,10.0
05/09/2011,84,47.0,117.0,122.0,80.0,156.0,115.0,73.0,101.0,10.0,106.0,15.0,134.0,38.0,90.0,102.0,52.0,32.0,104.0,54.0,41.0,51.0,80.0,60.0,14.0,76.0,164.0,39.0,57.0
29/08/2011,133,54.0,84.0,117.0,122.0,115.0,45.0,106.0,36.0,57.0,40.0,52.0,18.0,47.0,14.0,73.0,38.0,10.0,80.0,16.0,90.0,134.0,9.0,19.0,82.0,156.0,49.0,104.0,11.0
22/08/2011,62,16.0,133.0,84.0,117.0,45.0,70.0,40.0,108.0,11.0,97.0,24.0,69.0,54.0,41.0,106.0,47.0,57.0,9.0,65.0,14.0,18.0,114.0,93.0,23.0,115.0,123.0,80.0,39.0
15/08/2011,211,65.0,62.0,133.0,84.0,70.0,50.0,97.0,64.0,39.0,49.0,28.0,111.0,16.0,4.0,40.0,54.0,11.0,114.0,21.0,41.0,69.0,69.0,63.0,31.0,45.0,55.0,9.0,32.0
08/08/2011,143,21.0,211.0,62.0,133.0,50.0,85.0,49.0,91.0,32.0,98.0,34.0,70.0,65.0,109.0,97.0,16.0,39.0,69.0,82.0,4.0,111.0,58.0,103.0,72.0,70.0,98.0,114.0,97.0
01/08/2011,128,82.0,143.0,211.0,62.0,85.0,71.0,98.0,55.0,97.0,68.0,34.0,81.0,21.0,89.0,49.0,65.0,32.0,58.0,33.0,109.0,70.0,50.0,77.0,60.0,50.0,134.0,69.0,46.0
25/07/2011,105,33.0,128.0,143.0,211.0,71.0,129.0,68.0,127.0,46.0,74.0,40.0,34.0,82.0,53.0,98.0,21.0,97.0,50.0,40.0,89.0,81.0,83.0,145.0,30.0,85.0,63.0,58.0,19.0
18/07/2011,140,40.0,105.0,128.0,143.0,129.0,70.0,74.0,70.0,19.0,85.0,37.0,51.0,33.0,23.0,68.0,82.0,46.0,83.0,29.0,53.0,34.0,39.0,96.0,65.0,71.0,78.0,50.0,63.0
11/07/2011,51,29.0,140.0,105.0,128.0,70.0,50.0,85.0,56.0,63.0,40.0,90.0,31.0,40.0,43.0,74.0,33.0,19.0,39.0,29.0,23.0,51.0,46.0,69.0,55.0,129.0,43.0,83.0,21.0
04/07/2011,70,29.0,51.0,140.0,105.0,50.0,93.0,40.0,69.0,21.0,43.0,25.0,34.0,29.0,43.0,85.0,40.0,63.0,46.0,25.0,43.0,31.0,43.0,35.0,58.0,70.0,45.0,39.0,28.0
27/06/2011,46,25.0,70.0,51.0,140.0,93.0,47.0,43.0,21.0,28.0,28.0,31.0,15.0,29.0,32.0,40.0,29.0,21.0,43.0,15.0,43.0,34.0,19.0,68.0,34.0,50.0,30.0,46.0,14.0
20/06/2011,17,15.0,46.0,70.0,51.0,47.0,50.0,28.0,13.0,14.0,16.0,7.0,17.0,25.0,11.0,43.0,29.0,28.0,19.0,23.0,32.0,15.0,46.0,14.0,23.0,93.0,16.0,43.0,14.0
13/06/2011,21,23.0,17.0,46.0,70.0,50.0,18.0,16.0,36.0,14.0,23.0,22.0,9.0,15.0,16.0,28.0,25.0,14.0,46.0,6.0,11.0,17.0,17.0,8.0,18.0,47.0,8.0,19.0,9.0
06/06/2011,51,6.0,21.0,17.0,46.0,18.0,3.0,23.0,18.0,9.0,12.0,29.0,10.0,23.0,11.0,16.0,15.0,14.0,17.0,11.0,16.0,9.0,91.0,17.0,18.0,50.0,3.0,46.0,9.0
30/05/2011,22,11.0,51.0,21.0,17.0,3.0,15.0,12.0,8.0,9.0,17.0,6.0,5.0,6.0,9.0,23.0,23.0,9.0,91.0,4.0,11.0,10.0,10.0,4.0,8.0,18.0,14.0,17.0,6.0
23/05/2011,11,4.0,22.0,51.0,21.0,15.0,11.0,17.0,11.0,6.0,12.0,13.0,7.0,11.0,1.0,12.0,6.0,9.0,10.0,5.0,9.0,5.0,5.0,2.0,10.0,3.0,4.0,91.0,3.0
16/05/2011,3,5.0,11.0,22.0,51.0,11.0,4.0,12.0,13.0,3.0,8.0,1.0,5.0,4.0,1.0,17.0,11.0,6.0,5.0,4.0,1.0,7.0,4.0,1.0,2.0,15.0,5.0,10.0,8.0
09/05/2011,10,4.0,3.0,11.0,22.0,4.0,4.0,8.0,4.0,8.0,4.0,7.0,1.0,5.0,1.0,12.0,4.0,3.0,4.0,2.0,1.0,5.0,1.0,0.0,4.0,11.0,1.0,5.0,1.0
02/05/2011,4,2.0,10.0,3.0,11.0,4.0,3.0,4.0,6.0,1.0,5.0,1.0,2.0,4.0,1.0,8.0,5.0,8.0,1.0,8.0,1.0,1.0,1.0,2.0,2.0,4.0,0.0,4.0,0.0
25/04/2011,3,8.0,4.0,10.0,3.0,3.0,3.0,5.0,2.0,0.0,1.0,2.0,2.0,2.0,1.0,4.0,4.0,1.0,1.0,4.0,1.0,2.0,3.0,1.0,2.0,4.0,2.0,1.0,0.0
18/04/2011,9,4.0,3.0,4.0,10.0,3.0,4.0,1.0,4.0,0.0,0.0,5.0,8.0,8.0,0.0,5.0,2.0,0.0,3.0,3.0,1.0,2.0,1.0,0.0,0.0,3.0,1.0,1.0,3.0
11/04/2011,14,3.0,9.0,3.0,4.0,4.0,15.0,0.0,6.0,3.0,6.0,0.0,5.0,4.0,6.0,1.0,8.0,0.0,1.0,13.0,0.0,8.0,0.0,0.0,3.0,3.0,1.0,3.0,1.0
04/04/2011,12,13.0,14.0,9.0,3.0,15.0,6.0,6.0,7.0,1.0,0.0,8.0,9.0,3.0,3.0,0.0,4.0,3.0,0.0,16.0,6.0,5.0,4.0,1.0,7.0,4.0,2.0,1.0,3.0
28/03/2011,22,16.0,12.0,14.0,9.0,6.0,12.0,0.0,21.0,3.0,2.0,5.0,9.0,13.0,5.0,6.0,3.0,1.0,4.0,19.0,3.0,9.0,6.0,4.0,6.0,15.0,1.0,0.0,1.0
21/03/2011,43,19.0,22.0,12.0,14.0,12.0,15.0,2.0,33.0,1.0,9.0,4.0,34.0,16.0,25.0,0.0,13.0,3.0,6.0,45.0,5.0,9.0,9.0,2.0,12.0,6.0,4.0,4.0,3.0
14/03/2011,27,45.0,43.0,22.0,12.0,15.0,27.0,9.0,53.0,3.0,13.0,3.0,20.0,19.0,17.0,2.0,16.0,1.0,9.0,47.0,25.0,34.0,18.0,4.0,14.0,12.0,15.0,6.0,8.0
07/03/2011,67,47.0,27.0,43.0,22.0,27.0,34.0,13.0,3.0,8.0,17.0,4.0,0.0,45.0,17.0,9.0,19.0,3.0,18.0,30.0,17.0,20.0,16.0,3.0,2.0,15.0,6.0,9.0,7.0
28/02/2011,78,30.0,67.0,27.0,43.0,34.0,23.0,17.0,41.0,7.0,19.0,5.0,72.0,47.0,17.0,13.0,45.0,8.0,16.0,45.0,17.0,0.0,23.0,7.0,1.0,27.0,8.0,18.0,10.0
21/02/2011,61,45.0,78.0,67.0,27.0,23.0,30.0,19.0,45.0,10.0,33.0,1.0,25.0,30.0,16.0,17.0,47.0,7.0,23.0,50.0,17.0,72.0,35.0,9.0,24.0,34.0,5.0,16.0,10.0
14/02/2011,62,50.0,61.0,78.0,67.0,30.0,45.0,33.0,52.0,10.0,22.0,18.0,19.0,45.0,22.0,19.0,30.0,10.0,35.0,44.0,16.0,25.0,31.0,13.0,12.0,23.0,4.0,23.0,10.0
07/02/2011,40,44.0,62.0,61.0,78.0,45.0,15.0,22.0,39.0,10.0,35.0,10.0,35.0,50.0,32.0,33.0,45.0,10.0,31.0,37.0,22.0,19.0,24.0,8.0,6.0,30.0,8.0,35.0,12.0
31/01/2011,98,37.0,40.0,62.0,61.0,15.0,48.0,35.0,56.0,12.0,41.0,25.0,17.0,44.0,27.0,22.0,50.0,10.0,24.0,36.0,32.0,35.0,39.0,29.0,11.0,45.0,6.0,31.0,15.0
24/01/2011,110,36.0,98.0,40.0,62.0,48.0,41.0,41.0,34.0,15.0,55.0,17.0,23.0,37.0,19.0,35.0,44.0,12.0,39.0,42.0,27.0,17.0,18.0,17.0,23.0,15.0,9.0,24.0,15.0
17/01/2011,142,42.0,110.0,98.0,40.0,41.0,35.0,55.0,108.0,15.0,54.0,16.0,14.0,36.0,14.0,41.0,37.0,15.0,18.0,35.0,19.0,23.0,94.0,20.0,12.0,48.0,17.0,39.0,69.0
10/01/2011,53,35.0,142.0,110.0,98.0,35.0,70.0,54.0,65.0,69.0,78.0,12.0,20.0,42.0,49.0,55.0,36.0,15.0,94.0,71.0,14.0,14.0,65.0,42.0,52.0,41.0,14.0,18.0,40.0
03/01/2011,39,71.0,53.0,142.0,110.0,70.0,13.0,78.0,14.0,40.0,29.0,16.0,3.0,35.0,13.0,54.0,42.0,69.0,65.0,53.0,49.0,20.0,35.0,20.0,9.0,35.0,2.0,94.0,19.0
27/12/2010,304,53.0,39.0,53.0,142.0,13.0,65.0,29.0,32.0,19.0,67.0,3.0,1.0,71.0,0.0,78.0,35.0,40.0,35.0,27.0,13.0,3.0,55.0,18.0,9.0,70.0,2.0,65.0,12.0
20/12/2010,300,27.0,304.0,39.0,53.0,65.0,125.0,67.0,69.0,12.0,136.0,16.0,58.0,53.0,57.0,29.0,71.0,19.0,55.0,123.0,0.0,1.0,144.0,42.0,63.0,13.0,18.0,35.0,103.0
13/12/2010,115,123.0,300.0,304.0,39.0,125.0,143.0,136.0,355.0,103.0,68.0,56.0,66.0,27.0,79.0,67.0,53.0,12.0,144.0,26.0,57.0,58.0,97.0,23.0,26.0,65.0,18.0,55.0,77.0
06/12/2010,176,26.0,115.0,300.0,304.0,143.0,75.0,68.0,112.0,77.0,51.0,14.0,40.0,123.0,31.0,136.0,27.0,103.0,97.0,37.0,79.0,66.0,51.0,49.0,50.0,125.0,13.0,144.0,42.0
29/11/2010,176,37.0,176.0,115.0,300.0,75.0,107.0,51.0,100.0,42.0,56.0,13.0,44.0,26.0,46.0,68.0,123.0,77.0,51.0,61.0,31.0,40.0,65.0,62.0,27.0,143.0,5.0,97.0,54.0
22/11/2010,157,61.0,176.0,176.0,115.0,107.0,102.0,56.0,71.0,54.0,44.0,13.0,25.0,37.0,70.0,51.0,26.0,42.0,65.0,45.0,46.0,44.0,42.0,41.0,19.0,75.0,14.0,51.0,102.0
15/11/2010,188,45.0,157.0,176.0,176.0,102.0,103.0,44.0,64.0,102.0,73.0,29.0,42.0,61.0,67.0,56.0,37.0,54.0,42.0,103.0,70.0,25.0,91.0,57.0,39.0,107.0,11.0,65.0,57.0
08/11/2010,128,103.0,188.0,157.0,176.0,103.0,142.0,73.0,74.0,57.0,45.0,44.0,64.0,45.0,77.0,44.0,61.0,102.0,91.0,43.0,67.0,42.0,86.0,47.0,46.0,102.0,8.0,42.0,87.0
01/11/2010,165,43.0,128.0,188.0,157.0,142.0,125.0,45.0,71.0,87.0,79.0,44.0,55.0,103.0,42.0,73.0,45.0,57.0,86.0,65.0,77.0,64.0,89.0,94.0,53.0,103.0,34.0,91.0,60.0
25/10/2010,129,65.0,165.0,128.0,188.0,125.0,124.0,79.0,97.0,60.0,50.0,66.0,46.0,43.0,65.0,45.0,103.0,87.0,89.0,49.0,42.0,55.0,85.0,73.0,58.0,142.0,3.0,86.0,66.0
18/10/2010,197,49.0,129.0,165.0,128.0,124.0,161.0,50.0,125.0,66.0,68.0,43.0,51.0,65.0,45.0,79.0,43.0,60.0,85.0,57.0,65.0,46.0,104.0,59.0,48.0,125.0,13.0,89.0,26.0
11/10/2010,129,57.0,197.0,129.0,165.0,161.0,173.0,68.0,67.0,26.0,68.0,70.0,38.0,49.0,87.0,50.0,65.0,66.0,104.0,59.0,45.0,51.0,67.0,52.0,24.0,124.0,16.0,85.0,31.0
04/10/2010,217,59.0,129.0,197.0,129.0,173.0,155.0,68.0,65.0,31.0,85.0,105.0,46.0,57.0,148.0,68.0,49.0,26.0,67.0,69.0,87.0,38.0,72.0,22.0,55.0,161.0,34.0,104.0,40.0
27/09/2010,109,69.0,217.0,129.0,197.0,155.0,168.0,85.0,55.0,40.0,35.0,21.0,41.0,59.0,199.0,68.0,57.0,31.0,72.0,37.0,148.0,46.0,76.0,113.0,75.0,173.0,31.0,67.0,65.0
20/09/2010,212,37.0,109.0,217.0,129.0,168.0,35.0,35.0,74.0,65.0,124.0,50.0,53.0,69.0,102.0,85.0,59.0,40.0,76.0,32.0,199.0,41.0,107.0,45.0,28.0,155.0,54.0,72.0,38.0
13/09/2010,265,32.0,212.0,109.0,217.0,35.0,120.0,124.0,219.0,38.0,34.0,39.0,42.0,37.0,111.0,35.0,69.0,65.0,107.0,41.0,102.0,53.0,43.0,68.0,32.0,168.0,37.0,76.0,58.0
06/09/2010,149,41.0,265.0,212.0,109.0,120.0,193.0,34.0,156.0,58.0,129.0,51.0,152.0,32.0,173.0,124.0,37.0,38.0,43.0,45.0,111.0,42.0,92.0,25.0,50.0,35.0,61.0,107.0,47.0
30/08/2010,143,45.0,149.0,265.0,212.0,193.0,159.0,129.0,73.0,47.0,42.0,40.0,30.0,41.0,52.0,34.0,32.0,58.0,92.0,31.0,173.0,152.0,44.0,46.0,31.0,120.0,22.0,43.0,53.0
23/08/2010,165,31.0,143.0,149.0,265.0,159.0,176.0,42.0,96.0,53.0,90.0,81.0,37.0,45.0,108.0,129.0,41.0,47.0,44.0,12.0,52.0,30.0,51.0,70.0,36.0,193.0,45.0,92.0,59.0
16/08/2010,198,12.0,165.0,143.0,149.0,176.0,117.0,90.0,114.0,59.0,69.0,35.0,72.0,31.0,146.0,42.0,45.0,53.0,51.0,76.0,108.0,37.0,42.0,39.0,55.0,159.0,35.0,44.0,68.0
09/08/2010,197,76.0,198.0,165.0,143.0,117.0,100.0,69.0,69.0,68.0,48.0,71.0,46.0,12.0,38.0,90.0,31.0,59.0,42.0,18.0,146.0,72.0,109.0,47.0,42.0,176.0,49.0,51.0,34.0
02/08/2010,211,18.0,197.0,198.0,165.0,100.0,138.0,48.0,123.0,34.0,51.0,21.0,70.0,76.0,93.0,69.0,12.0,68.0,109.0,22.0,38.0,46.0,68.0,20.0,65.0,117.0,48.0,42.0,20.0
26/07/2010,177,22.0,211.0,197.0,198.0,138.0,115.0,51.0,99.0,20.0,53.0,52.0,50.0,18.0,48.0,48.0,76.0,34.0,68.0,24.0,93.0,70.0,48.0,45.0,19.0,100.0,57.0,109.0,42.0
19/07/2010,168,24.0,177.0,211.0,197.0,115.0,105.0,53.0,76.0,42.0,42.0,56.0,40.0,22.0,115.0,51.0,18.0,20.0,48.0,13.0,48.0,50.0,67.0,22.0,59.0,138.0,28.0,68.0,18.0
12/07/2010,110,13.0,168.0,177.0,211.0,105.0,135.0,42.0,69.0,18.0,57.0,49.0,52.0,24.0,42.0,53.0,22.0,42.0,67.0,9.0,115.0,40.0,48.0,55.0,33.0,115.0,21.0,48.0,21.0
05/07/2010,65,9.0,110.0,168.0,177.0,135.0,182.0,57.0,36.0,21.0,48.0,21.0,20.0,13.0,62.0,42.0,24.0,18.0,48.0,8.0,42.0,52.0,23.0,41.0,38.0,105.0,36.0,67.0,14.0
28/06/2010,104,8.0,65.0,110.0,168.0,182.0,72.0,48.0,20.0,14.0,52.0,34.0,42.0,9.0,36.0,57.0,13.0,21.0,23.0,7.0,62.0,20.0,42.0,17.0,21.0,135.0,12.0,48.0,17.0
21/06/2010,85,7.0,104.0,65.0,110.0,72.0,72.0,52.0,87.0,17.0,17.0,12.0,0.0,8.0,62.0,48.0,9.0,14.0,42.0,8.0,36.0,42.0,30.0,26.0,22.0,182.0,11.0,23.0,6.0
14/06/2010,54,8.0,85.0,104.0,65.0,72.0,55.0,17.0,35.0,6.0,11.0,9.0,25.0,7.0,54.0,52.0,8.0,17.0,30.0,13.0,62.0,0.0,23.0,6.0,13.0,72.0,12.0,42.0,11.0
07/06/2010,18,13.0,54.0,85.0,104.0,55.0,41.0,11.0,6.0,11.0,12.0,15.0,23.0,8.0,34.0,17.0,7.0,6.0,23.0,3.0,54.0,25.0,7.0,3.0,6.0,72.0,3.0,30.0,9.0
31/05/2010,16,3.0,18.0,54.0,85.0,41.0,29.0,12.0,21.0,9.0,7.0,4.0,4.0,13.0,4.0,11.0,8.0,11.0,7.0,5.0,34.0,23.0,6.0,24.0,6.0,55.0,13.0,23.0,2.0
24/05/2010,14,5.0,16.0,18.0,54.0,29.0,32.0,7.0,6.0,2.0,5.0,14.0,5.0,3.0,4.0,12.0,13.0,9.0,6.0,3.0,4.0,4.0,3.0,10.0,1.0,41.0,0.0,7.0,4.0
17/05/2010,7,3.0,14.0,16.0,18.0,32.0,11.0,5.0,13.0,4.0,0.0,4.0,0.0,5.0,3.0,7.0,3.0,2.0,3.0,4.0,4.0,5.0,3.0,2.0,9.0,29.0,5.0,6.0,3.0
10/05/2010,27,4.0,7.0,14.0,16.0,11.0,1.0,0.0,4.0,3.0,6.0,4.0,0.0,3.0,3.0,5.0,5.0,4.0,3.0,1.0,3.0,0.0,0.0,1.0,1.0,32.0,0.0,3.0,1.0
03/05/2010,16,1.0,27.0,7.0,14.0,1.0,19.0,6.0,2.0,1.0,1.0,0.0,4.0,4.0,1.0,0.0,3.0,3.0,0.0,8.0,3.0,0.0,1.0,1.0,0.0,11.0,1.0,3.0,4.0
26/04/2010,11,8.0,16.0,27.0,7.0,19.0,6.0,1.0,2.0,4.0,3.0,0.0,0.0,1.0,6.0,6.0,4.0,1.0,1.0,2.0,1.0,4.0,3.0,1.0,3.0,1.0,1.0,0.0,0.0
19/04/2010,2,2.0,11.0,16.0,27.0,6.0,4.0,3.0,6.0,0.0,0.0,0.0,0.0,8.0,3.0,1.0,1.0,4.0,3.0,2.0,6.0,0.0,6.0,2.0,0.0,19.0,3.0,1.0,0.0
12/04/2010,4,2.0,2.0,11.0,16.0,4.0,13.0,0.0,6.0,0.0,4.0,0.0,2.0,2.0,1.0,3.0,8.0,0.0,6.0,2.0,3.0,0.0,1.0,0.0,2.0,6.0,3.0,3.0,2.0
05/04/2010,7,2.0,4.0,2.0,11.0,13.0,8.0,4.0,6.0,2.0,5.0,1.0,1.0,2.0,4.0,0.0,2.0,0.0,1.0,3.0,1.0,2.0,1.0,0.0,2.0,4.0,6.0,6.0,1.0
29/03/2010,15,3.0,7.0,4.0,2.0,8.0,5.0,5.0,1.0,1.0,6.0,0.0,6.0,2.0,15.0,4.0,2.0,2.0,1.0,4.0,4.0,1.0,4.0,2.0,4.0,13.0,4.0,1.0,5.0
22/03/2010,30,4.0,15.0,7.0,4.0,5.0,12.0,6.0,10.0,5.0,9.0,3.0,9.0,3.0,7.0,5.0,2.0,1.0,4.0,2.0,15.0,6.0,2.0,5.0,3.0,8.0,10.0,1.0,1.0
15/03/2010,31,2.0,30.0,15.0,7.0,12.0,20.0,9.0,3.0,1.0,6.0,4.0,3.0,4.0,33.0,6.0,3.0,5.0,2.0,6.0,7.0,9.0,6.0,6.0,7.0,5.0,10.0,4.0,6.0
08/03/2010,25,6.0,31.0,30.0,15.0,20.0,36.0,6.0,11.0,6.0,6.0,9.0,10.0,2.0,31.0,9.0,4.0,1.0,6.0,2.0,33.0,3.0,3.0,10.0,5.0,12.0,10.0,2.0,7.0
01/03/2010,50,2.0,25.0,31.0,30.0,36.0,30.0,6.0,9.0,7.0,14.0,8.0,12.0,6.0,11.0,6.0,2.0,6.0,3.0,8.0,31.0,10.0,15.0,4.0,6.0,20.0,10.0,6.0,2.0
22/02/2010,37,8.0,50.0,25.0,31.0,30.0,27.0,14.0,31.0,2.0,8.0,10.0,22.0,2.0,36.0,6.0,6.0,7.0,15.0,3.0,11.0,12.0,13.0,1.0,21.0,36.0,23.0,3.0,7.0
15/02/2010,59,3.0,37.0,50.0,25.0,27.0,30.0,8.0,22.0,7.0,10.0,8.0,4.0,8.0,10.0,14.0,2.0,2.0,13.0,3.0,36.0,22.0,16.0,3.0,24.0,30.0,17.0,15.0,5.0
08/02/2010,58,3.0,59.0,37.0,50.0,30.0,30.0,10.0,16.0,5.0,16.0,15.0,9.0,3.0,44.0,8.0,8.0,7.0,16.0,14.0,10.0,4.0,35.0,8.0,6.0,27.0,15.0,13.0,8.0
01/02/2010,42,14.0,58.0,59.0,37.0,30.0,46.0,16.0,37.0,8.0,28.0,6.0,25.0,3.0,21.0,10.0,3.0,5.0,35.0,10.0,44.0,9.0,33.0,9.0,50.0,30.0,46.0,16.0,22.0
25/01/2010,91,10.0,42.0,58.0,59.0,46.0,126.0,28.0,34.0,22.0,40.0,19.0,17.0,14.0,8.0,16.0,3.0,8.0,33.0,2.0,21.0,25.0,25.0,31.0,11.0,30.0,19.0,35.0,13.0
18/01/2010,86,2.0,91.0,42.0,58.0,126.0,96.0,40.0,69.0,13.0,33.0,14.0,43.0,10.0,21.0,28.0,14.0,22.0,25.0,4.0,8.0,17.0,36.0,38.0,35.0,46.0,38.0,33.0,20.0
11/01/2010,41,4.0,86.0,91.0,42.0,96.0,102.0,33.0,17.0,20.0,28.0,24.0,39.0,2.0,17.0,40.0,10.0,13.0,36.0,4.0,21.0,43.0,24.0,46.0,27.0,126.0,21.0,25.0,17.0
04/01/2010,47,4.0,41.0,86.0,91.0,102.0,55.0,28.0,28.0,17.0,6.0,10.0,3.0,4.0,4.0,33.0,2.0,20.0,24.0,0.0,17.0,39.0,32.0,50.0,16.0,96.0,15.0,36.0,8.0
28/12/2009,166,0.0,47.0,41.0,86.0,55.0,48.0,6.0,55.0,8.0,18.0,21.0,19.0,4.0,8.0,28.0,4.0,17.0,32.0,4.0,4.0,3.0,16.0,28.0,22.0,102.0,34.0,24.0,13.0
21/12/2009,113,4.0,166.0,47.0,41.0,48.0,88.0,18.0,43.0,13.0,31.0,0.0,50.0,0.0,53.0,6.0,4.0,8.0,16.0,32.0,8.0,19.0,69.0,37.0,26.0,55.0,83.0,32.0,23.0
14/12/2009,62,32.0,113.0,166.0,47.0,88.0,62.0,31.0,28.0,23.0,21.0,42.0,52.0,4.0,23.0,18.0,0.0,13.0,69.0,13.0,53.0,50.0,29.0,23.0,30.0,48.0,33.0,16.0,18.0
07/12/2009,82,13.0,62.0,113.0,166.0,62.0,81.0,21.0,33.0,18.0,21.0,21.0,20.0,32.0,29.0,31.0,4.0,23.0,29.0,11.0,23.0,52.0,27.0,56.0,23.0,88.0,40.0,69.0,9.0
30/11/2009,56,11.0,82.0,62.0,113.0,81.0,96.0,21.0,42.0,9.0,38.0,8.0,52.0,13.0,29.0,21.0,32.0,18.0,27.0,35.0,29.0,20.0,54.0,103.0,33.0,62.0,48.0,29.0,41.0
23/11/2009,46,35.0,56.0,82.0,62.0,96.0,99.0,38.0,59.0,41.0,43.0,9.0,26.0,11.0,4.0,21.0,13.0,9.0,54.0,43.0,29.0,52.0,54.0,50.0,22.0,81.0,46.0,27.0,59.0
16/11/2009,48,43.0,46.0,56.0,82.0,99.0,129.0,43.0,42.0,59.0,31.0,15.0,82.0,35.0,17.0,38.0,11.0,41.0,54.0,75.0,4.0,26.0,67.0,47.0,22.0,96.0,34.0,54.0,25.0
09/11/2009,124,75.0,48.0,46.0,56.0,129.0,104.0,31.0,93.0,25.0,46.0,21.0,87.0,43.0,24.0,43.0,35.0,59.0,67.0,29.0,17.0,82.0,112.0,127.0,34.0,99.0,31.0,54.0,39.0
02/11/2009,74,29.0,124.0,48.0,46.0,104.0,113.0,46.0,63.0,39.0,62.0,38.0,102.0,75.0,32.0,31.0,43.0,25.0,112.0,42.0,24.0,87.0,83.0,83.0,61.0,129.0,37.0,67.0,39.0
26/10/2009,116,42.0,74.0,124.0,48.0,113.0,128.0,62.0,35.0,39.0,38.0,18.0,118.0,29.0,12.0,46.0,75.0,39.0,83.0,41.0,32.0,102.0,59.0,101.0,22.0,104.0,24.0,112.0,18.0
19/10/2009,120,41.0,116.0,74.0,124.0,128.0,124.0,38.0,54.0,18.0,95.0,29.0,86.0,42.0,17.0,62.0,29.0,39.0,59.0,36.0,12.0,118.0,98.0,68.0,83.0,113.0,61.0,83.0,25.0
12/10/2009,101,36.0,120.0,116.0,74.0,124.0,137.0,95.0,37.0,25.0,64.0,13.0,96.0,41.0,52.0,38.0,42.0,18.0,98.0,41.0,17.0,86.0,68.0,135.0,43.0,128.0,51.0,59.0,1.0
05/10/2009,121,41.0,101.0,120.0,116.0,137.0,190.0,64.0,145.0,1.0,72.0,14.0,110.0,36.0,41.0,95.0,41.0,25.0,68.0,83.0,52.0,96.0,92.0,123.0,85.0,124.0,72.0,98.0,34.0
28/09/2009,160,83.0,121.0,101.0,120.0,190.0,148.0,72.0,85.0,34.0,93.0,26.0,88.0,41.0,55.0,64.0,36.0,1.0,92.0,57.0,41.0,110.0,58.0,112.0,55.0,137.0,63.0,68.0,36.0
21/09/2009,199,57.0,160.0,121.0,101.0,148.0,143.0,93.0,52.0,36.0,75.0,59.0,108.0,83.0,11.0,72.0,41.0,34.0,58.0,39.0,55.0,88.0,52.0,80.0,52.0,190.0,34.0,92.0,23.0
14/09/2009,147,39.0,199.0,160.0,121.0,143.0,272.0,75.0,105.0,23.0,78.0,35.0,96.0,57.0,61.0,93.0,83.0,36.0,52.0,118.0,11.0,108.0,53.0,140.0,39.0,148.0,101.0,58.0,23.0
07/09/2009,130,118.0,147.0,199.0,160.0,272.0,214.0,78.0,79.0,23.0,84.0,73.0,238.0,39.0,39.0,75.0,57.0,23.0,53.0,71.0,61.0,96.0,47.0,106.0,81.0,143.0,75.0,52.0,33.0
31/08/2009,175,71.0,130.0,147.0,199.0,214.0,191.0,84.0,40.0,33.0,70.0,26.0,117.0,118.0,19.0,78.0,39.0,23.0,47.0,105.0,39.0,238.0,43.0,116.0,49.0,272.0,55.0,53.0,37.0
24/08/2009,156,105.0,175.0,130.0,147.0,191.0,243.0,70.0,82.0,37.0,81.0,55.0,167.0,71.0,28.0,84.0,118.0,33.0,43.0,101.0,19.0,117.0,34.0,96.0,52.0,214.0,78.0,47.0,33.0
17/08/2009,185,101.0,156.0,175.0,130.0,243.0,151.0,81.0,78.0,33.0,59.0,17.0,62.0,105.0,58.0,70.0,71.0,37.0,34.0,133.0,28.0,167.0,28.0,115.0,43.0,191.0,56.0,43.0,23.0
10/08/2009,123,133.0,185.0,156.0,175.0,151.0,216.0,59.0,65.0,23.0,85.0,47.0,160.0,101.0,17.0,81.0,105.0,33.0,28.0,99.0,58.0,62.0,37.0,102.0,95.0,243.0,65.0,34.0,27.0
03/08/2009,151,99.0,123.0,185.0,156.0,216.0,145.0,85.0,54.0,27.0,59.0,15.0,83.0,133.0,2.0,59.0,101.0,23.0,37.0,141.0,17.0,160.0,87.0,17.0,37.0,151.0,33.0,28.0,18.0
27/07/2009,150,141.0,151.0,123.0,185.0,145.0,221.0,59.0,68.0,18.0,97.0,42.0,135.0,99.0,49.0,85.0,133.0,27.0,87.0,126.0,2.0,83.0,78.0,84.0,52.0,216.0,99.0,37.0,36.0
20/07/2009,169,126.0,150.0,151.0,123.0,221.0,205.0,97.0,48.0,36.0,70.0,46.0,94.0,141.0,36.0,59.0,99.0,18.0,78.0,102.0,49.0,135.0,120.0,74.0,52.0,145.0,46.0,87.0,55.0
13/07/2009,154,102.0,169.0,150.0,151.0,205.0,168.0,70.0,44.0,55.0,104.0,39.0,57.0,126.0,33.0,97.0,141.0,36.0,120.0,97.0,36.0,94.0,84.0,66.0,80.0,221.0,77.0,78.0,35.0
06/07/2009,68,97.0,154.0,169.0,150.0,168.0,253.0,104.0,70.0,35.0,42.0,61.0,31.0,102.0,32.0,70.0,126.0,55.0,84.0,120.0,33.0,57.0,103.0,42.0,54.0,205.0,72.0,120.0,48.0
29/06/2009,93,120.0,68.0,154.0,169.0,253.0,97.0,42.0,24.0,48.0,35.0,39.0,43.0,97.0,29.0,104.0,102.0,35.0,103.0,43.0,32.0,31.0,44.0,25.0,20.0,168.0,36.0,84.0,26.0
22/06/2009,74,43.0,93.0,68.0,154.0,97.0,70.0,35.0,51.0,26.0,54.0,19.0,48.0,120.0,13.0,42.0,97.0,48.0,44.0,50.0,29.0,43.0,71.0,44.0,20.0,253.0,29.0,103.0,37.0
15/06/2009,56,50.0,74.0,93.0,68.0,70.0,56.0,54.0,26.0,37.0,48.0,23.0,16.0,43.0,11.0,35.0,120.0,26.0,71.0,33.0,13.0,48.0,19.0,34.0,18.0,97.0,49.0,44.0,31.0
08/06/2009,35,33.0,56.0,74.0,93.0,56.0,37.0,48.0,8.0,31.0,24.0,4.0,6.0,50.0,3.0,54.0,43.0,37.0,19.0,40.0,11.0,16.0,16.0,16.0,2.0,70.0,13.0,71.0,12.0
01/06/2009,24,40.0,35.0,56.0,74.0,37.0,26.0,24.0,12.0,12.0,21.0,17.0,6.0,33.0,16.0,48.0,50.0,31.0,16.0,33.0,3.0,6.0,10.0,19.0,1.0,56.0,3.0,19.0,19.0
25/05/2009,11,33.0,24.0,35.0,56.0,26.0,7.0,21.0,6.0,19.0,10.0,7.0,3.0,40.0,6.0,24.0,33.0,12.0,10.0,5.0,16.0,6.0,7.0,3.0,3.0,37.0,3.0,16.0,2.0
18/05/2009,35,5.0,11.0,24.0,35.0,7.0,8.0,10.0,7.0,2.0,5.0,7.0,4.0,33.0,4.0,21.0,40.0,19.0,7.0,12.0,6.0,3.0,8.0,2.0,2.0,26.0,10.0,10.0,12.0
11/05/2009,11,12.0,35.0,11.0,24.0,8.0,4.0,5.0,5.0,12.0,1.0,0.0,4.0,5.0,15.0,10.0,33.0,2.0,8.0,4.0,4.0,4.0,5.0,7.0,2.0,7.0,4.0,7.0,6.0
04/05/2009,22,4.0,11.0,35.0,11.0,4.0,1.0,1.0,13.0,6.0,0.0,0.0,0.0,12.0,0.0,5.0,5.0,12.0,5.0,4.0,15.0,4.0,8.0,1.0,3.0,8.0,1.0,8.0,1.0
27/04/2009,8,4.0,22.0,11.0,35.0,1.0,8.0,0.0,6.0,1.0,1.0,2.0,2.0,4.0,1.0,1.0,12.0,6.0,8.0,0.0,0.0,0.0,3.0,0.0,0.0,4.0,2.0,5.0,4.0
20/04/2009,5,0.0,8.0,22.0,11.0,8.0,6.0,1.0,1.0,4.0,0.0,3.0,1.0,4.0,0.0,0.0,4.0,1.0,3.0,2.0,1.0,2.0,2.0,1.0,2.0,1.0,1.0,8.0,4.0
13/04/2009,23,2.0,5.0,8.0,22.0,6.0,3.0,0.0,4.0,4.0,0.0,4.0,1.0,0.0,2.0,1.0,4.0,4.0,2.0,0.0,0.0,1.0,2.0,2.0,0.0,8.0,3.0,3.0,3.0
06/04/2009,27,0.0,23.0,5.0,8.0,3.0,12.0,0.0,2.0,3.0,2.0,0.0,13.0,2.0,1.0,0.0,0.0,4.0,2.0,3.0,2.0,1.0,6.0,0.0,1.0,6.0,2.0,2.0,5.0
30/03/2009,33,3.0,27.0,23.0,5.0,12.0,18.0,2.0,1.0,5.0,2.0,2.0,4.0,0.0,8.0,0.0,2.0,3.0,6.0,4.0,1.0,13.0,16.0,10.0,3.0,3.0,0.0,2.0,7.0
23/03/2009,74,4.0,33.0,27.0,23.0,18.0,46.0,2.0,4.0,7.0,1.0,0.0,10.0,3.0,4.0,2.0,0.0,5.0,16.0,8.0,8.0,4.0,6.0,5.0,6.0,12.0,2.0,6.0,14.0
16/03/2009,57,8.0,74.0,33.0,27.0,46.0,36.0,1.0,8.0,14.0,2.0,8.0,31.0,4.0,10.0,2.0,3.0,7.0,6.0,12.0,4.0,10.0,42.0,9.0,4.0,18.0,1.0,16.0,29.0
09/03/2009,95,12.0,57.0,74.0,33.0,36.0,36.0,2.0,9.0,29.0,4.0,14.0,3.0,8.0,5.0,1.0,4.0,14.0,42.0,8.0,10.0,31.0,53.0,23.0,19.0,46.0,5.0,6.0,24.0
02/03/2009,73,8.0,95.0,57.0,74.0,36.0,56.0,4.0,22.0,24.0,0.0,0.0,30.0,12.0,8.0,2.0,8.0,29.0,53.0,15.0,5.0,3.0,45.0,43.0,11.0,36.0,4.0,42.0,63.0
23/02/2009,171,15.0,73.0,95.0,57.0,56.0,58.0,0.0,7.0,63.0,3.0,16.0,2.0,8.0,8.0,4.0,12.0,24.0,45.0,8.0,8.0,30.0,43.0,16.0,18.0,36.0,7.0,53.0,20.0
16/02/2009,206,8.0,171.0,73.0,95.0,58.0,108.0,3.0,32.0,20.0,3.0,3.0,25.0,15.0,20.0,0.0,8.0,63.0,43.0,20.0,8.0,2.0,65.0,44.0,23.0,56.0,5.0,45.0,67.0
09/02/2009,144,20.0,206.0,171.0,73.0,108.0,75.0,3.0,25.0,67.0,5.0,3.0,24.0,8.0,3.0,3.0,15.0,20.0,65.0,39.0,20.0,25.0,65.0,28.0,23.0,58.0,17.0,43.0,33.0
02/02/2009,155,39.0,144.0,206.0,171.0,75.0,118.0,5.0,35.0,33.0,8.0,55.0,14.0,20.0,31.0,3.0,8.0,67.0,65.0,25.0,3.0,24.0,79.0,29.0,8.0,108.0,12.0,65.0,26.0
26/01/2009,191,25.0,155.0,144.0,206.0,118.0,85.0,8.0,15.0,26.0,4.0,13.0,49.0,39.0,37.0,5.0,20.0,33.0,79.0,43.0,31.0,14.0,55.0,18.0,27.0,75.0,24.0,65.0,38.0
19/01/2009,125,43.0,191.0,155.0,144.0,85.0,115.0,4.0,25.0,38.0,17.0,39.0,49.0,25.0,26.0,8.0,39.0,26.0,55.0,91.0,37.0,49.0,98.0,52.0,30.0,118.0,6.0,79.0,15.0
12/01/2009,157,91.0,125.0,191.0,155.0,115.0,114.0,17.0,20.0,15.0,26.0,12.0,54.0,43.0,44.0,4.0,25.0,38.0,98.0,63.0,26.0,49.0,97.0,45.0,23.0,85.0,10.0,55.0,12.0
05/01/2009,121,63.0,157.0,125.0,191.0,114.0,74.0,26.0,53.0,12.0,8.0,17.0,24.0,91.0,28.0,17.0,43.0,15.0,97.0,45.0,44.0,54.0,94.0,36.0,19.0,115.0,24.0,98.0,20.0
29/12/2008,59,45.0,121.0,157.0,125.0,74.0,93.0,8.0,36.0,20.0,20.0,34.0,20.0,63.0,13.0,26.0,91.0,12.0,94.0,104.0,28.0,24.0,105.0,41.0,42.0,114.0,35.0,97.0,11.0
22/12/2008,333,104.0,59.0,121.0,157.0,93.0,155.0,20.0,25.0,11.0,38.0,9.0,35.0,45.0,16.0,8.0,63.0,20.0,105.0,68.0,13.0,20.0,68.0,35.0,18.0,74.0,30.0,94.0,4.0
15/12/2008,145,68.0,333.0,59.0,121.0,155.0,240.0,38.0,93.0,4.0,52.0,1.0,41.0,104.0,72.0,20.0,45.0,11.0,68.0,55.0,16.0,35.0,90.0,38.0,63.0,93.0,26.0,105.0,27.0
08/12/2008,208,55.0,145.0,333.0,59.0,240.0,86.0,52.0,66.0,27.0,27.0,32.0,15.0,68.0,24.0,38.0,104.0,4.0,90.0,38.0,72.0,41.0,152.0,18.0,55.0,155.0,29.0,68.0,13.0
01/12/2008,174,38.0,208.0,145.0,333.0,86.0,93.0,27.0,65.0,13.0,86.0,7.0,28.0,55.0,65.0,52.0,68.0,27.0,152.0,70.0,24.0,15.0,107.0,51.0,39.0,240.0,22.0,90.0,22.0
24/11/2008,128,70.0,174.0,208.0,145.0,93.0,108.0,86.0,61.0,22.0,57.0,38.0,23.0,38.0,24.0,27.0,55.0,13.0,107.0,60.0,65.0,28.0,67.0,31.0,24.0,86.0,20.0,152.0,15.0
17/11/2008,190,60.0,128.0,174.0,208.0,108.0,145.0,57.0,79.0,15.0,76.0,8.0,31.0,70.0,42.0,86.0,38.0,22.0,67.0,69.0,24.0,23.0,101.0,28.0,34.0,93.0,64.0,107.0,28.0
10/11/2008,228,69.0,190.0,128.0,174.0,145.0,77.0,76.0,63.0,28.0,42.0,41.0,17.0,60.0,58.0,57.0,70.0,15.0,101.0,88.0,42.0,31.0,136.0,53.0,41.0,108.0,41.0,67.0,16.0
03/11/2008,149,88.0,228.0,190.0,128.0,77.0,189.0,42.0,164.0,16.0,67.0,43.0,32.0,69.0,72.0,76.0,60.0,28.0,136.0,98.0,58.0,17.0,82.0,46.0,61.0,145.0,54.0,101.0,24.0
27/10/2008,181,98.0,149.0,228.0,190.0,189.0,142.0,67.0,93.0,24.0,41.0,43.0,46.0,88.0,53.0,42.0,69.0,16.0,82.0,42.0,72.0,32.0,135.0,37.0,28.0,77.0,69.0,136.0,26.0
20/10/2008,131,42.0,181.0,149.0,228.0,142.0,140.0,41.0,173.0,26.0,63.0,47.0,45.0,98.0,10.0,67.0,88.0,24.0,135.0,132.0,53.0,46.0,161.0,43.0,51.0,189.0,57.0,82.0,41.0
13/10/2008,227,132.0,131.0,181.0,149.0,140.0,120.0,63.0,95.0,41.0,51.0,39.0,24.0,42.0,36.0,41.0,98.0,26.0,161.0,153.0,10.0,45.0,112.0,51.0,55.0,142.0,61.0,135.0,43.0
06/10/2008,158,153.0,227.0,131.0,181.0,120.0,312.0,51.0,192.0,43.0,48.0,11.0,29.0,132.0,22.0,63.0,42.0,41.0,112.0,90.0,36.0,24.0,106.0,58.0,74.0,140.0,73.0,161.0,82.0
29/09/2008,168,90.0,158.0,227.0,131.0,312.0,199.0,48.0,144.0,82.0,38.0,53.0,19.0,153.0,150.0,51.0,132.0,43.0,106.0,75.0,22.0,29.0,89.0,38.0,28.0,120.0,96.0,112.0,37.0
22/09/2008,181,75.0,168.0,158.0,227.0,199.0,143.0,38.0,171.0,37.0,60.0,36.0,34.0,90.0,133.0,48.0,153.0,82.0,89.0,116.0,150.0,19.0,87.0,37.0,52.0,312.0,67.0,106.0,45.0
15/09/2008,138,116.0,181.0,168.0,158.0,143.0,145.0,60.0,109.0,45.0,55.0,14.0,48.0,75.0,78.0,38.0,90.0,37.0,87.0,74.0,133.0,34.0,79.0,53.0,39.0,199.0,114.0,89.0,57.0
08/09/2008,129,74.0,138.0,181.0,168.0,145.0,106.0,55.0,72.0,57.0,60.0,13.0,28.0,116.0,14.0,60.0,75.0,45.0,79.0,73.0,78.0,48.0,58.0,41.0,37.0,143.0,54.0,87.0,41.0
01/09/2008,161,73.0,129.0,138.0,181.0,106.0,195.0,60.0,75.0,41.0,50.0,33.0,45.0,74.0,25.0,55.0,116.0,57.0,58.0,74.0,14.0,28.0,47.0,28.0,20.0,145.0,51.0,79.0,31.0
25/08/2008,121,74.0,161.0,129.0,138.0,195.0,149.0,50.0,158.0,31.0,51.0,8.0,87.0,73.0,54.0,60.0,74.0,41.0,47.0,85.0,25.0,45.0,79.0,49.0,52.0,106.0,92.0,58.0,46.0
18/08/2008,128,85.0,121.0,161.0,129.0,149.0,172.0,51.0,101.0,46.0,60.0,15.0,71.0,74.0,71.0,50.0,73.0,31.0,79.0,102.0,54.0,87.0,62.0,17.0,18.0,195.0,58.0,47.0,21.0
11/08/2008,150,102.0,128.0,121.0,161.0,172.0,152.0,60.0,109.0,21.0,52.0,22.0,101.0,85.0,95.0,51.0,74.0,46.0,62.0,100.0,71.0,71.0,57.0,55.0,47.0,149.0,71.0,79.0,31.0
04/08/2008,146,100.0,150.0,128.0,121.0,152.0,152.0,52.0,132.0,31.0,50.0,7.0,71.0,102.0,74.0,60.0,85.0,21.0,57.0,104.0,95.0,101.0,42.0,8.0,64.0,172.0,42.0,62.0,23.0
28/07/2008,115,104.0,146.0,150.0,128.0,152.0,141.0,50.0,127.0,23.0,34.0,21.0,86.0,100.0,39.0,52.0,102.0,31.0,42.0,85.0,74.0,71.0,41.0,62.0,42.0,152.0,73.0,57.0,44.0
21/07/2008,120,85.0,115.0,146.0,150.0,141.0,93.0,34.0,118.0,44.0,25.0,44.0,64.0,104.0,48.0,50.0,100.0,23.0,41.0,72.0,39.0,86.0,46.0,29.0,38.0,152.0,56.0,42.0,23.0
14/07/2008,140,72.0,120.0,115.0,146.0,93.0,68.0,25.0,64.0,23.0,19.0,39.0,46.0,85.0,52.0,34.0,104.0,44.0,46.0,60.0,48.0,64.0,43.0,38.0,23.0,141.0,42.0,41.0,16.0
07/07/2008,73,60.0,140.0,120.0,115.0,68.0,95.0,19.0,89.0,16.0,23.0,34.0,46.0,72.0,24.0,25.0,85.0,23.0,43.0,50.0,52.0,46.0,57.0,21.0,33.0,93.0,53.0,46.0,16.0
30/06/2008,91,50.0,73.0,140.0,120.0,95.0,61.0,23.0,36.0,16.0,21.0,12.0,51.0,60.0,95.0,19.0,72.0,16.0,57.0,39.0,24.0,46.0,12.0,23.0,21.0,68.0,22.0,43.0,18.0
23/06/2008,71,39.0,91.0,73.0,140.0,61.0,103.0,21.0,31.0,18.0,28.0,5.0,42.0,50.0,27.0,23.0,60.0,16.0,12.0,37.0,95.0,51.0,11.0,10.0,14.0,95.0,35.0,57.0,23.0
16/06/2008,61,37.0,71.0,91.0,73.0,103.0,65.0,28.0,35.0,23.0,23.0,26.0,16.0,39.0,17.0,21.0,50.0,18.0,11.0,16.0,27.0,42.0,8.0,3.0,14.0,61.0,21.0,12.0,7.0
09/06/2008,19,16.0,61.0,71.0,91.0,65.0,16.0,23.0,27.0,7.0,14.0,0.0,10.0,37.0,8.0,28.0,39.0,23.0,8.0,33.0,17.0,16.0,9.0,1.0,11.0,103.0,15.0,11.0,14.0
02/06/2008,16,33.0,19.0,61.0,71.0,16.0,21.0,14.0,26.0,14.0,4.0,5.0,8.0,16.0,1.0,23.0,37.0,7.0,9.0,9.0,8.0,10.0,14.0,11.0,6.0,65.0,6.0,8.0,10.0
26/05/2008,11,9.0,16.0,19.0,61.0,21.0,6.0,4.0,8.0,10.0,6.0,0.0,5.0,33.0,4.0,14.0,16.0,14.0,14.0,13.0,1.0,8.0,1.0,2.0,2.0,16.0,4.0,9.0,4.0
19/05/2008,17,13.0,11.0,16.0,19.0,6.0,11.0,6.0,5.0,4.0,4.0,1.0,3.0,9.0,28.0,4.0,33.0,10.0,1.0,5.0,4.0,5.0,2.0,0.0,2.0,21.0,5.0,14.0,2.0
12/05/2008,14,5.0,17.0,11.0,16.0,11.0,6.0,4.0,4.0,2.0,3.0,1.0,0.0,13.0,13.0,6.0,9.0,4.0,2.0,3.0,28.0,3.0,5.0,4.0,2.0,6.0,0.0,1.0,4.0
05/05/2008,13,3.0,14.0,17.0,11.0,6.0,7.0,3.0,5.0,4.0,3.0,0.0,1.0,5.0,23.0,4.0,13.0,2.0,5.0,5.0,13.0,0.0,3.0,1.0,3.0,11.0,2.0,2.0,0.0
28/04/2008,22,5.0,13.0,14.0,17.0,7.0,3.0,3.0,10.0,0.0,3.0,1.0,1.0,3.0,2.0,3.0,5.0,4.0,3.0,6.0,23.0,1.0,0.0,0.0,1.0,6.0,0.0,5.0,1.0
21/04/2008,42,6.0,22.0,13.0,14.0,3.0,4.0,3.0,8.0,1.0,4.0,0.0,0.0,5.0,1.0,3.0,3.0,0.0,0.0,1.0,2.0,1.0,1.0,1.0,2.0,7.0,0.0,3.0,0.0
14/04/2008,4,1.0,42.0,22.0,13.0,4.0,6.0,4.0,2.0,0.0,1.0,0.0,2.0,6.0,2.0,3.0,5.0,1.0,1.0,3.0,1.0,0.0,2.0,0.0,3.0,3.0,0.0,0.0,2.0
07/04/2008,18,3.0,4.0,42.0,22.0,6.0,6.0,1.0,8.0,2.0,3.0,4.0,1.0,1.0,3.0,4.0,6.0,0.0,2.0,2.0,2.0,2.0,3.0,3.0,3.0,4.0,1.0,1.0,0.0
31/03/2008,6,2.0,18.0,4.0,42.0,6.0,10.0,3.0,8.0,0.0,1.0,3.0,1.0,3.0,4.0,1.0,1.0,2.0,3.0,2.0,3.0,1.0,1.0,5.0,2.0,6.0,7.0,2.0,2.0
24/03/2008,10,2.0,6.0,18.0,4.0,10.0,11.0,1.0,11.0,2.0,13.0,0.0,3.0,2.0,32.0,3.0,3.0,0.0,1.0,1.0,4.0,1.0,4.0,5.0,14.0,6.0,10.0,3.0,0.0
17/03/2008,60,1.0,10.0,6.0,18.0,11.0,15.0,13.0,15.0,0.0,12.0,4.0,4.0,2.0,2.0,1.0,2.0,2.0,4.0,5.0,32.0,3.0,2.0,7.0,13.0,10.0,9.0,1.0,1.0
10/03/2008,103,5.0,60.0,10.0,6.0,15.0,29.0,12.0,12.0,1.0,18.0,2.0,9.0,1.0,16.0,13.0,2.0,0.0,2.0,1.0,2.0,4.0,1.0,9.0,19.0,11.0,17.0,4.0,1.0
03/03/2008,31,1.0,103.0,60.0,10.0,29.0,17.0,18.0,10.0,1.0,22.0,3.0,11.0,5.0,71.0,12.0,1.0,1.0,1.0,2.0,16.0,9.0,1.0,2.0,18.0,15.0,16.0,2.0,9.0
25/02/2008,103,2.0,31.0,103.0,60.0,17.0,12.0,22.0,25.0,9.0,24.0,2.0,11.0,1.0,8.0,18.0,5.0,1.0,1.0,0.0,71.0,11.0,5.0,10.0,19.0,29.0,2.0,1.0,5.0
18/02/2008,44,0.0,103.0,31.0,103.0,12.0,17.0,24.0,10.0,5.0,22.0,3.0,11.0,2.0,71.0,22.0,1.0,9.0,5.0,2.0,8.0,11.0,1.0,2.0,18.0,17.0,16.0,1.0,9.0
11/02/2008,91,2.0,44.0,103.0,31.0,17.0,33.0,22.0,7.0,9.0,68.0,2.0,22.0,0.0,88.0,24.0,2.0,5.0,1.0,8.0,71.0,11.0,16.0,12.0,22.0,12.0,17.0,5.0,18.0
04/02/2008,83,8.0,91.0,44.0,103.0,33.0,71.0,68.0,41.0,18.0,36.0,12.0,42.0,2.0,50.0,22.0,0.0,9.0,16.0,10.0,88.0,22.0,0.0,16.0,25.0,17.0,17.0,1.0,17.0
28/01/2008,111,10.0,83.0,91.0,44.0,71.0,64.0,36.0,52.0,17.0,44.0,5.0,28.0,8.0,24.0,68.0,2.0,18.0,0.0,12.0,50.0,42.0,12.0,16.0,27.0,33.0,12.0,16.0,36.0
21/01/2008,91,12.0,111.0,83.0,91.0,64.0,66.0,44.0,44.0,36.0,31.0,12.0,63.0,10.0,5.0,36.0,8.0,17.0,12.0,15.0,24.0,28.0,21.0,30.0,12.0,71.0,12.0,0.0,31.0
14/01/2008,163,15.0,91.0,111.0,83.0,66.0,100.0,31.0,31.0,31.0,50.0,2.0,86.0,12.0,15.0,44.0,10.0,36.0,21.0,20.0,5.0,63.0,25.0,40.0,20.0,64.0,40.0,12.0,22.0
07/01/2008,28,20.0,163.0,91.0,111.0,100.0,92.0,50.0,86.0,22.0,27.0,8.0,41.0,15.0,7.0,31.0,12.0,31.0,25.0,82.0,15.0,86.0,28.0,42.0,12.0,66.0,20.0,21.0,85.0
31/12/2007,106,82.0,28.0,163.0,91.0,92.0,53.0,27.0,81.0,85.0,27.0,4.0,32.0,20.0,27.0,50.0,15.0,22.0,28.0,14.0,7.0,41.0,27.0,52.0,19.0,100.0,68.0,25.0,16.0
24/12/2007,291,14.0,106.0,28.0,163.0,53.0,179.0,27.0,77.0,16.0,73.0,1.0,140.0,82.0,20.0,27.0,20.0,85.0,27.0,63.0,27.0,32.0,39.0,36.0,34.0,92.0,36.0,28.0,85.0
17/12/2007,185,63.0,291.0,106.0,28.0,179.0,118.0,73.0,248.0,85.0,64.0,4.0,86.0,14.0,20.0,27.0,82.0,16.0,39.0,30.0,20.0,140.0,39.0,41.0,27.0,53.0,101.0,27.0,41.0
10/12/2007,197,30.0,185.0,291.0,106.0,118.0,184.0,64.0,36.0,41.0,124.0,3.0,41.0,63.0,2.0,73.0,14.0,85.0,39.0,61.0,20.0,86.0,19.0,91.0,31.0,179.0,21.0,39.0,27.0
03/12/2007,147,61.0,197.0,185.0,291.0,184.0,114.0,124.0,218.0,27.0,75.0,2.0,44.0,30.0,157.0,64.0,63.0,41.0,19.0,66.0,2.0,41.0,18.0,48.0,8.0,118.0,46.0,39.0,40.0
26/11/2007,192,66.0,147.0,197.0,185.0,114.0,96.0,75.0,58.0,40.0,38.0,2.0,61.0,61.0,53.0,124.0,30.0,27.0,18.0,32.0,157.0,44.0,26.0,18.0,24.0,184.0,63.0,19.0,47.0
19/11/2007,190,32.0,192.0,147.0,197.0,96.0,144.0,38.0,55.0,47.0,69.0,6.0,38.0,66.0,37.0,75.0,61.0,40.0,26.0,90.0,53.0,61.0,13.0,29.0,39.0,114.0,56.0,18.0,30.0
12/11/2007,147,90.0,190.0,192.0,147.0,144.0,100.0,69.0,113.0,30.0,53.0,8.0,121.0,32.0,41.0,38.0,66.0,47.0,13.0,73.0,37.0,38.0,13.0,37.0,18.0,96.0,92.0,26.0,53.0
05/11/2007,131,73.0,147.0,190.0,192.0,100.0,170.0,53.0,122.0,53.0,68.0,2.0,66.0,90.0,29.0,69.0,32.0,30.0,13.0,65.0,41.0,121.0,29.0,20.0,42.0,144.0,64.0,13.0,36.0
29/10/2007,149,65.0,131.0,147.0,190.0,170.0,98.0,68.0,59.0,36.0,44.0,1.0,69.0,73.0,42.0,53.0,90.0,53.0,29.0,45.0,29.0,66.0,12.0,37.0,35.0,100.0,104.0,13.0,45.0
22/10/2007,99,45.0,149.0,131.0,147.0,98.0,98.0,44.0,66.0,45.0,68.0,0.0,47.0,65.0,17.0,68.0,73.0,36.0,12.0,36.0,42.0,69.0,13.0,43.0,34.0,170.0,60.0,29.0,24.0
15/10/2007,233,36.0,99.0,149.0,131.0,98.0,98.0,68.0,46.0,24.0,63.0,6.0,16.0,45.0,9.0,44.0,65.0,45.0,13.0,46.0,17.0,47.0,22.0,6.0,24.0,98.0,68.0,12.0,25.0
08/10/2007,146,46.0,233.0,99.0,149.0,98.0,86.0,63.0,124.0,25.0,69.0,0.0,119.0,36.0,74.0,68.0,45.0,24.0,22.0,67.0,9.0,16.0,10.0,38.0,22.0,98.0,116.0,13.0,84.0
01/10/2007,182,67.0,146.0,233.0,99.0,86.0,89.0,69.0,74.0,84.0,86.0,2.0,49.0,46.0,40.0,63.0,36.0,25.0,10.0,57.0,74.0,119.0,22.0,28.0,59.0,98.0,83.0,22.0,46.0
24/09/2007,68,57.0,182.0,146.0,233.0,89.0,77.0,86.0,73.0,46.0,46.0,1.0,67.0,67.0,81.0,69.0,46.0,84.0,22.0,45.0,40.0,49.0,13.0,21.0,18.0,86.0,64.0,10.0,56.0
17/09/2007,180,45.0,68.0,182.0,146.0,77.0,91.0,46.0,8.0,56.0,140.0,15.0,50.0,57.0,48.0,86.0,67.0,46.0,13.0,24.0,81.0,67.0,14.0,14.0,16.0,89.0,41.0,22.0,17.0
10/09/2007,142,24.0,180.0,68.0,182.0,91.0,107.0,140.0,134.0,17.0,76.0,10.0,90.0,45.0,39.0,46.0,57.0,56.0,14.0,52.0,48.0,50.0,27.0,27.0,23.0,77.0,79.0,13.0,38.0
03/09/2007,80,52.0,142.0,180.0,68.0,107.0,86.0,76.0,88.0,38.0,48.0,13.0,31.0,24.0,41.0,140.0,45.0,17.0,27.0,23.0,39.0,90.0,10.0,24.0,12.0,91.0,79.0,14.0,28.0
27/08/2007,194,23.0,80.0,142.0,180.0,86.0,32.0,48.0,33.0,28.0,68.0,4.0,26.0,52.0,3.0,76.0,24.0,38.0,10.0,42.0,41.0,31.0,14.0,2.0,13.0,107.0,43.0,27.0,21.0
20/08/2007,286,42.0,194.0,80.0,142.0,32.0,70.0,68.0,81.0,21.0,81.0,2.0,77.0,23.0,40.0,48.0,52.0,28.0,14.0,48.0,3.0,26.0,58.0,11.0,28.0,86.0,104.0,10.0,84.0
13/08/2007,129,48.0,286.0,194.0,80.0,70.0,131.0,81.0,26.0,84.0,79.0,19.0,77.0,42.0,34.0,68.0,23.0,21.0,58.0,39.0,40.0,77.0,15.0,16.0,29.0,32.0,67.0,14.0,53.0
06/08/2007,93,39.0,129.0,286.0,194.0,131.0,104.0,79.0,26.0,53.0,102.0,2.0,49.0,48.0,18.0,81.0,42.0,84.0,15.0,23.0,34.0,77.0,45.0,11.0,33.0,70.0,119.0,58.0,60.0
30/07/2007,199,23.0,93.0,129.0,286.0,104.0,131.0,102.0,150.0,60.0,82.0,25.0,43.0,39.0,9.0,79.0,48.0,53.0,45.0,36.0,18.0,49.0,14.0,2.0,7.0,131.0,60.0,15.0,56.0
23/07/2007,120,36.0,199.0,93.0,129.0,131.0,93.0,82.0,128.0,56.0,84.0,10.0,127.0,23.0,22.0,102.0,39.0,60.0,14.0,34.0,9.0,43.0,48.0,16.0,45.0,104.0,64.0,45.0,40.0
16/07/2007,151,34.0,120.0,199.0,93.0,93.0,140.0,84.0,105.0,40.0,65.0,12.0,53.0,36.0,17.0,82.0,23.0,56.0,48.0,29.0,22.0,127.0,40.0,7.0,12.0,131.0,52.0,14.0,40.0
09/07/2007,88,29.0,151.0,120.0,199.0,140.0,113.0,65.0,161.0,40.0,68.0,6.0,34.0,34.0,21.0,84.0,36.0,40.0,40.0,33.0,17.0,53.0,38.0,7.0,25.0,93.0,72.0,48.0,32.0
02/07/2007,87,33.0,88.0,151.0,120.0,113.0,38.0,68.0,127.0,32.0,64.0,8.0,26.0,29.0,7.0,65.0,34.0,40.0,38.0,20.0,21.0,34.0,10.0,11.0,5.0,140.0,23.0,40.0,32.0
25/06/2007,67,20.0,87.0,88.0,151.0,38.0,107.0,64.0,34.0,32.0,45.0,13.0,53.0,33.0,10.0,68.0,29.0,32.0,10.0,24.0,7.0,26.0,13.0,14.0,19.0,113.0,61.0,38.0,26.0
18/06/2007,52,24.0,67.0,87.0,88.0,107.0,113.0,45.0,75.0,26.0,34.0,11.0,40.0,20.0,6.0,64.0,33.0,32.0,13.0,6.0,10.0,53.0,14.0,7.0,9.0,38.0,16.0,10.0,11.0
11/06/2007,65,6.0,52.0,67.0,87.0,113.0,31.0,34.0,28.0,11.0,16.0,1.0,39.0,24.0,7.0,45.0,20.0,26.0,14.0,8.0,6.0,40.0,36.0,11.0,3.0,107.0,18.0,13.0,7.0
04/06/2007,6,8.0,65.0,52.0,67.0,31.0,24.0,16.0,19.0,7.0,6.0,2.0,11.0,6.0,3.0,34.0,24.0,11.0,36.0,10.0,7.0,39.0,1.0,2.0,2.0,113.0,2.0,14.0,7.0
28/05/2007,64,10.0,6.0,65.0,52.0,24.0,30.0,6.0,8.0,7.0,6.0,0.0,7.0,8.0,1.0,16.0,6.0,7.0,1.0,2.0,3.0,11.0,4.0,6.0,1.0,31.0,5.0,36.0,3.0
21/05/2007,18,2.0,64.0,6.0,65.0,30.0,8.0,6.0,4.0,3.0,2.0,0.0,0.0,10.0,0.0,6.0,8.0,7.0,4.0,2.0,1.0,7.0,5.0,2.0,3.0,24.0,3.0,1.0,1.0
14/05/2007,3,2.0,18.0,64.0,6.0,8.0,9.0,2.0,14.0,1.0,1.0,1.0,6.0,2.0,12.0,6.0,10.0,3.0,5.0,1.0,0.0,0.0,6.0,0.0,1.0,30.0,3.0,4.0,5.0
07/05/2007,0,1.0,3.0,18.0,64.0,9.0,7.0,1.0,2.0,5.0,5.0,1.0,4.0,2.0,0.0,2.0,2.0,1.0,6.0,0.0,12.0,6.0,3.0,0.0,0.0,8.0,1.0,5.0,0.0
30/04/2007,13,0.0,0.0,3.0,18.0,7.0,3.0,5.0,3.0,0.0,3.0,0.0,0.0,1.0,0.0,1.0,2.0,5.0,3.0,0.0,0.0,4.0,4.0,0.0,0.0,9.0,0.0,6.0,0.0
23/04/2007,9,0.0,13.0,0.0,3.0,3.0,12.0,3.0,6.0,0.0,2.0,0.0,0.0,0.0,0.0,5.0,1.0,0.0,4.0,3.0,0.0,0.0,3.0,4.0,1.0,7.0,4.0,3.0,7.0
16/04/2007,4,3.0,9.0,13.0,0.0,12.0,11.0,2.0,11.0,7.0,1.0,1.0,8.0,0.0,0.0,3.0,0.0,0.0,3.0,2.0,0.0,0.0,1.0,1.0,2.0,3.0,0.0,4.0,0.0
09/04/2007,8,2.0,4.0,9.0,13.0,11.0,8.0,1.0,7.0,0.0,6.0,2.0,5.0,3.0,1.0,2.0,0.0,7.0,1.0,1.0,0.0,8.0,2.0,3.0,0.0,12.0,3.0,3.0,1.0
02/04/2007,12,1.0,8.0,4.0,9.0,8.0,5.0,6.0,5.0,1.0,8.0,3.0,0.0,2.0,0.0,1.0,3.0,0.0,2.0,2.0,1.0,5.0,0.0,2.0,3.0,11.0,0.0,1.0,1.0
26/03/2007,13,2.0,12.0,8.0,4.0,5.0,18.0,8.0,17.0,1.0,4.0,2.0,12.0,1.0,0.0,6.0,2.0,1.0,0.0,1.0,0.0,0.0,3.0,12.0,5.0,8.0,18.0,2.0,2.0
19/03/2007,31,1.0,13.0,12.0,8.0,18.0,12.0,4.0,13.0,2.0,6.0,1.0,0.0,2.0,0.0,8.0,1.0,1.0,3.0,3.0,0.0,12.0,2.0,12.0,1.0,5.0,5.0,0.0,1.0
12/03/2007,35,3.0,31.0,13.0,12.0,12.0,23.0,6.0,19.0,1.0,21.0,8.0,7.0,1.0,16.0,4.0,2.0,2.0,2.0,0.0,0.0,0.0,10.0,11.0,1.0,18.0,30.0,3.0,0.0
05/03/2007,8,0.0,35.0,31.0,13.0,23.0,16.0,21.0,18.0,0.0,13.0,2.0,8.0,3.0,8.0,6.0,1.0,1.0,10.0,13.0,16.0,7.0,1.0,11.0,12.0,12.0,12.0,2.0,2.0
26/02/2007,73,13.0,8.0,35.0,31.0,16.0,44.0,13.0,44.0,2.0,13.0,11.0,1.0,0.0,0.0,21.0,3.0,0.0,1.0,2.0,8.0,8.0,1.0,3.0,6.0,23.0,3.0,10.0,2.0
19/02/2007,77,2.0,73.0,8.0,35.0,44.0,44.0,13.0,13.0,2.0,21.0,4.0,9.0,13.0,19.0,13.0,0.0,2.0,1.0,30.0,0.0,1.0,28.0,9.0,18.0,16.0,38.0,1.0,14.0
12/02/2007,21,30.0,77.0,73.0,8.0,44.0,72.0,21.0,56.0,14.0,30.0,7.0,4.0,2.0,31.0,13.0,13.0,2.0,28.0,9.0,19.0,9.0,43.0,12.0,10.0,44.0,12.0,1.0,9.0
05/02/2007,104,9.0,21.0,77.0,73.0,72.0,54.0,30.0,55.0,9.0,12.0,20.0,3.0,30.0,8.0,21.0,2.0,14.0,43.0,14.0,31.0,4.0,15.0,8.0,14.0,44.0,16.0,28.0,16.0
29/01/2007,105,14.0,104.0,21.0,77.0,54.0,65.0,12.0,84.0,16.0,39.0,8.0,6.0,9.0,1.0,30.0,30.0,9.0,15.0,24.0,8.0,3.0,46.0,14.0,12.0,72.0,25.0,43.0,15.0
22/01/2007,92,24.0,105.0,104.0,21.0,65.0,69.0,39.0,20.0,15.0,19.0,19.0,8.0,14.0,28.0,12.0,9.0,16.0,46.0,6.0,1.0,6.0,15.0,9.0,9.0,54.0,14.0,15.0,54.0
15/01/2007,192,6.0,92.0,105.0,104.0,69.0,107.0,19.0,13.0,54.0,55.0,26.0,18.0,24.0,47.0,39.0,14.0,15.0,15.0,49.0,28.0,8.0,47.0,18.0,12.0,65.0,45.0,46.0,14.0
08/01/2007,2,49.0,192.0,92.0,105.0,107.0,90.0,55.0,122.0,14.0,20.0,12.0,18.0,6.0,8.0,19.0,24.0,54.0,47.0,21.0,47.0,18.0,13.0,37.0,1.0,69.0,19.0,15.0,17.0
01/01/2007,67,21.0,2.0,192.0,92.0,90.0,9.0,20.0,2.0,17.0,22.0,20.0,6.0,49.0,24.0,55.0,6.0,14.0,13.0,31.0,8.0,18.0,20.0,11.0,8.0,107.0,15.0,47.0,43.0
25/12/2006,283,31.0,67.0,2.0,192.0,9.0,129.0,22.0,77.0,43.0,47.0,27.0,7.0,21.0,0.0,20.0,49.0,17.0,20.0,44.0,24.0,6.0,25.0,47.0,0.0,90.0,15.0,13.0,66.0
18/12/2006,135,44.0,283.0,67.0,2.0,129.0,156.0,47.0,156.0,66.0,93.0,32.0,8.0,31.0,57.0,22.0,21.0,43.0,25.0,68.0,0.0,7.0,35.0,34.0,21.0,9.0,92.0,20.0,89.0
11/12/2006,129,68.0,135.0,283.0,67.0,156.0,240.0,93.0,50.0,89.0,40.0,48.0,28.0,44.0,1.0,47.0,31.0,66.0,35.0,55.0,57.0,8.0,74.0,54.0,14.0,129.0,22.0,25.0,33.0
04/12/2006,203,55.0,129.0,135.0,283.0,240.0,190.0,40.0,47.0,33.0,56.0,31.0,5.0,68.0,47.0,93.0,44.0,89.0,74.0,60.0,1.0,28.0,60.0,22.0,3.0,156.0,36.0,35.0,48.0
27/11/2006,152,60.0,203.0,129.0,135.0,190.0,166.0,56.0,84.0,48.0,36.0,54.0,20.0,55.0,67.0,40.0,68.0,33.0,60.0,53.0,47.0,5.0,48.0,34.0,11.0,240.0,29.0,74.0,31.0
20/11/2006,107,53.0,152.0,203.0,129.0,166.0,138.0,36.0,90.0,31.0,40.0,50.0,6.0,60.0,55.0,56.0,55.0,48.0,48.0,42.0,67.0,20.0,18.0,194.0,19.0,190.0,27.0,60.0,53.0
13/11/2006,185,42.0,107.0,152.0,203.0,138.0,128.0,40.0,63.0,53.0,31.0,40.0,33.0,53.0,35.0,36.0,60.0,31.0,18.0,81.0,55.0,6.0,35.0,66.0,9.0,166.0,24.0,48.0,36.0
06/11/2006,110,81.0,185.0,107.0,152.0,128.0,239.0,31.0,45.0,36.0,42.0,13.0,13.0,42.0,12.0,40.0,53.0,53.0,35.0,65.0,35.0,33.0,38.0,29.0,2.0,138.0,38.0,18.0,35.0
30/10/2006,138,65.0,110.0,185.0,107.0,239.0,196.0,42.0,84.0,35.0,47.0,54.0,47.0,81.0,49.0,31.0,42.0,36.0,38.0,65.0,12.0,13.0,48.0,185.0,19.0,128.0,18.0,35.0,61.0
23/10/2006,100,65.0,138.0,110.0,185.0,196.0,108.0,47.0,53.0,61.0,31.0,29.0,11.0,65.0,9.0,42.0,81.0,35.0,48.0,29.0,49.0,47.0,51.0,51.0,1.0,239.0,21.0,38.0,32.0
16/10/2006,228,29.0,100.0,138.0,110.0,108.0,160.0,31.0,66.0,32.0,41.0,90.0,39.0,65.0,1.0,47.0,65.0,61.0,51.0,54.0,9.0,11.0,59.0,81.0,0.0,196.0,29.0,48.0,86.0
09/10/2006,130,54.0,228.0,100.0,138.0,160.0,131.0,41.0,77.0,86.0,55.0,71.0,41.0,29.0,27.0,31.0,65.0,32.0,59.0,43.0,1.0,39.0,59.0,68.0,18.0,108.0,23.0,51.0,29.0
02/10/2006,137,43.0,130.0,228.0,100.0,131.0,331.0,55.0,107.0,29.0,38.0,38.0,12.0,54.0,8.0,41.0,29.0,86.0,59.0,49.0,27.0,41.0,90.0,110.0,46.0,160.0,10.0,59.0,96.0
25/09/2006,235,49.0,137.0,130.0,228.0,331.0,155.0,38.0,40.0,96.0,49.0,119.0,22.0,43.0,57.0,55.0,54.0,29.0,90.0,31.0,8.0,12.0,61.0,38.0,11.0,131.0,11.0,59.0,106.0
18/09/2006,138,31.0,235.0,137.0,130.0,155.0,168.0,49.0,109.0,106.0,47.0,60.0,21.0,49.0,8.0,38.0,43.0,96.0,61.0,62.0,57.0,22.0,55.0,27.0,35.0,331.0,23.0,90.0,44.0
11/09/2006,166,62.0,138.0,235.0,137.0,168.0,137.0,47.0,83.0,44.0,42.0,102.0,38.0,31.0,10.0,49.0,49.0,106.0,55.0,52.0,8.0,21.0,78.0,27.0,13.0,155.0,17.0,61.0,34.0
04/09/2006,122,52.0,166.0,138.0,235.0,137.0,144.0,42.0,55.0,34.0,86.0,131.0,31.0,62.0,18.0,47.0,31.0,44.0,78.0,67.0,10.0,38.0,56.0,54.0,34.0,168.0,33.0,55.0,25.0
28/08/2006,149,67.0,122.0,166.0,138.0,144.0,119.0,86.0,39.0,25.0,54.0,73.0,50.0,52.0,1.0,42.0,62.0,34.0,56.0,40.0,18.0,31.0,32.0,54.0,17.0,137.0,34.0,78.0,58.0
21/08/2006,124,40.0,149.0,122.0,166.0,119.0,126.0,54.0,139.0,58.0,54.0,55.0,34.0,67.0,9.0,86.0,52.0,25.0,32.0,3.0,1.0,50.0,64.0,80.0,48.0,144.0,30.0,56.0,33.0
14/08/2006,187,3.0,124.0,149.0,122.0,126.0,239.0,54.0,85.0,33.0,45.0,99.0,40.0,40.0,70.0,54.0,67.0,58.0,64.0,36.0,9.0,34.0,20.0,115.0,28.0,119.0,24.0,32.0,50.0
07/08/2006,195,36.0,187.0,124.0,149.0,239.0,133.0,45.0,52.0,50.0,46.0,88.0,46.0,3.0,64.0,54.0,40.0,33.0,20.0,24.0,70.0,40.0,37.0,44.0,19.0,126.0,40.0,64.0,13.0
31/07/2006,130,24.0,195.0,187.0,124.0,133.0,140.0,46.0,59.0,13.0,48.0,59.0,55.0,36.0,10.0,45.0,3.0,50.0,37.0,23.0,64.0,46.0,30.0,67.0,39.0,239.0,31.0,20.0,93.0
24/07/2006,126,23.0,130.0,195.0,187.0,140.0,129.0,48.0,37.0,93.0,24.0,31.0,12.0,24.0,1.0,46.0,36.0,13.0,30.0,26.0,10.0,55.0,28.0,58.0,9.0,133.0,20.0,37.0,73.0
17/07/2006,154,26.0,126.0,130.0,195.0,129.0,97.0,24.0,75.0,73.0,21.0,50.0,35.0,23.0,12.0,48.0,24.0,93.0,28.0,32.0,1.0,12.0,24.0,47.0,28.0,140.0,31.0,30.0,35.0
10/07/2006,149,32.0,154.0,126.0,130.0,97.0,121.0,21.0,42.0,35.0,40.0,27.0,5.0,26.0,37.0,24.0,23.0,73.0,24.0,46.0,12.0,35.0,50.0,105.0,22.0,129.0,8.0,28.0,40.0
03/07/2006,106,46.0,149.0,154.0,126.0,121.0,66.0,40.0,67.0,40.0,27.0,15.0,37.0,32.0,78.0,21.0,26.0,35.0,50.0,18.0,37.0,5.0,10.0,106.0,8.0,97.0,32.0,24.0,52.0
26/06/2006,151,18.0,106.0,149.0,154.0,66.0,56.0,27.0,15.0,52.0,10.0,46.0,22.0,46.0,13.0,40.0,32.0,40.0,10.0,25.0,78.0,37.0,38.0,35.0,19.0,121.0,17.0,50.0,26.0
19/06/2006,100,25.0,151.0,106.0,149.0,56.0,42.0,10.0,54.0,26.0,30.0,12.0,28.0,18.0,19.0,27.0,46.0,52.0,38.0,8.0,13.0,22.0,11.0,30.0,12.0,66.0,11.0,10.0,3.0
12/06/2006,91,8.0,100.0,151.0,106.0,42.0,34.0,30.0,81.0,3.0,8.0,8.0,22.0,25.0,1.0,10.0,18.0,26.0,11.0,15.0,19.0,28.0,10.0,11.0,13.0,56.0,6.0,38.0,10.0
05/06/2006,46,15.0,91.0,100.0,151.0,34.0,30.0,8.0,17.0,10.0,30.0,32.0,11.0,8.0,2.0,30.0,25.0,3.0,10.0,3.0,1.0,22.0,12.0,36.0,21.0,42.0,1.0,11.0,12.0
29/05/2006,38,3.0,46.0,91.0,100.0,30.0,62.0,30.0,7.0,12.0,10.0,13.0,8.0,15.0,35.0,8.0,8.0,10.0,12.0,3.0,2.0,11.0,3.0,84.0,34.0,34.0,3.0,10.0,10.0
22/05/2006,13,3.0,38.0,46.0,91.0,62.0,9.0,10.0,20.0,10.0,1.0,2.0,16.0,3.0,0.0,30.0,15.0,12.0,3.0,4.0,35.0,8.0,1.0,10.0,5.0,30.0,5.0,12.0,11.0
15/05/2006,22,4.0,13.0,38.0,46.0,9.0,8.0,1.0,3.0,11.0,0.0,0.0,0.0,3.0,41.0,10.0,3.0,10.0,1.0,3.0,0.0,16.0,2.0,0.0,0.0,62.0,0.0,3.0,4.0
08/05/2006,33,3.0,22.0,13.0,38.0,8.0,4.0,0.0,2.0,4.0,1.0,0.0,3.0,4.0,16.0,1.0,3.0,11.0,2.0,3.0,41.0,0.0,3.0,0.0,0.0,9.0,2.0,1.0,0.0
01/05/2006,9,3.0,33.0,22.0,13.0,4.0,4.0,1.0,6.0,0.0,6.0,5.0,9.0,3.0,3.0,0.0,4.0,4.0,3.0,7.0,16.0,3.0,4.0,1.0,0.0,8.0,0.0,2.0,2.0
24/04/2006,14,7.0,9.0,33.0,22.0,4.0,2.0,6.0,8.0,2.0,3.0,7.0,0.0,3.0,11.0,1.0,3.0,0.0,4.0,0.0,3.0,9.0,2.0,1.0,0.0,4.0,3.0,3.0,5.0
17/04/2006,48,0.0,14.0,9.0,33.0,2.0,0.0,3.0,13.0,5.0,20.0,1.0,1.0,7.0,0.0,6.0,3.0,2.0,2.0,0.0,11.0,0.0,2.0,1.0,0.0,4.0,0.0,4.0,0.0
10/04/2006,7,0.0,48.0,14.0,9.0,0.0,4.0,20.0,3.0,0.0,1.0,1.0,3.0,0.0,1.0,3.0,7.0,5.0,2.0,1.0,0.0,1.0,1.0,0.0,4.0,2.0,1.0,2.0,4.0
03/04/2006,18,1.0,7.0,48.0,14.0,4.0,6.0,1.0,3.0,4.0,8.0,0.0,5.0,0.0,2.0,20.0,0.0,0.0,1.0,2.0,1.0,3.0,8.0,3.0,1.0,0.0,11.0,2.0,3.0
27/03/2006,6,2.0,18.0,7.0,48.0,6.0,9.0,8.0,9.0,3.0,18.0,0.0,9.0,1.0,1.0,1.0,0.0,4.0,8.0,3.0,2.0,5.0,2.0,2.0,0.0,4.0,1.0,1.0,0.0
20/03/2006,21,3.0,6.0,18.0,7.0,9.0,20.0,18.0,4.0,0.0,13.0,2.0,0.0,2.0,9.0,8.0,1.0,3.0,2.0,5.0,1.0,9.0,31.0,22.0,0.0,6.0,12.0,8.0,17.0
13/03/2006,30,5.0,21.0,6.0,18.0,20.0,18.0,13.0,17.0,17.0,8.0,1.0,1.0,3.0,9.0,18.0,2.0,0.0,31.0,11.0,9.0,0.0,6.0,15.0,1.0,9.0,3.0,2.0,14.0
06/03/2006,21,11.0,30.0,21.0,6.0,18.0,15.0,8.0,31.0,14.0,26.0,1.0,10.0,5.0,19.0,13.0,3.0,17.0,6.0,6.0,9.0,1.0,46.0,26.0,0.0,20.0,25.0,31.0,11.0
27/02/2006,79,6.0,21.0,30.0,21.0,15.0,12.0,26.0,13.0,11.0,10.0,5.0,1.0,11.0,28.0,8.0,5.0,14.0,46.0,18.0,19.0,10.0,18.0,9.0,6.0,18.0,8.0,6.0,46.0
20/02/2006,64,18.0,79.0,21.0,30.0,12.0,38.0,10.0,16.0,46.0,82.0,1.0,8.0,6.0,15.0,26.0,11.0,11.0,18.0,27.0,28.0,1.0,39.0,18.0,0.0,15.0,14.0,46.0,38.0
13/02/2006,55,27.0,64.0,79.0,21.0,38.0,25.0,82.0,71.0,38.0,40.0,4.0,14.0,18.0,22.0,10.0,6.0,46.0,39.0,11.0,15.0,8.0,38.0,5.0,2.0,12.0,48.0,18.0,19.0
06/02/2006,18,11.0,55.0,64.0,79.0,25.0,43.0,40.0,37.0,19.0,21.0,2.0,8.0,27.0,2.0,82.0,18.0,38.0,38.0,20.0,22.0,14.0,26.0,24.0,1.0,38.0,13.0,39.0,15.0
30/01/2006,101,20.0,18.0,55.0,64.0,43.0,52.0,21.0,80.0,15.0,53.0,0.0,3.0,11.0,10.0,40.0,27.0,19.0,26.0,28.0,2.0,8.0,39.0,14.0,1.0,25.0,32.0,38.0,8.0
23/01/2006,63,28.0,101.0,18.0,55.0,52.0,35.0,53.0,44.0,8.0,39.0,0.0,14.0,20.0,20.0,21.0,11.0,15.0,39.0,25.0,10.0,3.0,22.0,20.0,3.0,43.0,7.0,26.0,63.0
16/01/2006,59,25.0,63.0,101.0,18.0,35.0,29.0,39.0,81.0,63.0,40.0,4.0,30.0,28.0,16.0,53.0,20.0,8.0,22.0,11.0,20.0,14.0,12.0,30.0,11.0,52.0,38.0,39.0,5.0
09/01/2006,6,11.0,59.0,63.0,101.0,29.0,54.0,40.0,84.0,5.0,42.0,0.0,35.0,25.0,59.0,39.0,28.0,63.0,12.0,39.0,16.0,30.0,4.0,44.0,2.0,35.0,37.0,22.0,17.0
02/01/2006,26,39.0,6.0,59.0,63.0,54.0,10.0,42.0,3.0,17.0,0.0,1.0,0.0,11.0,0.0,40.0,25.0,5.0,4.0,2.0,59.0,35.0,0.0,3.0,0.0,29.0,1.0,12.0,0.0
26/12/2005,150,2.0,26.0,6.0,59.0,10.0,30.0,0.0,49.0,0.0,43.0,4.0,1.0,39.0,0.0,42.0,11.0,17.0,0.0,23.0,0.0,0.0,18.0,27.0,2.0,54.0,37.0,4.0,21.0
19/12/2005,80,23.0,150.0,26.0,6.0,30.0,80.0,43.0,205.0,21.0,81.0,0.0,4.0,2.0,48.0,0.0,39.0,0.0,18.0,63.0,0.0,1.0,27.0,49.0,10.0,10.0,47.0,0.0,93.0
12/12/2005,82,63.0,80.0,150.0,26.0,80.0,140.0,81.0,73.0,93.0,59.0,0.0,41.0,23.0,69.0,43.0,2.0,21.0,27.0,32.0,48.0,4.0,19.0,50.0,7.0,30.0,61.0,18.0,18.0
05/12/2005,58,32.0,82.0,80.0,150.0,140.0,43.0,59.0,40.0,18.0,14.0,2.0,72.0,63.0,12.0,81.0,23.0,93.0,19.0,36.0,69.0,41.0,4.0,19.0,10.0,80.0,44.0,27.0,25.0
28/11/2005,84,36.0,58.0,82.0,80.0,43.0,108.0,14.0,76.0,25.0,34.0,0.0,41.0,32.0,67.0,59.0,63.0,18.0,4.0,43.0,12.0,72.0,17.0,24.0,21.0,140.0,24.0,19.0,46.0
21/11/2005,59,43.0,84.0,58.0,82.0,108.0,35.0,34.0,66.0,46.0,9.0,66.0,14.0,36.0,47.0,14.0,32.0,25.0,17.0,28.0,67.0,41.0,16.0,43.0,4.0,43.0,28.0,4.0,14.0
14/11/2005,60,28.0,59.0,84.0,58.0,35.0,68.0,9.0,76.0,14.0,66.0,17.0,1.0,43.0,77.0,34.0,36.0,46.0,16.0,38.0,47.0,14.0,14.0,31.0,17.0,108.0,18.0,17.0,20.0
07/11/2005,116,38.0,60.0,59.0,84.0,68.0,77.0,66.0,114.0,20.0,56.0,3.0,72.0,28.0,73.0,9.0,43.0,14.0,14.0,47.0,77.0,1.0,30.0,29.0,22.0,35.0,71.0,16.0,11.0
31/10/2005,99,47.0,116.0,60.0,59.0,77.0,106.0,56.0,104.0,11.0,52.0,2.0,36.0,38.0,56.0,66.0,28.0,20.0,30.0,38.0,73.0,72.0,9.0,40.0,13.0,68.0,23.0,14.0,45.0
24/10/2005,112,38.0,99.0,116.0,60.0,106.0,77.0,52.0,103.0,45.0,52.0,23.0,51.0,47.0,61.0,56.0,38.0,11.0,9.0,31.0,56.0,36.0,23.0,53.0,0.0,77.0,78.0,30.0,22.0
17/10/2005,197,31.0,112.0,99.0,116.0,77.0,76.0,52.0,121.0,22.0,55.0,25.0,77.0,38.0,1.0,52.0,47.0,45.0,23.0,50.0,61.0,51.0,32.0,48.0,21.0,106.0,25.0,9.0,25.0
10/10/2005,116,50.0,197.0,112.0,99.0,76.0,107.0,55.0,134.0,25.0,85.0,8.0,21.0,31.0,112.0,52.0,38.0,22.0,32.0,70.0,1.0,77.0,29.0,49.0,8.0,77.0,34.0,23.0,29.0
03/10/2005,215,70.0,116.0,197.0,112.0,107.0,100.0,85.0,185.0,29.0,50.0,11.0,34.0,50.0,54.0,55.0,31.0,25.0,29.0,47.0,112.0,21.0,52.0,60.0,14.0,76.0,54.0,32.0,22.0
26/09/2005,82,47.0,215.0,116.0,197.0,100.0,36.0,50.0,72.0,22.0,35.0,12.0,68.0,70.0,144.0,85.0,50.0,29.0,52.0,40.0,54.0,34.0,39.0,51.0,11.0,107.0,46.0,29.0,4.0
19/09/2005,155,40.0,82.0,215.0,116.0,36.0,80.0,35.0,109.0,4.0,62.0,9.0,157.0,47.0,61.0,50.0,70.0,22.0,39.0,54.0,144.0,68.0,66.0,21.0,5.0,100.0,41.0,52.0,14.0
12/09/2005,80,54.0,155.0,82.0,215.0,80.0,60.0,62.0,107.0,14.0,15.0,12.0,38.0,40.0,57.0,35.0,47.0,4.0,66.0,40.0,61.0,157.0,69.0,31.0,7.0,36.0,47.0,39.0,3.0
05/09/2005,13,40.0,80.0,155.0,82.0,60.0,38.0,15.0,22.0,3.0,23.0,18.0,25.0,54.0,21.0,62.0,40.0,14.0,69.0,10.0,57.0,38.0,18.0,21.0,1.0,80.0,1.0,66.0,21.0
29/08/2005,70,10.0,13.0,80.0,155.0,38.0,15.0,23.0,0.0,21.0,7.0,16.0,5.0,40.0,3.0,15.0,54.0,3.0,18.0,2.0,21.0,25.0,11.0,10.0,5.0,60.0,0.0,69.0,0.0
22/08/2005,391,2.0,70.0,13.0,80.0,15.0,42.0,7.0,76.0,0.0,34.0,0.0,40.0,10.0,44.0,23.0,40.0,21.0,11.0,89.0,3.0,5.0,118.0,67.0,17.0,38.0,88.0,18.0,48.0
15/08/2005,178,89.0,391.0,70.0,13.0,42.0,125.0,34.0,109.0,48.0,87.0,19.0,274.0,2.0,20.0,7.0,10.0,0.0,118.0,34.0,44.0,40.0,136.0,35.0,37.0,15.0,42.0,11.0,1.0
08/08/2005,124,34.0,178.0,391.0,70.0,125.0,85.0,87.0,133.0,1.0,14.0,56.0,48.0,89.0,30.0,34.0,2.0,48.0,136.0,19.0,20.0,274.0,109.0,23.0,50.0,42.0,22.0,118.0,3.0
01/08/2005,235,19.0,124.0,178.0,391.0,85.0,63.0,14.0,79.0,3.0,41.0,8.0,80.0,34.0,14.0,87.0,89.0,1.0,109.0,38.0,30.0,48.0,105.0,35.0,4.0,125.0,74.0,136.0,4.0
25/07/2005,88,38.0,235.0,124.0,178.0,63.0,85.0,41.0,158.0,4.0,33.0,37.0,85.0,19.0,72.0,14.0,34.0,3.0,105.0,13.0,14.0,80.0,86.0,17.0,27.0,85.0,20.0,109.0,6.0
18/07/2005,187,13.0,88.0,235.0,124.0,85.0,102.0,33.0,17.0,6.0,37.0,19.0,0.0,38.0,29.0,41.0,19.0,4.0,86.0,2.0,72.0,85.0,14.0,4.0,18.0,63.0,7.0,105.0,3.0
11/07/2005,140,2.0,187.0,88.0,235.0,102.0,133.0,37.0,63.0,3.0,21.0,3.0,177.0,13.0,35.0,33.0,38.0,6.0,14.0,2.0,29.0,0.0,132.0,27.0,26.0,85.0,60.0,86.0,5.0
04/07/2005,111,2.0,140.0,187.0,88.0,133.0,84.0,21.0,106.0,5.0,9.0,6.0,84.0,2.0,4.0,37.0,13.0,3.0,132.0,9.0,35.0,177.0,44.0,20.0,27.0,102.0,14.0,14.0,8.0
27/06/2005,72,9.0,111.0,140.0,187.0,84.0,61.0,9.0,7.0,8.0,28.0,3.0,25.0,2.0,31.0,21.0,2.0,5.0,44.0,6.0,4.0,84.0,46.0,19.0,2.0,133.0,15.0,132.0,1.0
20/06/2005,75,6.0,72.0,111.0,140.0,61.0,76.0,28.0,81.0,1.0,7.0,20.0,17.0,9.0,8.0,9.0,2.0,8.0,46.0,8.0,31.0,25.0,33.0,27.0,15.0,84.0,16.0,44.0,10.0
13/06/2005,44,8.0,75.0,72.0,111.0,76.0,107.0,7.0,14.0,10.0,5.0,31.0,25.0,6.0,17.0,28.0,9.0,1.0,33.0,4.0,8.0,17.0,7.0,4.0,19.0,61.0,11.0,46.0,6.0
06/06/2005,40,4.0,44.0,75.0,72.0,107.0,69.0,5.0,18.0,6.0,7.0,9.0,10.0,8.0,2.0,7.0,6.0,10.0,7.0,1.0,17.0,25.0,51.0,7.0,14.0,76.0,1.0,33.0,23.0
30/05/2005,37,1.0,40.0,44.0,75.0,69.0,23.0,7.0,22.0,23.0,6.0,14.0,12.0,4.0,93.0,5.0,8.0,6.0,51.0,4.0,2.0,10.0,27.0,0.0,7.0,107.0,3.0,7.0,2.0
23/05/2005,10,4.0,37.0,40.0,44.0,23.0,35.0,6.0,7.0,2.0,4.0,0.0,8.0,1.0,57.0,7.0,4.0,23.0,27.0,1.0,93.0,12.0,15.0,5.0,11.0,69.0,4.0,51.0,2.0
16/05/2005,6,1.0,10.0,37.0,40.0,35.0,15.0,4.0,3.0,2.0,5.0,11.0,2.0,4.0,25.0,6.0,1.0,2.0,15.0,3.0,57.0,8.0,7.0,2.0,5.0,23.0,3.0,27.0,0.0
09/05/2005,7,3.0,6.0,10.0,37.0,15.0,10.0,5.0,0.0,0.0,3.0,0.0,1.0,1.0,34.0,4.0,4.0,2.0,7.0,8.0,25.0,2.0,10.0,4.0,0.0,35.0,6.0,15.0,1.0
02/05/2005,5,8.0,7.0,6.0,10.0,10.0,9.0,3.0,1.0,1.0,5.0,0.0,1.0,3.0,0.0,5.0,1.0,0.0,10.0,4.0,34.0,1.0,1.0,3.0,0.0,15.0,1.0,7.0,1.0
25/04/2005,10,4.0,5.0,7.0,6.0,9.0,2.0,5.0,1.0,1.0,0.0,0.0,0.0,8.0,1.0,3.0,3.0,1.0,1.0,2.0,0.0,1.0,12.0,0.0,0.0,10.0,3.0,10.0,2.0
18/04/2005,11,2.0,10.0,5.0,7.0,2.0,1.0,0.0,3.0,2.0,1.0,8.0,0.0,4.0,0.0,5.0,8.0,1.0,12.0,5.0,1.0,0.0,2.0,2.0,0.0,9.0,3.0,1.0,0.0
11/04/2005,16,5.0,11.0,10.0,5.0,1.0,27.0,1.0,1.0,0.0,3.0,0.0,0.0,2.0,0.0,0.0,4.0,2.0,2.0,8.0,0.0,0.0,7.0,4.0,6.0,2.0,2.0,12.0,5.0
04/04/2005,20,8.0,16.0,11.0,10.0,27.0,8.0,3.0,2.0,5.0,5.0,1.0,1.0,5.0,7.0,1.0,2.0,0.0,7.0,7.0,0.0,0.0,6.0,4.0,3.0,1.0,3.0,2.0,1.0
28/03/2005,17,7.0,20.0,16.0,11.0,8.0,26.0,5.0,3.0,1.0,3.0,0.0,2.0,8.0,3.0,3.0,5.0,5.0,6.0,18.0,7.0,1.0,9.0,4.0,1.0,27.0,7.0,7.0,8.0
21/03/2005,21,18.0,17.0,20.0,16.0,26.0,43.0,3.0,3.0,8.0,1.0,2.0,0.0,7.0,1.0,5.0,8.0,1.0,9.0,27.0,3.0,2.0,26.0,10.0,11.0,8.0,18.0,6.0,5.0
14/03/2005,34,27.0,21.0,17.0,20.0,43.0,26.0,1.0,4.0,5.0,17.0,4.0,0.0,18.0,0.0,3.0,7.0,8.0,26.0,3.0,1.0,0.0,17.0,1.0,0.0,26.0,20.0,9.0,10.0
07/03/2005,28,3.0,34.0,21.0,17.0,26.0,39.0,17.0,9.0,10.0,3.0,0.0,3.0,27.0,1.0,1.0,18.0,5.0,17.0,40.0,0.0,0.0,16.0,12.0,4.0,43.0,22.0,26.0,33.0
28/02/2005,44,40.0,28.0,34.0,21.0,39.0,32.0,3.0,13.0,33.0,11.0,0.0,1.0,3.0,2.0,17.0,27.0,10.0,16.0,34.0,1.0,3.0,11.0,7.0,3.0,26.0,13.0,17.0,16.0
21/02/2005,33,34.0,44.0,28.0,34.0,32.0,46.0,11.0,16.0,16.0,11.0,21.0,7.0,40.0,0.0,3.0,3.0,33.0,11.0,30.0,2.0,1.0,11.0,4.0,1.0,39.0,18.0,16.0,28.0
14/02/2005,85,30.0,33.0,44.0,28.0,46.0,87.0,11.0,29.0,28.0,7.0,4.0,10.0,34.0,3.0,11.0,40.0,16.0,11.0,21.0,0.0,7.0,14.0,5.0,10.0,32.0,20.0,11.0,5.0
07/02/2005,16,21.0,85.0,33.0,44.0,87.0,33.0,7.0,14.0,5.0,13.0,4.0,26.0,30.0,3.0,11.0,34.0,28.0,14.0,24.0,3.0,10.0,14.0,15.0,8.0,46.0,28.0,11.0,28.0
31/01/2005,95,24.0,16.0,85.0,33.0,33.0,25.0,13.0,3.0,28.0,23.0,25.0,14.0,21.0,0.0,7.0,30.0,5.0,14.0,25.0,3.0,26.0,24.0,15.0,2.0,87.0,9.0,14.0,16.0
24/01/2005,43,25.0,95.0,16.0,85.0,25.0,122.0,23.0,39.0,16.0,15.0,9.0,41.0,24.0,0.0,13.0,21.0,28.0,24.0,110.0,0.0,14.0,56.0,12.0,7.0,33.0,16.0,14.0,4.0
17/01/2005,35,110.0,43.0,95.0,16.0,122.0,70.0,15.0,34.0,4.0,30.0,4.0,31.0,25.0,3.0,23.0,24.0,16.0,56.0,63.0,0.0,41.0,34.0,39.0,20.0,25.0,2.0,24.0,36.0
10/01/2005,30,63.0,35.0,43.0,95.0,70.0,72.0,30.0,0.0,36.0,7.0,23.0,15.0,110.0,0.0,15.0,25.0,4.0,34.0,17.0,3.0,31.0,30.0,7.0,36.0,122.0,7.0,56.0,5.0
03/01/2005,259,17.0,30.0,35.0,43.0,72.0,12.0,7.0,11.0,5.0,9.0,14.0,8.0,63.0,4.0,30.0,110.0,36.0,30.0,83.0,0.0,15.0,27.0,23.0,17.0,70.0,1.0,34.0,5.0
