Date,BUDAPEST,BUDAPEST.L2,BARANYA.L3,CSONGRAD.L3,CSONGRAD.L8,GYOR.L1,GYOR.L9,GYOR.L12,HAJDU.L8,HEVES.L5,HEVES.L7,JASZ.L1,KOMAROM.L10,KOMAROM.L11,NOGRAD.L2,NOGRAD.L5,NOGRAD.L9,SOMOGY.L5,SOMOGY.L10,SOMOGY.L11,TOLNA.L3,TOLNA.L4,TOLNA.L7,ZALA.L1,ZALA.L3,ZALA.L9,ZALA.L10,ZALA.L14,ZALA.L15
08/09/2014,114,129.0,83.0,54.0,65.0,111.0,175.0,131.0,194.0,21.0,34.0,124.0,56.0,97.0,26.0,10.0,21.0,55.0,104.0,59.0,8.0,40.0,31.0,22.0,38.0,54.0,70.0,44.0,26.0
01/09/2014,98,113.0,53.0,41.0,64.0,119.0,105.0,181.0,119.0,41.0,57.0,141.0,70.0,56.0,7.0,25.0,12.0,49.0,70.0,104.0,25.0,8.0,26.0,23.0,30.0,42.0,54.0,31.0,44.0
25/08/2014,140,114.0,74.0,66.0,81.0,131.0,154.0,118.0,117.0,42.0,21.0,97.0,46.0,70.0,26.0,6.0,6.0,41.0,116.0,70.0,13.0,25.0,23.0,32.0,22.0,54.0,42.0,60.0,31.0
18/08/2014,120,98.0,50.0,48.0,48.0,146.0,107.0,175.0,171.0,35.0,41.0,224.0,73.0,46.0,27.0,26.0,9.0,50.0,68.0,116.0,6.0,13.0,40.0,47.0,23.0,43.0,54.0,60.0,60.0
11/08/2014,173,140.0,66.0,40.0,48.0,123.0,148.0,105.0,76.0,70.0,42.0,97.0,91.0,73.0,22.0,7.0,10.0,55.0,62.0,68.0,2.0,6.0,8.0,21.0,32.0,36.0,43.0,70.0,60.0
04/08/2014,135,120.0,81.0,51.0,54.0,122.0,92.0,154.0,207.0,50.0,35.0,174.0,82.0,91.0,52.0,26.0,25.0,57.0,55.0,62.0,15.0,2.0,25.0,43.0,47.0,36.0,36.0,54.0,70.0
28/07/2014,143,173.0,46.0,25.0,41.0,123.0,128.0,107.0,123.0,51.0,70.0,99.0,72.0,82.0,44.0,27.0,6.0,42.0,49.0,55.0,28.0,15.0,13.0,34.0,21.0,38.0,36.0,42.0,54.0
21/07/2014,139,135.0,99.0,37.0,66.0,128.0,91.0,148.0,134.0,104.0,50.0,163.0,66.0,72.0,55.0,22.0,26.0,66.0,41.0,49.0,28.0,28.0,6.0,37.0,43.0,30.0,38.0,54.0,42.0
14/07/2014,155,143.0,62.0,27.0,48.0,79.0,111.0,92.0,157.0,96.0,51.0,99.0,51.0,66.0,39.0,52.0,7.0,42.0,50.0,41.0,33.0,28.0,2.0,47.0,34.0,22.0,30.0,43.0,54.0
07/07/2014,98,139.0,98.0,48.0,40.0,93.0,119.0,128.0,111.0,104.0,104.0,123.0,63.0,51.0,29.0,44.0,26.0,54.0,55.0,50.0,46.0,33.0,15.0,70.0,37.0,23.0,22.0,36.0,43.0
30/06/2014,87,155.0,30.0,30.0,51.0,62.0,131.0,91.0,65.0,103.0,96.0,82.0,59.0,63.0,30.0,55.0,27.0,42.0,57.0,55.0,23.0,46.0,28.0,18.0,47.0,32.0,23.0,36.0,36.0
23/06/2014,110,98.0,56.0,24.0,25.0,66.0,146.0,111.0,99.0,62.0,104.0,84.0,64.0,59.0,10.0,39.0,22.0,23.0,42.0,57.0,21.0,23.0,28.0,34.0,70.0,47.0,32.0,38.0,36.0
16/06/2014,70,87.0,40.0,13.0,37.0,41.0,123.0,119.0,252.0,83.0,103.0,58.0,124.0,64.0,10.0,29.0,52.0,13.0,66.0,42.0,22.0,21.0,33.0,14.0,18.0,21.0,47.0,30.0,38.0
09/06/2014,43,110.0,18.0,32.0,27.0,35.0,122.0,131.0,135.0,47.0,62.0,25.0,83.0,124.0,12.0,30.0,44.0,36.0,42.0,66.0,12.0,22.0,46.0,7.0,34.0,43.0,21.0,22.0,30.0
02/06/2014,37,70.0,15.0,20.0,48.0,16.0,123.0,146.0,95.0,42.0,83.0,26.0,105.0,83.0,7.0,10.0,55.0,12.0,54.0,42.0,8.0,12.0,23.0,9.0,14.0,34.0,43.0,23.0,22.0
26/05/2014,30,43.0,12.0,8.0,30.0,9.0,128.0,123.0,161.0,40.0,47.0,18.0,74.0,105.0,2.0,10.0,39.0,11.0,42.0,54.0,11.0,8.0,21.0,2.0,7.0,37.0,34.0,32.0,23.0
19/05/2014,21,37.0,12.0,6.0,24.0,1.0,79.0,122.0,150.0,18.0,42.0,9.0,146.0,74.0,2.0,12.0,29.0,11.0,23.0,42.0,8.0,11.0,22.0,4.0,9.0,47.0,37.0,47.0,32.0
12/05/2014,22,30.0,4.0,6.0,13.0,12.0,93.0,123.0,40.0,25.0,40.0,2.0,82.0,146.0,5.0,7.0,30.0,6.0,13.0,23.0,4.0,8.0,12.0,1.0,2.0,70.0,47.0,21.0,47.0
05/05/2014,15,21.0,4.0,6.0,32.0,8.0,62.0,128.0,106.0,12.0,18.0,6.0,83.0,82.0,2.0,2.0,10.0,11.0,36.0,13.0,3.0,4.0,8.0,2.0,4.0,18.0,70.0,43.0,21.0
28/04/2014,11,22.0,1.0,3.0,20.0,7.0,66.0,79.0,49.0,5.0,25.0,5.0,81.0,83.0,0.0,2.0,10.0,5.0,12.0,36.0,2.0,3.0,11.0,2.0,1.0,34.0,18.0,34.0,43.0
21/04/2014,7,15.0,0.0,0.0,8.0,6.0,41.0,93.0,28.0,5.0,12.0,4.0,72.0,81.0,0.0,5.0,12.0,5.0,11.0,12.0,2.0,2.0,8.0,0.0,2.0,14.0,34.0,37.0,34.0
14/04/2014,12,11.0,1.0,3.0,6.0,2.0,35.0,62.0,18.0,5.0,5.0,7.0,43.0,72.0,3.0,2.0,7.0,2.0,11.0,11.0,1.0,2.0,4.0,0.0,2.0,7.0,14.0,47.0,37.0
07/04/2014,5,7.0,3.0,3.0,6.0,1.0,16.0,66.0,18.0,5.0,5.0,5.0,33.0,43.0,6.0,0.0,2.0,4.0,6.0,11.0,2.0,1.0,3.0,3.0,0.0,9.0,7.0,70.0,47.0
31/03/2014,17,12.0,1.0,1.0,6.0,2.0,9.0,41.0,5.0,2.0,5.0,9.0,20.0,33.0,4.0,0.0,2.0,2.0,11.0,6.0,2.0,2.0,2.0,16.0,0.0,2.0,9.0,18.0,70.0
24/03/2014,11,5.0,3.0,3.0,3.0,1.0,1.0,35.0,8.0,2.0,5.0,8.0,17.0,20.0,0.0,3.0,5.0,2.0,5.0,11.0,6.0,2.0,2.0,13.0,3.0,4.0,2.0,34.0,18.0
17/03/2014,27,17.0,2.0,1.0,0.0,5.0,12.0,16.0,3.0,5.0,2.0,12.0,4.0,17.0,4.0,6.0,2.0,3.0,5.0,5.0,5.0,6.0,1.0,17.0,16.0,1.0,4.0,14.0,34.0
10/03/2014,23,11.0,4.0,1.0,3.0,6.0,8.0,9.0,6.0,1.0,2.0,30.0,4.0,4.0,8.0,4.0,0.0,3.0,2.0,5.0,1.0,5.0,2.0,8.0,13.0,2.0,1.0,7.0,14.0
03/03/2014,30,27.0,3.0,0.0,3.0,8.0,7.0,1.0,1.0,3.0,5.0,20.0,3.0,4.0,15.0,0.0,0.0,6.0,4.0,2.0,3.0,1.0,2.0,16.0,17.0,2.0,2.0,9.0,7.0
24/02/2014,48,23.0,8.0,8.0,1.0,18.0,6.0,12.0,5.0,7.0,1.0,15.0,5.0,3.0,15.0,4.0,3.0,6.0,2.0,4.0,5.0,3.0,6.0,18.0,8.0,0.0,2.0,2.0,9.0
17/02/2014,37,30.0,9.0,18.0,3.0,20.0,2.0,8.0,5.0,7.0,3.0,23.0,1.0,5.0,13.0,8.0,6.0,5.0,2.0,2.0,10.0,5.0,5.0,40.0,16.0,0.0,0.0,4.0,2.0
10/02/2014,32,48.0,15.0,12.0,1.0,19.0,1.0,7.0,3.0,27.0,7.0,37.0,4.0,1.0,26.0,15.0,4.0,1.0,3.0,2.0,7.0,10.0,1.0,34.0,18.0,3.0,0.0,1.0,4.0
03/02/2014,49,37.0,12.0,19.0,1.0,27.0,2.0,6.0,21.0,11.0,7.0,25.0,4.0,4.0,10.0,15.0,0.0,17.0,3.0,3.0,25.0,7.0,3.0,44.0,40.0,16.0,3.0,2.0,1.0
27/01/2014,67,32.0,21.0,9.0,0.0,27.0,1.0,2.0,5.0,21.0,27.0,37.0,7.0,4.0,21.0,13.0,4.0,9.0,6.0,3.0,16.0,25.0,5.0,65.0,34.0,13.0,16.0,2.0,2.0
20/01/2014,106,49.0,9.0,24.0,8.0,34.0,5.0,1.0,32.0,23.0,11.0,45.0,21.0,7.0,39.0,26.0,8.0,17.0,6.0,6.0,22.0,16.0,10.0,38.0,44.0,17.0,13.0,0.0,2.0
13/01/2014,83,67.0,13.0,16.0,18.0,38.0,6.0,2.0,36.0,20.0,21.0,51.0,9.0,21.0,17.0,10.0,15.0,10.0,5.0,6.0,10.0,22.0,7.0,47.0,65.0,8.0,17.0,0.0,0.0
06/01/2014,114,106.0,28.0,28.0,12.0,25.0,8.0,1.0,20.0,21.0,23.0,49.0,22.0,9.0,28.0,21.0,15.0,5.0,1.0,5.0,32.0,10.0,25.0,40.0,38.0,16.0,8.0,3.0,0.0
30/12/2013,129,83.0,32.0,37.0,19.0,35.0,18.0,5.0,25.0,33.0,20.0,78.0,43.0,22.0,7.0,39.0,13.0,20.0,17.0,1.0,35.0,32.0,16.0,31.0,47.0,18.0,16.0,16.0,3.0
23/12/2013,189,114.0,24.0,9.0,9.0,47.0,20.0,6.0,14.0,15.0,21.0,45.0,48.0,43.0,44.0,17.0,26.0,38.0,9.0,17.0,77.0,35.0,22.0,107.0,40.0,40.0,18.0,13.0,16.0
16/12/2013,79,129.0,33.0,3.0,24.0,31.0,19.0,8.0,12.0,25.0,33.0,65.0,51.0,48.0,51.0,28.0,10.0,23.0,17.0,9.0,57.0,77.0,10.0,67.0,31.0,34.0,40.0,17.0,13.0
09/12/2013,163,189.0,42.0,48.0,16.0,28.0,27.0,18.0,27.0,35.0,15.0,30.0,52.0,51.0,48.0,7.0,21.0,51.0,10.0,17.0,71.0,57.0,32.0,43.0,107.0,44.0,34.0,8.0,17.0
02/12/2013,110,79.0,56.0,100.0,28.0,22.0,27.0,20.0,27.0,25.0,25.0,64.0,17.0,52.0,23.0,44.0,39.0,29.0,5.0,10.0,53.0,71.0,35.0,60.0,67.0,65.0,44.0,16.0,8.0
25/11/2013,158,163.0,8.0,26.0,37.0,35.0,34.0,19.0,11.0,32.0,35.0,30.0,49.0,17.0,53.0,51.0,17.0,79.0,20.0,5.0,37.0,53.0,77.0,45.0,43.0,38.0,65.0,18.0,16.0
18/11/2013,182,110.0,34.0,44.0,9.0,42.0,38.0,27.0,36.0,28.0,25.0,57.0,50.0,49.0,39.0,48.0,28.0,49.0,38.0,20.0,53.0,37.0,57.0,48.0,60.0,47.0,38.0,40.0,18.0
11/11/2013,136,158.0,35.0,48.0,3.0,59.0,25.0,27.0,55.0,13.0,32.0,47.0,31.0,50.0,33.0,23.0,7.0,61.0,23.0,38.0,51.0,53.0,71.0,85.0,45.0,40.0,47.0,34.0,40.0
04/11/2013,207,182.0,23.0,40.0,48.0,60.0,35.0,34.0,58.0,33.0,28.0,81.0,37.0,31.0,23.0,53.0,44.0,99.0,51.0,23.0,48.0,51.0,53.0,60.0,48.0,31.0,40.0,44.0,34.0
28/10/2013,251,136.0,25.0,121.0,100.0,82.0,47.0,38.0,51.0,19.0,13.0,74.0,20.0,37.0,24.0,39.0,51.0,97.0,29.0,51.0,93.0,48.0,37.0,76.0,85.0,107.0,31.0,65.0,44.0
21/10/2013,141,207.0,50.0,102.0,26.0,78.0,31.0,25.0,39.0,21.0,33.0,74.0,72.0,20.0,45.0,33.0,48.0,82.0,79.0,29.0,66.0,93.0,53.0,37.0,60.0,67.0,107.0,38.0,65.0
14/10/2013,193,251.0,51.0,85.0,44.0,33.0,28.0,35.0,64.0,10.0,19.0,102.0,55.0,72.0,39.0,23.0,23.0,145.0,49.0,79.0,55.0,66.0,51.0,58.0,76.0,43.0,67.0,47.0,38.0
07/10/2013,169,141.0,58.0,118.0,48.0,87.0,22.0,47.0,43.0,34.0,21.0,137.0,39.0,55.0,47.0,24.0,53.0,120.0,61.0,49.0,66.0,55.0,48.0,39.0,37.0,60.0,43.0,40.0,47.0
30/09/2013,141,193.0,62.0,85.0,40.0,49.0,35.0,31.0,81.0,19.0,10.0,82.0,46.0,39.0,52.0,45.0,39.0,120.0,99.0,61.0,47.0,66.0,93.0,81.0,58.0,45.0,60.0,31.0,40.0
23/09/2013,193,169.0,78.0,91.0,121.0,59.0,42.0,28.0,40.0,24.0,34.0,80.0,24.0,46.0,49.0,39.0,33.0,123.0,97.0,99.0,96.0,47.0,66.0,36.0,39.0,48.0,45.0,107.0,31.0
16/09/2013,359,141.0,48.0,131.0,102.0,52.0,59.0,22.0,69.0,30.0,19.0,104.0,38.0,24.0,53.0,47.0,23.0,101.0,82.0,97.0,85.0,96.0,55.0,42.0,81.0,85.0,48.0,67.0,107.0
09/09/2013,268,193.0,66.0,91.0,85.0,71.0,60.0,35.0,95.0,50.0,24.0,113.0,28.0,38.0,37.0,52.0,24.0,70.0,145.0,82.0,73.0,85.0,66.0,45.0,36.0,60.0,85.0,43.0,67.0
02/09/2013,168,359.0,30.0,152.0,118.0,76.0,82.0,42.0,44.0,12.0,30.0,104.0,23.0,28.0,40.0,49.0,45.0,47.0,120.0,145.0,86.0,73.0,47.0,22.0,42.0,76.0,60.0,60.0,43.0
26/08/2013,338,268.0,57.0,108.0,85.0,65.0,78.0,59.0,50.0,18.0,50.0,108.0,53.0,23.0,37.0,53.0,39.0,155.0,120.0,120.0,58.0,86.0,96.0,74.0,45.0,37.0,76.0,45.0,60.0
19/08/2013,186,168.0,139.0,165.0,91.0,68.0,33.0,60.0,48.0,28.0,12.0,89.0,29.0,53.0,32.0,37.0,47.0,43.0,123.0,120.0,82.0,58.0,85.0,62.0,22.0,58.0,37.0,48.0,45.0
12/08/2013,266,338.0,56.0,107.0,131.0,54.0,87.0,82.0,56.0,16.0,18.0,45.0,34.0,29.0,50.0,40.0,52.0,46.0,101.0,123.0,58.0,82.0,73.0,67.0,74.0,39.0,58.0,85.0,48.0
05/08/2013,240,186.0,68.0,82.0,91.0,69.0,49.0,78.0,35.0,23.0,28.0,120.0,34.0,34.0,22.0,37.0,49.0,81.0,70.0,101.0,85.0,58.0,86.0,30.0,62.0,81.0,39.0,60.0,85.0
29/07/2013,162,266.0,38.0,68.0,152.0,51.0,59.0,33.0,35.0,37.0,16.0,82.0,36.0,34.0,58.0,32.0,53.0,22.0,47.0,70.0,62.0,85.0,58.0,51.0,67.0,36.0,81.0,76.0,60.0
22/07/2013,264,240.0,72.0,149.0,108.0,85.0,52.0,87.0,18.0,25.0,23.0,34.0,61.0,36.0,31.0,50.0,37.0,42.0,155.0,47.0,92.0,62.0,82.0,37.0,30.0,42.0,36.0,37.0,76.0
15/07/2013,133,162.0,78.0,109.0,165.0,70.0,71.0,49.0,34.0,30.0,37.0,68.0,45.0,61.0,30.0,22.0,40.0,28.0,43.0,155.0,58.0,92.0,58.0,40.0,51.0,45.0,42.0,58.0,37.0
08/07/2013,201,264.0,60.0,118.0,107.0,66.0,76.0,59.0,25.0,22.0,25.0,64.0,59.0,45.0,57.0,58.0,37.0,22.0,46.0,43.0,51.0,58.0,85.0,31.0,37.0,22.0,45.0,39.0,58.0
01/07/2013,236,133.0,60.0,99.0,82.0,63.0,65.0,52.0,32.0,34.0,30.0,52.0,54.0,59.0,50.0,31.0,32.0,35.0,81.0,46.0,25.0,51.0,62.0,12.0,40.0,74.0,22.0,81.0,39.0
24/06/2013,111,201.0,51.0,51.0,68.0,118.0,68.0,71.0,37.0,28.0,22.0,23.0,44.0,54.0,27.0,30.0,50.0,14.0,22.0,81.0,118.0,25.0,92.0,26.0,31.0,62.0,74.0,36.0,81.0
17/06/2013,76,236.0,63.0,26.0,149.0,24.0,54.0,76.0,34.0,44.0,34.0,24.0,30.0,44.0,14.0,57.0,22.0,28.0,42.0,22.0,84.0,118.0,58.0,20.0,12.0,67.0,62.0,42.0,36.0
10/06/2013,52,111.0,70.0,27.0,109.0,29.0,69.0,65.0,25.0,26.0,28.0,2.0,70.0,30.0,5.0,50.0,58.0,19.0,28.0,42.0,26.0,84.0,51.0,9.0,26.0,30.0,67.0,45.0,42.0
03/06/2013,30,76.0,21.0,32.0,118.0,23.0,51.0,68.0,44.0,43.0,44.0,3.0,38.0,70.0,7.0,27.0,31.0,28.0,22.0,28.0,11.0,26.0,25.0,6.0,20.0,51.0,30.0,22.0,45.0
27/05/2013,30,52.0,54.0,3.0,99.0,12.0,85.0,54.0,61.0,19.0,26.0,8.0,87.0,38.0,4.0,14.0,30.0,19.0,35.0,22.0,23.0,11.0,118.0,1.0,9.0,37.0,51.0,74.0,22.0
20/05/2013,74,30.0,19.0,16.0,51.0,4.0,70.0,69.0,54.0,11.0,43.0,6.0,25.0,87.0,5.0,5.0,57.0,7.0,14.0,35.0,9.0,23.0,84.0,0.0,6.0,40.0,37.0,62.0,74.0
13/05/2013,45,30.0,5.0,11.0,26.0,2.0,66.0,51.0,30.0,6.0,19.0,1.0,88.0,25.0,3.0,7.0,50.0,9.0,28.0,14.0,5.0,9.0,26.0,0.0,1.0,31.0,40.0,67.0,62.0
06/05/2013,41,74.0,16.0,9.0,27.0,2.0,63.0,85.0,72.0,6.0,11.0,1.0,51.0,88.0,1.0,4.0,27.0,3.0,19.0,28.0,5.0,5.0,11.0,0.0,0.0,12.0,31.0,30.0,67.0
29/04/2013,20,45.0,1.0,1.0,32.0,2.0,118.0,70.0,17.0,2.0,6.0,0.0,46.0,51.0,0.0,5.0,14.0,4.0,28.0,19.0,0.0,5.0,23.0,2.0,0.0,26.0,12.0,51.0,30.0
22/04/2013,15,41.0,5.0,2.0,3.0,1.0,24.0,66.0,22.0,3.0,6.0,1.0,41.0,46.0,2.0,3.0,5.0,6.0,19.0,28.0,0.0,0.0,9.0,0.0,0.0,20.0,26.0,37.0,51.0
15/04/2013,11,20.0,1.0,6.0,16.0,1.0,29.0,63.0,4.0,4.0,2.0,2.0,15.0,41.0,2.0,1.0,7.0,1.0,7.0,19.0,0.0,0.0,5.0,2.0,2.0,9.0,20.0,40.0,37.0
08/04/2013,10,15.0,5.0,5.0,11.0,3.0,23.0,118.0,14.0,1.0,3.0,7.0,8.0,15.0,2.0,0.0,4.0,2.0,9.0,7.0,1.0,0.0,5.0,1.0,0.0,6.0,9.0,31.0,40.0
01/04/2013,9,11.0,3.0,0.0,9.0,7.0,12.0,24.0,13.0,4.0,4.0,10.0,1.0,8.0,2.0,2.0,5.0,2.0,3.0,9.0,0.0,1.0,0.0,3.0,2.0,1.0,6.0,12.0,31.0
25/03/2013,35,10.0,7.0,3.0,1.0,5.0,4.0,29.0,1.0,3.0,1.0,12.0,7.0,1.0,9.0,2.0,3.0,4.0,4.0,3.0,1.0,0.0,0.0,10.0,1.0,0.0,1.0,26.0,12.0
18/03/2013,20,9.0,3.0,1.0,2.0,9.0,2.0,23.0,2.0,4.0,4.0,15.0,12.0,7.0,12.0,2.0,1.0,1.0,6.0,4.0,3.0,1.0,0.0,10.0,3.0,0.0,0.0,20.0,26.0
11/03/2013,19,35.0,6.0,9.0,6.0,7.0,2.0,12.0,2.0,2.0,3.0,27.0,2.0,12.0,19.0,2.0,0.0,1.0,1.0,6.0,2.0,3.0,1.0,4.0,10.0,0.0,0.0,9.0,20.0
04/03/2013,51,20.0,1.0,4.0,5.0,8.0,2.0,4.0,1.0,9.0,4.0,17.0,4.0,2.0,4.0,9.0,2.0,6.0,2.0,1.0,5.0,2.0,0.0,12.0,10.0,2.0,0.0,6.0,9.0
25/02/2013,53,19.0,4.0,11.0,0.0,11.0,1.0,2.0,3.0,2.0,2.0,33.0,0.0,4.0,17.0,12.0,2.0,3.0,2.0,2.0,2.0,5.0,1.0,6.0,4.0,0.0,2.0,1.0,6.0
18/02/2013,77,51.0,3.0,19.0,3.0,9.0,1.0,2.0,3.0,11.0,9.0,53.0,4.0,0.0,7.0,19.0,2.0,6.0,4.0,2.0,0.0,2.0,3.0,18.0,12.0,2.0,0.0,0.0,1.0
11/02/2013,62,53.0,9.0,7.0,1.0,12.0,3.0,2.0,8.0,13.0,2.0,44.0,6.0,4.0,15.0,4.0,2.0,8.0,1.0,4.0,1.0,0.0,2.0,13.0,6.0,1.0,2.0,0.0,0.0
04/02/2013,93,77.0,16.0,20.0,9.0,13.0,7.0,1.0,7.0,7.0,11.0,41.0,4.0,6.0,18.0,17.0,9.0,4.0,1.0,1.0,1.0,1.0,5.0,16.0,18.0,3.0,1.0,0.0,0.0
28/01/2013,78,62.0,15.0,17.0,4.0,31.0,5.0,1.0,16.0,25.0,13.0,55.0,8.0,4.0,62.0,7.0,12.0,5.0,6.0,1.0,4.0,1.0,2.0,11.0,13.0,10.0,3.0,2.0,0.0
21/01/2013,82,93.0,24.0,18.0,11.0,31.0,9.0,3.0,16.0,28.0,7.0,59.0,3.0,8.0,41.0,15.0,19.0,7.0,3.0,6.0,8.0,4.0,0.0,32.0,16.0,10.0,10.0,0.0,2.0
14/01/2013,84,78.0,17.0,7.0,19.0,35.0,7.0,7.0,31.0,36.0,25.0,42.0,13.0,3.0,59.0,18.0,4.0,38.0,6.0,3.0,10.0,8.0,1.0,35.0,11.0,4.0,10.0,2.0,0.0
07/01/2013,58,82.0,24.0,39.0,7.0,41.0,8.0,5.0,46.0,56.0,28.0,59.0,4.0,13.0,8.0,62.0,17.0,15.0,8.0,6.0,7.0,10.0,1.0,32.0,32.0,12.0,4.0,1.0,2.0
31/12/2012,114,84.0,52.0,31.0,20.0,35.0,11.0,9.0,22.0,54.0,36.0,20.0,5.0,4.0,46.0,41.0,7.0,55.0,4.0,8.0,11.0,7.0,4.0,24.0,35.0,6.0,12.0,3.0,1.0
24/12/2012,145,58.0,53.0,11.0,17.0,65.0,9.0,7.0,42.0,50.0,56.0,65.0,9.0,5.0,1.0,59.0,15.0,49.0,5.0,4.0,18.0,11.0,8.0,42.0,32.0,18.0,6.0,10.0,3.0
17/12/2012,93,114.0,21.0,30.0,18.0,59.0,12.0,8.0,16.0,68.0,54.0,72.0,11.0,9.0,30.0,8.0,18.0,51.0,7.0,5.0,13.0,18.0,10.0,63.0,24.0,13.0,18.0,10.0,10.0
10/12/2012,129,145.0,39.0,28.0,7.0,56.0,13.0,11.0,57.0,105.0,50.0,36.0,4.0,11.0,106.0,46.0,62.0,87.0,38.0,7.0,17.0,13.0,7.0,36.0,42.0,16.0,13.0,4.0,10.0
03/12/2012,114,93.0,63.0,98.0,39.0,67.0,31.0,9.0,33.0,82.0,68.0,50.0,7.0,4.0,56.0,1.0,41.0,25.0,15.0,38.0,17.0,17.0,11.0,67.0,63.0,11.0,16.0,12.0,4.0
26/11/2012,86,129.0,38.0,21.0,31.0,66.0,31.0,12.0,44.0,138.0,105.0,45.0,14.0,7.0,64.0,30.0,59.0,82.0,55.0,15.0,12.0,17.0,18.0,54.0,36.0,32.0,11.0,6.0,12.0
19/11/2012,127,114.0,50.0,38.0,11.0,58.0,35.0,13.0,36.0,210.0,82.0,78.0,6.0,14.0,46.0,106.0,8.0,84.0,49.0,55.0,36.0,12.0,13.0,70.0,67.0,35.0,32.0,18.0,6.0
12/11/2012,106,86.0,55.0,48.0,30.0,74.0,41.0,31.0,32.0,103.0,138.0,126.0,22.0,6.0,36.0,56.0,46.0,37.0,51.0,49.0,14.0,36.0,17.0,35.0,54.0,32.0,35.0,13.0,18.0
05/11/2012,211,127.0,49.0,22.0,28.0,87.0,35.0,31.0,71.0,151.0,210.0,81.0,11.0,22.0,60.0,64.0,1.0,56.0,87.0,51.0,37.0,14.0,17.0,45.0,70.0,24.0,32.0,16.0,13.0
29/10/2012,229,106.0,58.0,26.0,98.0,71.0,65.0,35.0,65.0,110.0,103.0,93.0,4.0,11.0,96.0,46.0,30.0,66.0,25.0,87.0,29.0,37.0,12.0,29.0,35.0,42.0,24.0,11.0,16.0
22/10/2012,145,211.0,62.0,89.0,21.0,116.0,59.0,41.0,55.0,126.0,151.0,111.0,13.0,4.0,38.0,36.0,106.0,65.0,82.0,25.0,39.0,29.0,36.0,42.0,45.0,63.0,42.0,32.0,11.0
15/10/2012,210,229.0,79.0,40.0,38.0,63.0,56.0,35.0,40.0,116.0,110.0,56.0,42.0,13.0,112.0,60.0,56.0,60.0,84.0,82.0,23.0,39.0,14.0,24.0,29.0,36.0,63.0,35.0,32.0
08/10/2012,267,145.0,53.0,67.0,48.0,128.0,67.0,65.0,45.0,147.0,126.0,109.0,10.0,42.0,47.0,96.0,64.0,71.0,37.0,84.0,36.0,23.0,37.0,39.0,42.0,67.0,36.0,32.0,35.0
01/10/2012,166,210.0,65.0,25.0,22.0,107.0,66.0,59.0,63.0,150.0,116.0,80.0,24.0,10.0,108.0,38.0,46.0,63.0,56.0,37.0,28.0,36.0,29.0,64.0,24.0,54.0,67.0,24.0,32.0
24/09/2012,168,267.0,109.0,105.0,26.0,90.0,58.0,56.0,26.0,173.0,147.0,54.0,34.0,24.0,77.0,112.0,36.0,49.0,66.0,56.0,6.0,28.0,39.0,27.0,39.0,70.0,54.0,42.0,24.0
17/09/2012,350,166.0,90.0,89.0,89.0,92.0,74.0,67.0,85.0,74.0,150.0,58.0,34.0,34.0,30.0,47.0,60.0,22.0,65.0,66.0,38.0,6.0,23.0,42.0,64.0,35.0,70.0,63.0,42.0
10/09/2012,224,168.0,68.0,21.0,40.0,106.0,87.0,66.0,50.0,184.0,173.0,53.0,28.0,34.0,43.0,108.0,96.0,55.0,60.0,65.0,21.0,38.0,36.0,44.0,27.0,45.0,35.0,36.0,63.0
03/09/2012,136,350.0,89.0,77.0,67.0,94.0,71.0,58.0,39.0,111.0,74.0,27.0,29.0,28.0,71.0,77.0,38.0,54.0,71.0,60.0,12.0,21.0,28.0,51.0,42.0,29.0,45.0,67.0,36.0
27/08/2012,278,224.0,121.0,86.0,25.0,60.0,116.0,74.0,56.0,86.0,184.0,12.0,59.0,29.0,106.0,30.0,112.0,37.0,63.0,71.0,73.0,12.0,6.0,37.0,44.0,42.0,29.0,54.0,67.0
20/08/2012,161,136.0,41.0,29.0,105.0,110.0,63.0,87.0,66.0,111.0,111.0,83.0,48.0,59.0,76.0,43.0,47.0,31.0,49.0,63.0,59.0,73.0,38.0,45.0,51.0,24.0,42.0,70.0,54.0
13/08/2012,385,278.0,60.0,46.0,89.0,123.0,128.0,71.0,94.0,146.0,86.0,54.0,25.0,48.0,107.0,71.0,108.0,63.0,22.0,49.0,10.0,59.0,21.0,54.0,37.0,39.0,24.0,35.0,70.0
06/08/2012,230,161.0,137.0,70.0,21.0,108.0,107.0,116.0,83.0,85.0,111.0,65.0,35.0,25.0,88.0,106.0,77.0,19.0,55.0,22.0,79.0,10.0,12.0,49.0,45.0,64.0,39.0,45.0,35.0
30/07/2012,284,385.0,118.0,103.0,77.0,113.0,90.0,63.0,44.0,18.0,146.0,26.0,90.0,35.0,73.0,76.0,30.0,22.0,54.0,55.0,35.0,79.0,73.0,32.0,54.0,27.0,64.0,29.0,45.0
23/07/2012,210,230.0,141.0,90.0,86.0,56.0,92.0,128.0,80.0,142.0,85.0,45.0,70.0,90.0,68.0,107.0,43.0,30.0,37.0,54.0,73.0,35.0,59.0,32.0,49.0,42.0,27.0,42.0,29.0
16/07/2012,125,284.0,38.0,30.0,29.0,57.0,106.0,107.0,69.0,67.0,18.0,11.0,74.0,70.0,100.0,88.0,71.0,30.0,31.0,37.0,56.0,73.0,10.0,16.0,32.0,44.0,42.0,24.0,42.0
09/07/2012,104,210.0,116.0,58.0,46.0,61.0,94.0,90.0,15.0,101.0,142.0,9.0,32.0,74.0,59.0,73.0,106.0,47.0,63.0,31.0,51.0,56.0,79.0,11.0,32.0,51.0,44.0,39.0,24.0
02/07/2012,140,125.0,75.0,47.0,70.0,49.0,60.0,92.0,129.0,40.0,67.0,20.0,50.0,32.0,25.0,68.0,76.0,26.0,19.0,63.0,22.0,51.0,35.0,12.0,16.0,37.0,51.0,64.0,39.0
25/06/2012,99,104.0,73.0,61.0,103.0,24.0,110.0,106.0,76.0,92.0,101.0,6.0,18.0,50.0,21.0,100.0,107.0,29.0,22.0,19.0,20.0,22.0,73.0,9.0,11.0,45.0,37.0,27.0,64.0
18/06/2012,35,140.0,34.0,39.0,90.0,27.0,123.0,94.0,119.0,40.0,40.0,8.0,46.0,18.0,18.0,59.0,88.0,25.0,30.0,22.0,13.0,20.0,56.0,0.0,12.0,54.0,45.0,42.0,27.0
11/06/2012,14,99.0,25.0,21.0,30.0,7.0,108.0,60.0,113.0,25.0,92.0,7.0,75.0,46.0,11.0,25.0,73.0,29.0,30.0,30.0,11.0,13.0,51.0,0.0,9.0,49.0,54.0,44.0,42.0
04/06/2012,34,35.0,21.0,3.0,58.0,5.0,113.0,110.0,150.0,15.0,40.0,12.0,59.0,75.0,6.0,21.0,68.0,15.0,47.0,30.0,11.0,11.0,22.0,0.0,0.0,32.0,49.0,51.0,44.0
28/05/2012,7,14.0,8.0,5.0,47.0,4.0,56.0,123.0,120.0,15.0,25.0,8.0,55.0,59.0,8.0,18.0,100.0,14.0,26.0,47.0,10.0,11.0,20.0,2.0,0.0,32.0,32.0,37.0,51.0
21/05/2012,7,34.0,17.0,15.0,61.0,33.0,57.0,108.0,75.0,14.0,15.0,2.0,54.0,55.0,3.0,11.0,59.0,9.0,29.0,26.0,4.0,10.0,13.0,0.0,0.0,16.0,32.0,45.0,37.0
14/05/2012,4,7.0,9.0,14.0,39.0,7.0,61.0,113.0,73.0,2.0,15.0,3.0,56.0,54.0,1.0,6.0,25.0,8.0,25.0,29.0,5.0,4.0,11.0,0.0,2.0,11.0,16.0,54.0,45.0
07/05/2012,4,7.0,4.0,3.0,21.0,4.0,49.0,56.0,47.0,9.0,14.0,3.0,21.0,56.0,1.0,8.0,21.0,2.0,29.0,25.0,2.0,5.0,11.0,3.0,0.0,12.0,11.0,49.0,54.0
30/04/2012,10,4.0,1.0,2.0,3.0,6.0,24.0,57.0,33.0,2.0,2.0,4.0,26.0,21.0,0.0,3.0,18.0,2.0,15.0,29.0,0.0,2.0,10.0,0.0,0.0,9.0,12.0,32.0,49.0
23/04/2012,6,4.0,1.0,1.0,5.0,2.0,27.0,61.0,14.0,1.0,9.0,2.0,11.0,26.0,0.0,1.0,11.0,1.0,14.0,15.0,0.0,0.0,4.0,0.0,3.0,0.0,9.0,32.0,32.0
16/04/2012,6,10.0,1.0,1.0,15.0,3.0,7.0,49.0,9.0,6.0,2.0,0.0,10.0,11.0,0.0,1.0,6.0,2.0,9.0,14.0,4.0,0.0,5.0,1.0,0.0,0.0,0.0,16.0,32.0
09/04/2012,12,6.0,4.0,0.0,14.0,3.0,5.0,24.0,13.0,0.0,1.0,0.0,11.0,10.0,4.0,0.0,8.0,5.0,8.0,9.0,4.0,4.0,2.0,1.0,0.0,0.0,0.0,11.0,16.0
02/04/2012,20,6.0,1.0,0.0,3.0,5.0,4.0,27.0,2.0,0.0,6.0,1.0,18.0,11.0,3.0,0.0,3.0,1.0,2.0,8.0,0.0,4.0,0.0,0.0,1.0,2.0,0.0,12.0,11.0
26/03/2012,14,12.0,4.0,0.0,2.0,4.0,33.0,7.0,4.0,3.0,0.0,4.0,2.0,18.0,2.0,0.0,1.0,2.0,2.0,2.0,4.0,0.0,0.0,0.0,1.0,0.0,2.0,9.0,12.0
19/03/2012,33,20.0,11.0,6.0,1.0,13.0,7.0,5.0,4.0,3.0,0.0,3.0,2.0,2.0,0.0,4.0,1.0,0.0,1.0,2.0,7.0,4.0,4.0,6.0,0.0,0.0,0.0,0.0,9.0
12/03/2012,20,14.0,5.0,2.0,1.0,22.0,4.0,4.0,4.0,3.0,3.0,6.0,1.0,2.0,7.0,3.0,0.0,0.0,2.0,1.0,13.0,7.0,4.0,8.0,0.0,3.0,0.0,0.0,0.0
05/03/2012,25,33.0,13.0,6.0,0.0,12.0,6.0,33.0,1.0,1.0,3.0,5.0,0.0,1.0,12.0,2.0,0.0,3.0,5.0,2.0,8.0,13.0,0.0,4.0,6.0,0.0,3.0,0.0,0.0
27/02/2012,93,20.0,10.0,6.0,0.0,6.0,2.0,7.0,1.0,2.0,3.0,1.0,2.0,0.0,9.0,0.0,0.0,1.0,1.0,5.0,8.0,8.0,4.0,7.0,8.0,0.0,0.0,2.0,0.0
20/02/2012,72,25.0,14.0,7.0,0.0,30.0,3.0,4.0,3.0,1.0,1.0,2.0,3.0,2.0,19.0,7.0,4.0,2.0,2.0,1.0,13.0,8.0,7.0,21.0,4.0,1.0,0.0,0.0,2.0
13/02/2012,54,93.0,9.0,0.0,6.0,22.0,3.0,6.0,6.0,3.0,2.0,6.0,1.0,3.0,29.0,12.0,3.0,3.0,0.0,2.0,8.0,13.0,13.0,20.0,7.0,1.0,1.0,0.0,0.0
06/02/2012,175,72.0,20.0,9.0,2.0,32.0,5.0,2.0,11.0,1.0,1.0,6.0,2.0,1.0,27.0,9.0,2.0,7.0,0.0,0.0,19.0,8.0,8.0,10.0,21.0,0.0,1.0,3.0,0.0
30/01/2012,126,54.0,22.0,10.0,6.0,27.0,4.0,3.0,15.0,4.0,3.0,14.0,13.0,2.0,11.0,19.0,0.0,2.0,3.0,0.0,38.0,19.0,8.0,13.0,20.0,0.0,0.0,0.0,3.0
23/01/2012,60,175.0,21.0,1.0,6.0,35.0,13.0,3.0,33.0,1.0,1.0,14.0,2.0,13.0,32.0,29.0,7.0,15.0,1.0,3.0,14.0,38.0,13.0,18.0,10.0,6.0,0.0,0.0,0.0
16/01/2012,193,126.0,50.0,24.0,7.0,42.0,22.0,5.0,42.0,1.0,4.0,26.0,15.0,2.0,33.0,27.0,12.0,20.0,2.0,1.0,24.0,14.0,8.0,15.0,13.0,8.0,6.0,1.0,0.0
09/01/2012,68,60.0,34.0,10.0,0.0,86.0,12.0,4.0,37.0,7.0,1.0,19.0,16.0,15.0,25.0,11.0,9.0,7.0,3.0,2.0,14.0,24.0,19.0,11.0,18.0,4.0,8.0,1.0,1.0
02/01/2012,183,193.0,27.0,2.0,9.0,43.0,6.0,13.0,58.0,37.0,1.0,35.0,10.0,16.0,14.0,32.0,19.0,40.0,7.0,3.0,10.0,14.0,38.0,13.0,15.0,7.0,4.0,0.0,1.0
26/12/2011,156,68.0,36.0,4.0,10.0,32.0,30.0,22.0,63.0,23.0,7.0,35.0,2.0,10.0,0.0,33.0,29.0,28.0,2.0,7.0,8.0,10.0,14.0,12.0,11.0,21.0,7.0,0.0,0.0
19/12/2011,479,183.0,15.0,2.0,1.0,68.0,22.0,12.0,34.0,27.0,37.0,38.0,11.0,2.0,21.0,25.0,27.0,66.0,15.0,2.0,9.0,8.0,24.0,13.0,13.0,20.0,21.0,6.0,0.0
12/12/2011,143,156.0,41.0,7.0,24.0,137.0,32.0,6.0,67.0,12.0,23.0,38.0,4.0,11.0,39.0,14.0,11.0,44.0,20.0,15.0,10.0,9.0,14.0,21.0,12.0,10.0,20.0,8.0,6.0
05/12/2011,193,479.0,68.0,15.0,10.0,33.0,27.0,30.0,82.0,23.0,27.0,57.0,24.0,4.0,74.0,0.0,32.0,6.0,7.0,20.0,10.0,10.0,10.0,11.0,13.0,13.0,10.0,4.0,8.0
28/11/2011,105,143.0,76.0,31.0,2.0,43.0,35.0,22.0,155.0,11.0,12.0,26.0,15.0,24.0,34.0,21.0,33.0,50.0,40.0,7.0,27.0,10.0,8.0,13.0,21.0,18.0,13.0,7.0,4.0
21/11/2011,136,193.0,50.0,11.0,4.0,47.0,42.0,32.0,96.0,46.0,23.0,31.0,55.0,15.0,8.0,39.0,25.0,45.0,28.0,40.0,4.0,27.0,9.0,1.0,11.0,15.0,18.0,21.0,7.0
14/11/2011,91,105.0,20.0,15.0,2.0,41.0,86.0,27.0,106.0,73.0,11.0,30.0,22.0,55.0,25.0,74.0,14.0,113.0,66.0,28.0,6.0,4.0,10.0,5.0,13.0,11.0,15.0,20.0,21.0
07/11/2011,150,136.0,24.0,27.0,7.0,49.0,43.0,35.0,22.0,15.0,46.0,38.0,48.0,22.0,4.0,34.0,0.0,24.0,44.0,66.0,12.0,6.0,10.0,5.0,1.0,13.0,11.0,10.0,20.0
31/10/2011,82,91.0,33.0,20.0,15.0,35.0,32.0,42.0,22.0,16.0,73.0,50.0,15.0,48.0,21.0,8.0,21.0,26.0,6.0,44.0,11.0,12.0,27.0,22.0,5.0,12.0,13.0,13.0,10.0
24/10/2011,64,150.0,39.0,15.0,31.0,69.0,68.0,86.0,214.0,7.0,15.0,45.0,78.0,15.0,26.0,25.0,39.0,33.0,50.0,6.0,11.0,11.0,4.0,11.0,5.0,13.0,12.0,18.0,13.0
17/10/2011,100,82.0,46.0,26.0,11.0,53.0,137.0,43.0,80.0,35.0,16.0,56.0,70.0,78.0,49.0,4.0,74.0,24.0,45.0,50.0,10.0,11.0,6.0,18.0,22.0,21.0,13.0,15.0,18.0
10/10/2011,95,64.0,42.0,26.0,15.0,150.0,33.0,32.0,73.0,37.0,7.0,31.0,160.0,70.0,25.0,21.0,34.0,42.0,113.0,45.0,9.0,10.0,12.0,18.0,11.0,11.0,21.0,11.0,15.0
03/10/2011,136,100.0,50.0,18.0,27.0,87.0,43.0,68.0,38.0,37.0,35.0,51.0,28.0,160.0,69.0,26.0,8.0,40.0,24.0,113.0,15.0,9.0,11.0,10.0,18.0,13.0,11.0,13.0,11.0
26/09/2011,80,95.0,31.0,31.0,20.0,160.0,47.0,137.0,39.0,18.0,37.0,86.0,34.0,28.0,19.0,49.0,25.0,40.0,26.0,24.0,8.0,15.0,11.0,21.0,18.0,1.0,13.0,12.0,13.0
19/09/2011,122,136.0,78.0,15.0,15.0,102.0,41.0,33.0,114.0,20.0,37.0,39.0,47.0,34.0,55.0,25.0,4.0,24.0,33.0,26.0,10.0,8.0,10.0,4.0,10.0,5.0,1.0,13.0,12.0
12/09/2011,117,80.0,64.0,48.0,26.0,73.0,49.0,43.0,48.0,17.0,18.0,104.0,27.0,47.0,26.0,69.0,21.0,12.0,24.0,33.0,24.0,10.0,9.0,22.0,21.0,5.0,5.0,21.0,13.0
05/09/2011,84,122.0,78.0,8.0,26.0,106.0,35.0,47.0,71.0,27.0,20.0,80.0,27.0,27.0,37.0,19.0,26.0,42.0,42.0,24.0,12.0,24.0,15.0,14.0,4.0,22.0,5.0,11.0,21.0
29/08/2011,133,117.0,42.0,41.0,18.0,40.0,69.0,41.0,40.0,44.0,17.0,9.0,15.0,27.0,39.0,55.0,49.0,30.0,40.0,42.0,15.0,12.0,8.0,1.0,22.0,11.0,22.0,13.0,11.0
22/08/2011,62,84.0,60.0,90.0,31.0,97.0,53.0,49.0,85.0,51.0,27.0,114.0,26.0,15.0,4.0,26.0,25.0,32.0,40.0,40.0,52.0,15.0,10.0,11.0,14.0,18.0,11.0,1.0,13.0
15/08/2011,211,133.0,19.0,14.0,15.0,49.0,150.0,35.0,52.0,23.0,44.0,69.0,39.0,26.0,33.0,37.0,69.0,10.0,24.0,40.0,24.0,52.0,24.0,19.0,1.0,18.0,18.0,5.0,1.0
08/08/2011,143,62.0,93.0,41.0,48.0,98.0,87.0,69.0,93.0,55.0,51.0,58.0,47.0,39.0,17.0,39.0,19.0,57.0,12.0,24.0,28.0,24.0,12.0,14.0,11.0,10.0,18.0,5.0,5.0
01/08/2011,128,211.0,63.0,4.0,8.0,68.0,160.0,53.0,47.0,20.0,23.0,50.0,26.0,47.0,42.0,4.0,55.0,11.0,42.0,12.0,34.0,28.0,15.0,7.0,19.0,21.0,10.0,22.0,5.0
25/07/2011,105,143.0,103.0,109.0,41.0,74.0,102.0,150.0,75.0,97.0,55.0,83.0,60.0,26.0,11.0,33.0,26.0,39.0,30.0,42.0,34.0,34.0,52.0,12.0,14.0,4.0,21.0,11.0,22.0
18/07/2011,140,128.0,77.0,89.0,90.0,85.0,73.0,87.0,62.0,26.0,20.0,39.0,28.0,60.0,23.0,17.0,37.0,32.0,32.0,30.0,40.0,34.0,24.0,7.0,7.0,22.0,4.0,18.0,11.0
11/07/2011,51,105.0,145.0,53.0,14.0,40.0,106.0,160.0,49.0,110.0,97.0,46.0,31.0,28.0,15.0,42.0,39.0,97.0,10.0,32.0,37.0,40.0,28.0,2.0,12.0,14.0,22.0,18.0,18.0
04/07/2011,70,140.0,96.0,23.0,41.0,43.0,40.0,102.0,69.0,76.0,26.0,43.0,14.0,31.0,7.0,11.0,4.0,46.0,57.0,10.0,90.0,37.0,34.0,10.0,7.0,1.0,14.0,10.0,18.0
27/06/2011,46,51.0,69.0,43.0,4.0,28.0,97.0,73.0,59.0,49.0,110.0,19.0,82.0,14.0,8.0,23.0,33.0,19.0,11.0,57.0,25.0,90.0,34.0,5.0,2.0,11.0,1.0,21.0,10.0
20/06/2011,17,70.0,35.0,43.0,109.0,16.0,49.0,106.0,86.0,24.0,76.0,46.0,23.0,82.0,10.0,15.0,17.0,63.0,39.0,11.0,31.0,25.0,40.0,1.0,10.0,19.0,11.0,4.0,21.0
13/06/2011,21,46.0,68.0,32.0,89.0,23.0,98.0,40.0,130.0,21.0,49.0,17.0,31.0,23.0,13.0,7.0,42.0,21.0,32.0,39.0,7.0,31.0,37.0,13.0,5.0,14.0,19.0,22.0,4.0
06/06/2011,51,17.0,14.0,11.0,53.0,12.0,68.0,97.0,92.0,29.0,24.0,91.0,72.0,31.0,3.0,8.0,11.0,28.0,97.0,32.0,22.0,7.0,90.0,1.0,1.0,7.0,14.0,14.0,22.0
30/05/2011,22,21.0,8.0,16.0,23.0,17.0,74.0,49.0,112.0,5.0,21.0,10.0,60.0,72.0,11.0,10.0,23.0,14.0,46.0,97.0,29.0,22.0,25.0,3.0,13.0,12.0,7.0,1.0,14.0
23/05/2011,11,51.0,17.0,11.0,43.0,12.0,85.0,98.0,68.0,14.0,29.0,5.0,30.0,60.0,4.0,13.0,15.0,14.0,19.0,46.0,6.0,29.0,31.0,3.0,1.0,7.0,12.0,11.0,1.0
16/05/2011,3,22.0,4.0,9.0,43.0,8.0,40.0,68.0,53.0,8.0,5.0,4.0,65.0,30.0,3.0,3.0,7.0,9.0,63.0,19.0,13.0,6.0,7.0,1.0,3.0,2.0,7.0,19.0,11.0
09/05/2011,10,11.0,2.0,1.0,32.0,4.0,43.0,74.0,51.0,7.0,14.0,1.0,55.0,65.0,4.0,11.0,8.0,9.0,21.0,63.0,1.0,13.0,22.0,0.0,3.0,10.0,2.0,14.0,19.0
02/05/2011,4,3.0,1.0,1.0,11.0,5.0,28.0,85.0,53.0,7.0,8.0,1.0,58.0,55.0,0.0,4.0,10.0,6.0,28.0,21.0,7.0,1.0,29.0,3.0,1.0,5.0,10.0,7.0,14.0
25/04/2011,3,10.0,0.0,1.0,16.0,1.0,16.0,40.0,41.0,3.0,7.0,3.0,34.0,58.0,0.0,3.0,13.0,3.0,14.0,28.0,1.0,7.0,6.0,2.0,0.0,1.0,5.0,12.0,7.0
18/04/2011,9,4.0,2.0,1.0,11.0,0.0,23.0,43.0,4.0,2.0,7.0,1.0,23.0,34.0,0.0,4.0,3.0,8.0,14.0,14.0,2.0,1.0,13.0,5.0,3.0,13.0,1.0,7.0,12.0
11/04/2011,14,3.0,1.0,1.0,9.0,6.0,12.0,28.0,5.0,2.0,3.0,0.0,18.0,23.0,0.0,0.0,11.0,1.0,9.0,14.0,5.0,2.0,1.0,1.0,2.0,1.0,13.0,2.0,7.0
04/04/2011,12,9.0,0.0,0.0,1.0,0.0,17.0,16.0,4.0,1.0,2.0,4.0,18.0,18.0,1.0,0.0,4.0,0.0,9.0,9.0,0.0,5.0,7.0,9.0,5.0,3.0,1.0,10.0,2.0
28/03/2011,22,14.0,0.0,6.0,1.0,2.0,12.0,23.0,5.0,2.0,2.0,6.0,8.0,18.0,2.0,0.0,3.0,0.0,6.0,9.0,8.0,0.0,1.0,5.0,1.0,3.0,3.0,5.0,10.0
21/03/2011,43,12.0,1.0,3.0,1.0,9.0,8.0,12.0,1.0,0.0,1.0,9.0,10.0,8.0,4.0,0.0,4.0,3.0,3.0,6.0,5.0,8.0,2.0,0.0,9.0,1.0,3.0,1.0,5.0
14/03/2011,27,22.0,4.0,5.0,1.0,13.0,4.0,17.0,0.0,1.0,2.0,18.0,2.0,10.0,6.0,1.0,0.0,1.0,8.0,3.0,4.0,5.0,5.0,5.0,5.0,0.0,1.0,13.0,1.0
07/03/2011,67,43.0,2.0,25.0,1.0,17.0,5.0,12.0,2.0,1.0,0.0,16.0,4.0,2.0,9.0,2.0,0.0,3.0,1.0,8.0,3.0,4.0,0.0,25.0,0.0,3.0,0.0,1.0,13.0
28/02/2011,78,27.0,4.0,17.0,0.0,19.0,1.0,8.0,3.0,4.0,1.0,23.0,2.0,4.0,14.0,4.0,0.0,1.0,0.0,1.0,4.0,3.0,8.0,4.0,5.0,2.0,3.0,3.0,1.0
21/02/2011,61,67.0,3.0,17.0,6.0,33.0,0.0,4.0,1.0,9.0,1.0,35.0,2.0,2.0,15.0,6.0,0.0,3.0,0.0,0.0,5.0,4.0,5.0,30.0,25.0,5.0,2.0,3.0,3.0
14/02/2011,62,78.0,7.0,17.0,3.0,22.0,6.0,5.0,5.0,14.0,4.0,31.0,0.0,2.0,19.0,9.0,1.0,8.0,3.0,0.0,1.0,5.0,4.0,2.0,4.0,1.0,5.0,1.0,3.0
07/02/2011,40,61.0,9.0,16.0,5.0,35.0,0.0,1.0,1.0,9.0,9.0,24.0,3.0,0.0,17.0,14.0,2.0,7.0,1.0,3.0,18.0,1.0,3.0,22.0,30.0,9.0,1.0,0.0,1.0
31/01/2011,98,62.0,13.0,22.0,25.0,41.0,2.0,0.0,8.0,6.0,14.0,39.0,7.0,3.0,60.0,15.0,4.0,10.0,3.0,1.0,10.0,18.0,4.0,5.0,2.0,5.0,9.0,3.0,0.0
24/01/2011,110,40.0,8.0,32.0,17.0,55.0,9.0,6.0,9.0,9.0,9.0,18.0,6.0,7.0,44.0,19.0,6.0,10.0,1.0,3.0,25.0,10.0,5.0,4.0,22.0,0.0,5.0,2.0,3.0
17/01/2011,142,98.0,29.0,27.0,17.0,54.0,13.0,0.0,5.0,6.0,6.0,94.0,12.0,6.0,34.0,17.0,9.0,10.0,3.0,1.0,17.0,25.0,1.0,49.0,5.0,5.0,0.0,5.0,2.0
10/01/2011,53,110.0,17.0,19.0,17.0,78.0,17.0,2.0,13.0,3.0,9.0,65.0,14.0,12.0,52.0,60.0,14.0,12.0,8.0,3.0,16.0,17.0,18.0,17.0,4.0,25.0,5.0,1.0,5.0
03/01/2011,39,142.0,20.0,14.0,16.0,29.0,19.0,9.0,15.0,38.0,6.0,35.0,2.0,14.0,53.0,44.0,15.0,15.0,7.0,8.0,12.0,16.0,10.0,13.0,49.0,4.0,25.0,9.0,1.0
27/12/2010,304,53.0,42.0,49.0,22.0,67.0,33.0,13.0,24.0,13.0,3.0,55.0,1.0,2.0,3.0,34.0,19.0,15.0,10.0,7.0,16.0,12.0,25.0,10.0,17.0,30.0,4.0,5.0,9.0
20/12/2010,300,39.0,20.0,13.0,32.0,136.0,22.0,17.0,16.0,29.0,38.0,144.0,24.0,1.0,44.0,52.0,17.0,69.0,10.0,10.0,3.0,16.0,17.0,24.0,13.0,2.0,30.0,0.0,5.0
13/12/2010,115,304.0,18.0,0.0,27.0,68.0,35.0,19.0,14.0,27.0,13.0,97.0,12.0,24.0,86.0,53.0,60.0,40.0,10.0,10.0,16.0,3.0,16.0,10.0,10.0,22.0,2.0,5.0,0.0
06/12/2010,176,300.0,42.0,57.0,19.0,51.0,41.0,33.0,28.0,13.0,29.0,51.0,6.0,12.0,35.0,3.0,44.0,19.0,12.0,10.0,56.0,16.0,12.0,8.0,24.0,5.0,22.0,25.0,5.0
29/11/2010,176,115.0,23.0,79.0,14.0,56.0,55.0,22.0,26.0,13.0,27.0,65.0,11.0,6.0,58.0,44.0,34.0,12.0,15.0,12.0,14.0,56.0,16.0,23.0,10.0,4.0,5.0,4.0,25.0
22/11/2010,157,176.0,49.0,31.0,49.0,44.0,54.0,35.0,40.0,36.0,13.0,42.0,23.0,11.0,65.0,86.0,52.0,103.0,15.0,15.0,13.0,14.0,3.0,15.0,8.0,49.0,4.0,30.0,4.0
15/11/2010,188,176.0,62.0,46.0,13.0,73.0,78.0,41.0,14.0,36.0,13.0,91.0,12.0,23.0,49.0,35.0,53.0,77.0,69.0,15.0,13.0,13.0,16.0,13.0,23.0,17.0,49.0,2.0,30.0
08/11/2010,128,157.0,41.0,70.0,0.0,45.0,29.0,55.0,28.0,22.0,36.0,86.0,52.0,12.0,43.0,58.0,3.0,42.0,40.0,69.0,29.0,13.0,56.0,6.0,15.0,13.0,17.0,22.0,2.0
01/11/2010,165,188.0,57.0,67.0,57.0,79.0,67.0,54.0,81.0,48.0,36.0,89.0,9.0,52.0,45.0,65.0,44.0,54.0,19.0,40.0,44.0,29.0,14.0,55.0,13.0,10.0,13.0,5.0,22.0
25/10/2010,129,128.0,47.0,77.0,79.0,50.0,136.0,78.0,62.0,30.0,22.0,85.0,9.0,9.0,59.0,49.0,86.0,102.0,12.0,19.0,44.0,44.0,13.0,22.0,6.0,24.0,10.0,4.0,5.0
18/10/2010,197,165.0,94.0,42.0,31.0,68.0,68.0,29.0,21.0,51.0,48.0,104.0,63.0,9.0,58.0,43.0,35.0,57.0,103.0,12.0,66.0,44.0,13.0,17.0,55.0,10.0,24.0,49.0,4.0
11/10/2010,129,129.0,73.0,65.0,46.0,68.0,51.0,67.0,67.0,49.0,30.0,67.0,26.0,63.0,38.0,45.0,58.0,87.0,77.0,103.0,43.0,66.0,29.0,5.0,22.0,8.0,10.0,17.0,49.0
04/10/2010,217,197.0,59.0,45.0,70.0,85.0,56.0,136.0,83.0,79.0,51.0,72.0,50.0,26.0,87.0,59.0,65.0,60.0,42.0,77.0,70.0,43.0,44.0,5.0,17.0,23.0,8.0,13.0,17.0
27/09/2010,109,129.0,52.0,87.0,67.0,35.0,44.0,68.0,78.0,52.0,49.0,76.0,27.0,50.0,34.0,58.0,49.0,66.0,54.0,42.0,105.0,70.0,44.0,51.0,5.0,15.0,23.0,10.0,13.0
20/09/2010,212,217.0,22.0,148.0,77.0,124.0,73.0,51.0,97.0,51.0,79.0,107.0,19.0,27.0,64.0,38.0,43.0,26.0,102.0,54.0,21.0,105.0,66.0,14.0,5.0,13.0,15.0,24.0,10.0
13/09/2010,265,109.0,113.0,199.0,42.0,34.0,45.0,56.0,117.0,49.0,52.0,43.0,39.0,19.0,40.0,87.0,45.0,31.0,57.0,102.0,50.0,21.0,43.0,17.0,51.0,6.0,13.0,10.0,24.0
06/09/2010,149,212.0,45.0,102.0,65.0,129.0,79.0,44.0,119.0,49.0,51.0,92.0,46.0,39.0,23.0,34.0,59.0,40.0,87.0,57.0,39.0,50.0,70.0,25.0,14.0,55.0,6.0,8.0,10.0
30/08/2010,143,265.0,68.0,111.0,45.0,42.0,50.0,73.0,50.0,95.0,49.0,44.0,53.0,46.0,69.0,64.0,58.0,65.0,60.0,87.0,51.0,39.0,105.0,82.0,17.0,22.0,55.0,23.0,8.0
23/08/2010,165,149.0,25.0,173.0,87.0,90.0,68.0,45.0,92.0,19.0,49.0,51.0,58.0,53.0,52.0,40.0,38.0,38.0,66.0,60.0,40.0,51.0,21.0,9.0,25.0,17.0,22.0,15.0,23.0
16/08/2010,198,143.0,46.0,52.0,148.0,69.0,68.0,79.0,102.0,53.0,95.0,42.0,48.0,58.0,30.0,23.0,87.0,58.0,26.0,66.0,81.0,40.0,50.0,2.0,82.0,5.0,17.0,13.0,15.0
09/08/2010,197,165.0,70.0,108.0,199.0,48.0,85.0,50.0,88.0,119.0,19.0,109.0,24.0,48.0,20.0,69.0,34.0,47.0,31.0,26.0,35.0,81.0,39.0,43.0,9.0,5.0,5.0,6.0,13.0
02/08/2010,211,198.0,39.0,146.0,102.0,51.0,35.0,68.0,89.0,53.0,53.0,68.0,55.0,24.0,21.0,52.0,64.0,53.0,40.0,31.0,71.0,35.0,51.0,52.0,2.0,51.0,5.0,55.0,6.0
26/07/2010,177,197.0,47.0,38.0,111.0,53.0,124.0,68.0,71.0,54.0,119.0,48.0,75.0,55.0,17.0,30.0,40.0,59.0,65.0,40.0,21.0,71.0,40.0,5.0,43.0,14.0,51.0,22.0,55.0
19/07/2010,168,211.0,20.0,93.0,173.0,42.0,34.0,85.0,127.0,69.0,53.0,67.0,28.0,75.0,16.0,20.0,23.0,68.0,38.0,65.0,52.0,21.0,81.0,42.0,52.0,17.0,14.0,17.0,22.0
12/07/2010,110,177.0,45.0,48.0,52.0,57.0,129.0,35.0,40.0,32.0,54.0,48.0,32.0,28.0,25.0,21.0,69.0,34.0,58.0,38.0,56.0,52.0,35.0,13.0,5.0,25.0,17.0,5.0,17.0
05/07/2010,65,168.0,22.0,115.0,108.0,48.0,42.0,124.0,135.0,38.0,69.0,23.0,50.0,32.0,25.0,17.0,52.0,20.0,47.0,58.0,49.0,56.0,71.0,4.0,42.0,82.0,25.0,5.0,5.0
28/06/2010,104,110.0,55.0,42.0,146.0,52.0,90.0,34.0,118.0,7.0,32.0,42.0,31.0,50.0,50.0,16.0,30.0,42.0,53.0,47.0,21.0,49.0,21.0,51.0,13.0,9.0,82.0,51.0,5.0
21/06/2010,85,65.0,41.0,62.0,38.0,17.0,69.0,129.0,149.0,86.0,38.0,30.0,36.0,31.0,21.0,25.0,20.0,18.0,59.0,53.0,34.0,21.0,52.0,18.0,4.0,2.0,9.0,14.0,51.0
14/06/2010,54,104.0,17.0,36.0,93.0,11.0,48.0,42.0,162.0,53.0,7.0,23.0,55.0,36.0,12.0,25.0,21.0,21.0,68.0,59.0,12.0,34.0,56.0,1.0,51.0,43.0,2.0,17.0,14.0
07/06/2010,18,85.0,26.0,62.0,48.0,12.0,51.0,90.0,148.0,46.0,86.0,7.0,42.0,55.0,22.0,50.0,17.0,14.0,34.0,68.0,9.0,12.0,49.0,21.0,18.0,52.0,43.0,25.0,17.0
31/05/2010,16,54.0,6.0,54.0,115.0,7.0,53.0,69.0,262.0,53.0,53.0,6.0,65.0,42.0,7.0,21.0,16.0,17.0,20.0,34.0,15.0,9.0,21.0,4.0,1.0,5.0,52.0,82.0,25.0
24/05/2010,14,18.0,3.0,34.0,42.0,5.0,42.0,48.0,127.0,36.0,46.0,3.0,19.0,65.0,2.0,12.0,25.0,6.0,42.0,20.0,4.0,15.0,34.0,8.0,21.0,42.0,5.0,9.0,82.0
17/05/2010,7,16.0,24.0,4.0,62.0,0.0,57.0,51.0,146.0,13.0,53.0,3.0,59.0,19.0,1.0,22.0,25.0,11.0,18.0,42.0,14.0,4.0,12.0,1.0,4.0,13.0,42.0,2.0,9.0
10/05/2010,27,14.0,10.0,4.0,36.0,6.0,48.0,53.0,84.0,21.0,36.0,0.0,33.0,59.0,2.0,7.0,50.0,9.0,21.0,18.0,4.0,14.0,9.0,4.0,8.0,4.0,13.0,43.0,2.0
03/05/2010,16,7.0,2.0,3.0,62.0,1.0,52.0,42.0,117.0,8.0,13.0,1.0,38.0,33.0,1.0,2.0,21.0,2.0,14.0,21.0,4.0,4.0,15.0,2.0,1.0,51.0,4.0,52.0,43.0
26/04/2010,11,27.0,1.0,3.0,54.0,3.0,17.0,57.0,86.0,9.0,21.0,3.0,21.0,38.0,0.0,1.0,12.0,4.0,17.0,14.0,0.0,4.0,4.0,0.0,4.0,18.0,51.0,5.0,52.0
19/04/2010,2,16.0,1.0,1.0,34.0,0.0,11.0,48.0,17.0,3.0,8.0,6.0,22.0,21.0,2.0,2.0,22.0,3.0,6.0,17.0,0.0,0.0,14.0,1.0,2.0,1.0,18.0,42.0,5.0
12/04/2010,4,11.0,1.0,6.0,4.0,4.0,12.0,52.0,12.0,4.0,9.0,1.0,13.0,22.0,3.0,1.0,7.0,1.0,11.0,6.0,0.0,0.0,4.0,1.0,0.0,21.0,1.0,13.0,42.0
05/04/2010,7,2.0,2.0,3.0,4.0,5.0,7.0,17.0,6.0,5.0,3.0,1.0,6.0,13.0,0.0,0.0,2.0,4.0,9.0,11.0,0.0,0.0,4.0,2.0,1.0,4.0,21.0,4.0,13.0
29/03/2010,15,4.0,0.0,1.0,3.0,6.0,5.0,11.0,32.0,1.0,4.0,4.0,6.0,6.0,9.0,2.0,1.0,0.0,2.0,9.0,1.0,0.0,0.0,0.0,1.0,8.0,4.0,51.0,4.0
22/03/2010,30,7.0,0.0,4.0,3.0,9.0,0.0,12.0,0.0,4.0,5.0,2.0,1.0,6.0,2.0,3.0,2.0,0.0,4.0,2.0,0.0,1.0,0.0,0.0,2.0,1.0,8.0,18.0,51.0
15/03/2010,31,15.0,2.0,15.0,1.0,6.0,6.0,7.0,0.0,1.0,1.0,6.0,9.0,1.0,1.0,0.0,1.0,2.0,3.0,4.0,3.0,0.0,0.0,3.0,0.0,4.0,1.0,1.0,18.0
08/03/2010,25,30.0,5.0,7.0,6.0,6.0,1.0,5.0,0.0,2.0,4.0,3.0,1.0,9.0,4.0,9.0,0.0,1.0,1.0,3.0,4.0,3.0,0.0,15.0,0.0,2.0,4.0,21.0,1.0
01/03/2010,50,31.0,6.0,33.0,3.0,14.0,3.0,0.0,0.0,0.0,1.0,15.0,0.0,1.0,2.0,2.0,2.0,5.0,4.0,1.0,9.0,4.0,1.0,3.0,3.0,0.0,2.0,4.0,21.0
22/02/2010,37,25.0,10.0,31.0,1.0,8.0,0.0,6.0,1.0,3.0,2.0,13.0,3.0,0.0,0.0,1.0,3.0,1.0,0.0,4.0,8.0,9.0,0.0,31.0,15.0,1.0,0.0,8.0,4.0
15/02/2010,59,50.0,4.0,11.0,4.0,10.0,4.0,1.0,3.0,0.0,0.0,16.0,0.0,3.0,1.0,4.0,0.0,6.0,0.0,0.0,10.0,8.0,3.0,13.0,3.0,1.0,1.0,1.0,8.0
08/02/2010,58,37.0,1.0,36.0,15.0,16.0,5.0,3.0,3.0,6.0,3.0,35.0,2.0,0.0,1.0,2.0,9.0,7.0,2.0,0.0,8.0,10.0,4.0,25.0,31.0,2.0,1.0,4.0,1.0
01/02/2010,42,59.0,3.0,10.0,7.0,28.0,6.0,0.0,6.0,12.0,0.0,33.0,2.0,2.0,1.0,0.0,2.0,2.0,1.0,2.0,15.0,8.0,9.0,18.0,13.0,0.0,2.0,2.0,4.0
25/01/2010,91,58.0,8.0,44.0,33.0,40.0,9.0,4.0,10.0,11.0,6.0,25.0,4.0,2.0,4.0,1.0,1.0,7.0,5.0,1.0,6.0,15.0,8.0,27.0,25.0,0.0,0.0,0.0,2.0
18/01/2010,86,42.0,9.0,21.0,31.0,33.0,6.0,5.0,8.0,16.0,12.0,36.0,3.0,4.0,12.0,1.0,4.0,5.0,1.0,5.0,19.0,6.0,10.0,55.0,18.0,3.0,0.0,1.0,0.0
11/01/2010,41,91.0,31.0,8.0,11.0,28.0,6.0,6.0,32.0,2.0,11.0,24.0,7.0,3.0,17.0,1.0,2.0,8.0,6.0,1.0,14.0,19.0,8.0,24.0,27.0,15.0,3.0,1.0,1.0
04/01/2010,47,86.0,38.0,21.0,36.0,6.0,14.0,9.0,40.0,43.0,16.0,32.0,5.0,7.0,9.0,4.0,0.0,22.0,7.0,6.0,24.0,14.0,15.0,8.0,55.0,3.0,15.0,2.0,1.0
28/12/2009,166,41.0,46.0,17.0,10.0,18.0,8.0,6.0,43.0,10.0,2.0,16.0,6.0,5.0,6.0,12.0,1.0,13.0,2.0,7.0,10.0,24.0,6.0,11.0,24.0,31.0,3.0,0.0,2.0
21/12/2009,113,47.0,50.0,4.0,44.0,31.0,10.0,6.0,21.0,26.0,43.0,69.0,21.0,6.0,4.0,17.0,1.0,20.0,7.0,2.0,21.0,10.0,19.0,26.0,8.0,13.0,31.0,0.0,0.0
14/12/2009,62,166.0,28.0,8.0,21.0,21.0,16.0,14.0,26.0,10.0,10.0,29.0,24.0,21.0,16.0,9.0,1.0,17.0,5.0,7.0,0.0,21.0,14.0,12.0,11.0,25.0,13.0,3.0,0.0
07/12/2009,82,113.0,37.0,53.0,8.0,21.0,28.0,8.0,48.0,8.0,26.0,27.0,6.0,24.0,14.0,6.0,4.0,8.0,8.0,5.0,42.0,0.0,24.0,8.0,26.0,18.0,25.0,15.0,3.0
30/11/2009,56,62.0,23.0,23.0,21.0,38.0,40.0,10.0,39.0,31.0,10.0,54.0,50.0,6.0,13.0,4.0,12.0,13.0,22.0,8.0,21.0,42.0,10.0,15.0,12.0,27.0,18.0,3.0,15.0
23/11/2009,46,82.0,56.0,29.0,17.0,43.0,33.0,16.0,64.0,30.0,8.0,54.0,11.0,50.0,23.0,16.0,17.0,23.0,13.0,22.0,8.0,21.0,21.0,2.0,8.0,55.0,27.0,31.0,3.0
16/11/2009,48,56.0,103.0,29.0,4.0,31.0,28.0,28.0,19.0,24.0,31.0,67.0,35.0,11.0,12.0,14.0,9.0,18.0,20.0,13.0,9.0,8.0,0.0,7.0,15.0,24.0,55.0,13.0,31.0
09/11/2009,124,46.0,50.0,4.0,8.0,46.0,6.0,40.0,38.0,18.0,30.0,112.0,27.0,35.0,38.0,13.0,6.0,9.0,17.0,20.0,15.0,9.0,42.0,5.0,2.0,8.0,24.0,25.0,13.0
02/11/2009,74,48.0,47.0,17.0,53.0,62.0,18.0,33.0,95.0,33.0,24.0,83.0,16.0,27.0,11.0,23.0,4.0,41.0,8.0,17.0,21.0,15.0,21.0,2.0,7.0,11.0,8.0,18.0,25.0
26/10/2009,116,124.0,127.0,24.0,23.0,38.0,31.0,28.0,44.0,40.0,18.0,59.0,22.0,16.0,20.0,12.0,16.0,59.0,13.0,8.0,38.0,21.0,8.0,7.0,5.0,26.0,11.0,27.0,18.0
19/10/2009,120,74.0,83.0,32.0,29.0,95.0,21.0,6.0,46.0,35.0,33.0,98.0,26.0,22.0,9.0,38.0,14.0,25.0,23.0,13.0,18.0,38.0,9.0,5.0,2.0,12.0,26.0,55.0,27.0
12/10/2009,101,116.0,101.0,12.0,29.0,64.0,21.0,18.0,77.0,47.0,40.0,68.0,30.0,26.0,13.0,11.0,13.0,39.0,18.0,23.0,29.0,18.0,15.0,4.0,7.0,8.0,12.0,24.0,55.0
05/10/2009,121,120.0,68.0,17.0,4.0,72.0,38.0,31.0,31.0,20.0,35.0,92.0,23.0,30.0,11.0,20.0,23.0,39.0,9.0,18.0,13.0,29.0,21.0,2.0,5.0,15.0,8.0,8.0,24.0
28/09/2009,160,101.0,135.0,52.0,17.0,93.0,43.0,21.0,46.0,41.0,47.0,58.0,33.0,23.0,29.0,9.0,12.0,18.0,41.0,9.0,14.0,13.0,38.0,16.0,4.0,2.0,15.0,11.0,8.0
21/09/2009,199,121.0,123.0,41.0,24.0,75.0,31.0,21.0,63.0,26.0,20.0,52.0,22.0,33.0,26.0,13.0,38.0,25.0,59.0,41.0,26.0,14.0,18.0,6.0,2.0,7.0,2.0,26.0,11.0
14/09/2009,147,160.0,112.0,55.0,32.0,78.0,46.0,38.0,76.0,28.0,41.0,53.0,22.0,22.0,11.0,11.0,11.0,1.0,25.0,59.0,59.0,26.0,29.0,25.0,16.0,5.0,7.0,12.0,26.0
07/09/2009,130,199.0,80.0,11.0,12.0,84.0,62.0,43.0,40.0,25.0,26.0,47.0,34.0,22.0,26.0,29.0,20.0,34.0,39.0,25.0,35.0,59.0,13.0,13.0,6.0,2.0,5.0,8.0,12.0
31/08/2009,175,147.0,140.0,61.0,17.0,70.0,38.0,31.0,109.0,24.0,28.0,43.0,61.0,34.0,16.0,26.0,9.0,36.0,39.0,39.0,73.0,35.0,14.0,15.0,25.0,7.0,2.0,15.0,8.0
24/08/2009,156,130.0,106.0,39.0,52.0,81.0,95.0,46.0,113.0,15.0,25.0,34.0,22.0,61.0,19.0,11.0,13.0,23.0,18.0,39.0,26.0,73.0,26.0,20.0,13.0,5.0,7.0,2.0,15.0
17/08/2009,185,175.0,116.0,19.0,41.0,59.0,64.0,62.0,86.0,17.0,24.0,28.0,83.0,22.0,37.0,26.0,11.0,23.0,25.0,18.0,55.0,26.0,59.0,14.0,15.0,4.0,5.0,7.0,2.0
10/08/2009,123,156.0,96.0,28.0,55.0,85.0,72.0,38.0,108.0,12.0,15.0,37.0,43.0,83.0,20.0,16.0,29.0,33.0,1.0,25.0,17.0,55.0,35.0,11.0,20.0,2.0,4.0,5.0,7.0
03/08/2009,151,185.0,115.0,58.0,11.0,59.0,93.0,95.0,54.0,5.0,17.0,87.0,85.0,43.0,20.0,19.0,26.0,37.0,34.0,1.0,47.0,17.0,73.0,30.0,14.0,16.0,2.0,2.0,5.0
27/07/2009,150,123.0,102.0,17.0,61.0,97.0,75.0,64.0,94.0,42.0,12.0,78.0,55.0,85.0,26.0,37.0,11.0,33.0,36.0,34.0,15.0,47.0,26.0,31.0,11.0,6.0,16.0,7.0,2.0
20/07/2009,169,151.0,17.0,2.0,39.0,70.0,78.0,72.0,81.0,11.0,5.0,120.0,52.0,55.0,41.0,20.0,26.0,23.0,23.0,36.0,42.0,15.0,55.0,13.0,30.0,25.0,6.0,5.0,7.0
13/07/2009,154,150.0,84.0,49.0,19.0,104.0,84.0,93.0,74.0,42.0,42.0,84.0,39.0,52.0,17.0,20.0,16.0,27.0,23.0,23.0,46.0,42.0,17.0,26.0,31.0,13.0,25.0,4.0,5.0
06/07/2009,68,169.0,74.0,36.0,28.0,42.0,70.0,75.0,71.0,18.0,11.0,103.0,81.0,39.0,21.0,26.0,19.0,18.0,33.0,23.0,39.0,46.0,47.0,50.0,13.0,15.0,13.0,2.0,4.0
29/06/2009,93,154.0,66.0,33.0,58.0,35.0,81.0,78.0,93.0,35.0,42.0,44.0,49.0,81.0,8.0,41.0,37.0,36.0,37.0,33.0,61.0,39.0,15.0,11.0,26.0,20.0,15.0,16.0,2.0
22/06/2009,74,68.0,42.0,32.0,17.0,54.0,59.0,84.0,68.0,28.0,18.0,71.0,52.0,49.0,15.0,17.0,20.0,55.0,33.0,37.0,39.0,61.0,42.0,24.0,50.0,14.0,20.0,6.0,16.0
15/06/2009,56,93.0,25.0,29.0,2.0,48.0,85.0,70.0,46.0,24.0,35.0,19.0,43.0,52.0,8.0,21.0,20.0,35.0,23.0,33.0,19.0,39.0,46.0,6.0,11.0,11.0,14.0,25.0,6.0
08/06/2009,35,74.0,44.0,13.0,49.0,24.0,59.0,81.0,68.0,50.0,28.0,16.0,95.0,43.0,3.0,8.0,26.0,48.0,27.0,23.0,23.0,19.0,39.0,9.0,24.0,30.0,11.0,13.0,25.0
01/06/2009,24,56.0,34.0,11.0,36.0,21.0,97.0,59.0,49.0,7.0,24.0,10.0,37.0,95.0,4.0,15.0,41.0,26.0,18.0,27.0,4.0,23.0,61.0,5.0,6.0,31.0,30.0,15.0,13.0
25/05/2009,11,35.0,16.0,3.0,33.0,10.0,70.0,85.0,21.0,20.0,50.0,7.0,52.0,37.0,2.0,8.0,17.0,37.0,36.0,18.0,17.0,4.0,39.0,6.0,9.0,13.0,31.0,20.0,15.0
18/05/2009,35,24.0,19.0,16.0,32.0,5.0,104.0,59.0,61.0,12.0,7.0,8.0,52.0,52.0,3.0,3.0,21.0,31.0,55.0,36.0,7.0,17.0,19.0,3.0,5.0,26.0,13.0,14.0,20.0
11/05/2009,11,11.0,3.0,6.0,29.0,1.0,42.0,97.0,23.0,1.0,20.0,5.0,80.0,52.0,7.0,4.0,8.0,12.0,35.0,55.0,7.0,7.0,23.0,4.0,6.0,50.0,26.0,11.0,14.0
04/05/2009,22,35.0,2.0,4.0,13.0,0.0,35.0,70.0,21.0,4.0,12.0,8.0,54.0,80.0,1.0,2.0,15.0,19.0,48.0,35.0,0.0,7.0,4.0,6.0,3.0,11.0,50.0,30.0,11.0
27/04/2009,8,11.0,7.0,15.0,11.0,1.0,54.0,104.0,7.0,0.0,1.0,3.0,20.0,54.0,1.0,3.0,8.0,2.0,26.0,48.0,0.0,0.0,17.0,3.0,4.0,24.0,11.0,31.0,30.0
20/04/2009,5,22.0,1.0,0.0,3.0,0.0,48.0,42.0,12.0,0.0,4.0,2.0,20.0,20.0,2.0,7.0,3.0,12.0,37.0,26.0,2.0,0.0,7.0,4.0,6.0,6.0,24.0,13.0,31.0
13/04/2009,23,8.0,0.0,1.0,16.0,0.0,24.0,35.0,9.0,1.0,0.0,2.0,18.0,20.0,2.0,1.0,4.0,6.0,31.0,37.0,3.0,2.0,7.0,0.0,3.0,9.0,6.0,26.0,13.0
06/04/2009,27,5.0,1.0,0.0,6.0,2.0,21.0,54.0,4.0,2.0,0.0,6.0,2.0,18.0,2.0,1.0,2.0,1.0,12.0,31.0,4.0,3.0,0.0,18.0,4.0,5.0,9.0,50.0,26.0
30/03/2009,33,23.0,2.0,2.0,4.0,2.0,10.0,48.0,3.0,0.0,1.0,16.0,1.0,2.0,1.0,2.0,3.0,4.0,19.0,12.0,0.0,4.0,0.0,1.0,0.0,6.0,5.0,11.0,50.0
23/03/2009,74,27.0,0.0,1.0,15.0,1.0,5.0,24.0,3.0,0.0,2.0,6.0,3.0,1.0,0.0,2.0,7.0,4.0,2.0,19.0,2.0,0.0,2.0,24.0,18.0,3.0,6.0,24.0,11.0
16/03/2009,57,33.0,10.0,8.0,0.0,2.0,1.0,21.0,0.0,2.0,0.0,42.0,2.0,3.0,2.0,2.0,1.0,3.0,12.0,2.0,0.0,2.0,3.0,11.0,1.0,4.0,3.0,6.0,24.0
09/03/2009,95,74.0,5.0,4.0,1.0,4.0,0.0,10.0,1.0,1.0,0.0,53.0,2.0,2.0,3.0,1.0,1.0,5.0,6.0,12.0,8.0,0.0,4.0,35.0,24.0,6.0,4.0,9.0,6.0
02/03/2009,73,57.0,9.0,10.0,0.0,0.0,1.0,5.0,3.0,2.0,2.0,45.0,3.0,2.0,9.0,0.0,2.0,7.0,1.0,6.0,14.0,8.0,0.0,60.0,11.0,3.0,6.0,5.0,9.0
23/02/2009,171,95.0,23.0,5.0,2.0,3.0,0.0,1.0,3.0,8.0,1.0,43.0,0.0,3.0,1.0,2.0,2.0,14.0,4.0,1.0,0.0,14.0,2.0,29.0,35.0,4.0,3.0,6.0,5.0
16/02/2009,206,73.0,43.0,8.0,1.0,3.0,0.0,0.0,0.0,10.0,2.0,65.0,2.0,0.0,8.0,3.0,2.0,29.0,4.0,4.0,16.0,0.0,0.0,33.0,60.0,0.0,4.0,3.0,6.0
09/02/2009,144,171.0,16.0,8.0,8.0,5.0,2.0,1.0,2.0,3.0,8.0,65.0,0.0,2.0,22.0,9.0,1.0,24.0,3.0,4.0,3.0,16.0,8.0,75.0,29.0,18.0,0.0,4.0,3.0
02/02/2009,155,206.0,44.0,20.0,4.0,8.0,2.0,0.0,3.0,2.0,10.0,79.0,1.0,0.0,5.0,1.0,0.0,63.0,5.0,3.0,3.0,3.0,14.0,31.0,33.0,1.0,18.0,6.0,4.0
26/01/2009,191,144.0,28.0,3.0,10.0,4.0,1.0,0.0,1.0,20.0,3.0,55.0,3.0,1.0,13.0,8.0,2.0,20.0,7.0,5.0,55.0,3.0,0.0,22.0,75.0,24.0,1.0,3.0,6.0
19/01/2009,125,155.0,29.0,31.0,5.0,17.0,2.0,2.0,1.0,26.0,2.0,98.0,6.0,3.0,12.0,22.0,3.0,67.0,14.0,7.0,13.0,55.0,16.0,49.0,31.0,11.0,24.0,4.0,3.0
12/01/2009,157,191.0,18.0,37.0,8.0,26.0,4.0,2.0,3.0,12.0,20.0,97.0,4.0,6.0,16.0,5.0,9.0,33.0,29.0,14.0,39.0,13.0,3.0,35.0,22.0,35.0,11.0,0.0,4.0
05/01/2009,121,125.0,52.0,26.0,8.0,8.0,0.0,1.0,15.0,32.0,26.0,94.0,19.0,4.0,17.0,13.0,1.0,26.0,24.0,29.0,12.0,39.0,3.0,58.0,49.0,60.0,35.0,18.0,0.0
29/12/2008,59,157.0,45.0,44.0,20.0,20.0,3.0,2.0,36.0,10.0,12.0,105.0,11.0,19.0,11.0,12.0,8.0,38.0,63.0,24.0,17.0,12.0,55.0,71.0,35.0,29.0,60.0,1.0,18.0
22/12/2008,333,121.0,36.0,28.0,3.0,38.0,3.0,4.0,28.0,18.0,32.0,68.0,18.0,11.0,8.0,16.0,22.0,15.0,20.0,63.0,34.0,17.0,13.0,16.0,58.0,33.0,29.0,24.0,1.0
15/12/2008,145,59.0,41.0,13.0,31.0,52.0,5.0,0.0,10.0,13.0,10.0,90.0,23.0,18.0,29.0,17.0,5.0,12.0,67.0,20.0,9.0,34.0,39.0,86.0,71.0,75.0,33.0,11.0,24.0
08/12/2008,208,333.0,35.0,16.0,37.0,27.0,8.0,3.0,26.0,10.0,18.0,152.0,23.0,23.0,13.0,11.0,13.0,20.0,33.0,67.0,1.0,9.0,12.0,56.0,16.0,31.0,75.0,35.0,11.0
01/12/2008,174,145.0,38.0,72.0,26.0,86.0,4.0,3.0,20.0,10.0,13.0,107.0,8.0,23.0,19.0,8.0,12.0,11.0,26.0,33.0,32.0,1.0,17.0,41.0,86.0,22.0,31.0,60.0,35.0
24/11/2008,128,208.0,18.0,24.0,44.0,57.0,17.0,5.0,45.0,7.0,10.0,67.0,27.0,8.0,9.0,29.0,16.0,4.0,38.0,26.0,7.0,32.0,34.0,43.0,56.0,49.0,22.0,29.0,60.0
17/11/2008,190,174.0,51.0,65.0,28.0,76.0,26.0,8.0,15.0,22.0,10.0,101.0,30.0,27.0,11.0,13.0,17.0,27.0,15.0,38.0,38.0,7.0,9.0,21.0,41.0,35.0,49.0,33.0,29.0
10/11/2008,228,128.0,31.0,24.0,13.0,42.0,8.0,4.0,26.0,5.0,7.0,136.0,23.0,30.0,18.0,19.0,11.0,13.0,12.0,15.0,8.0,38.0,1.0,46.0,43.0,58.0,35.0,75.0,33.0
03/11/2008,149,190.0,28.0,42.0,16.0,67.0,20.0,17.0,25.0,6.0,22.0,82.0,19.0,23.0,5.0,9.0,8.0,22.0,20.0,12.0,41.0,8.0,32.0,35.0,21.0,71.0,58.0,31.0,75.0
27/10/2008,181,228.0,53.0,58.0,72.0,41.0,38.0,26.0,35.0,17.0,5.0,135.0,42.0,19.0,14.0,11.0,29.0,15.0,11.0,20.0,43.0,41.0,7.0,46.0,46.0,16.0,71.0,22.0,31.0
20/10/2008,131,149.0,46.0,72.0,24.0,63.0,52.0,8.0,25.0,8.0,6.0,161.0,18.0,42.0,4.0,18.0,13.0,28.0,4.0,11.0,43.0,43.0,38.0,35.0,35.0,86.0,16.0,49.0,22.0
13/10/2008,227,181.0,37.0,53.0,65.0,51.0,27.0,20.0,34.0,41.0,17.0,112.0,63.0,18.0,6.0,5.0,19.0,16.0,27.0,4.0,47.0,43.0,8.0,42.0,46.0,56.0,86.0,35.0,49.0
06/10/2008,158,131.0,43.0,10.0,24.0,48.0,86.0,38.0,28.0,22.0,8.0,106.0,55.0,63.0,6.0,14.0,9.0,24.0,13.0,27.0,39.0,47.0,41.0,43.0,35.0,41.0,56.0,58.0,35.0
29/09/2008,168,227.0,51.0,36.0,42.0,38.0,57.0,52.0,43.0,30.0,41.0,89.0,39.0,55.0,29.0,4.0,11.0,26.0,22.0,13.0,11.0,39.0,43.0,49.0,42.0,43.0,41.0,71.0,58.0
22/09/2008,181,158.0,58.0,22.0,58.0,60.0,76.0,27.0,46.0,38.0,22.0,87.0,24.0,39.0,2.0,6.0,18.0,41.0,15.0,22.0,53.0,11.0,43.0,41.0,43.0,21.0,43.0,16.0,71.0
15/09/2008,138,168.0,38.0,150.0,72.0,55.0,42.0,86.0,55.0,25.0,30.0,79.0,34.0,24.0,7.0,6.0,5.0,43.0,28.0,15.0,36.0,53.0,47.0,54.0,49.0,46.0,21.0,86.0,16.0
08/09/2008,129,181.0,37.0,133.0,53.0,60.0,67.0,57.0,24.0,82.0,38.0,58.0,41.0,34.0,10.0,29.0,14.0,82.0,16.0,28.0,14.0,36.0,39.0,22.0,41.0,35.0,46.0,56.0,86.0
01/09/2008,161,138.0,53.0,78.0,10.0,50.0,41.0,76.0,47.0,57.0,25.0,47.0,61.0,41.0,2.0,2.0,4.0,37.0,24.0,16.0,13.0,14.0,11.0,18.0,54.0,46.0,35.0,41.0,56.0
25/08/2008,121,129.0,41.0,14.0,36.0,51.0,63.0,42.0,59.0,63.0,82.0,79.0,28.0,61.0,3.0,7.0,6.0,45.0,26.0,24.0,33.0,13.0,53.0,65.0,22.0,35.0,46.0,43.0,41.0
18/08/2008,128,161.0,28.0,25.0,22.0,60.0,51.0,67.0,56.0,57.0,57.0,62.0,51.0,28.0,2.0,10.0,6.0,57.0,41.0,26.0,8.0,33.0,36.0,32.0,18.0,42.0,35.0,21.0,43.0
11/08/2008,150,121.0,49.0,54.0,150.0,52.0,48.0,41.0,58.0,30.0,63.0,57.0,55.0,51.0,9.0,2.0,29.0,41.0,43.0,41.0,15.0,8.0,14.0,40.0,65.0,43.0,42.0,46.0,21.0
04/08/2008,146,128.0,17.0,71.0,133.0,50.0,38.0,63.0,62.0,38.0,57.0,42.0,74.0,55.0,35.0,3.0,2.0,31.0,82.0,43.0,22.0,15.0,13.0,44.0,32.0,49.0,43.0,35.0,46.0
28/07/2008,115,150.0,55.0,95.0,78.0,34.0,60.0,51.0,83.0,47.0,30.0,41.0,28.0,74.0,3.0,2.0,7.0,46.0,37.0,82.0,7.0,22.0,33.0,45.0,40.0,41.0,49.0,46.0,35.0
21/07/2008,120,146.0,8.0,74.0,14.0,25.0,55.0,48.0,92.0,90.0,38.0,46.0,52.0,28.0,44.0,9.0,10.0,21.0,45.0,37.0,21.0,7.0,8.0,26.0,44.0,54.0,41.0,35.0,46.0
14/07/2008,140,115.0,62.0,39.0,25.0,19.0,60.0,38.0,49.0,60.0,47.0,43.0,39.0,52.0,27.0,35.0,2.0,31.0,57.0,45.0,44.0,21.0,15.0,19.0,45.0,22.0,54.0,42.0,35.0
07/07/2008,73,120.0,29.0,48.0,54.0,23.0,50.0,60.0,153.0,95.0,90.0,57.0,37.0,39.0,20.0,3.0,3.0,23.0,41.0,57.0,39.0,44.0,22.0,28.0,26.0,18.0,22.0,43.0,42.0
30/06/2008,91,140.0,38.0,52.0,71.0,21.0,51.0,55.0,119.0,120.0,60.0,12.0,20.0,37.0,4.0,44.0,2.0,44.0,31.0,41.0,34.0,39.0,7.0,37.0,19.0,65.0,18.0,49.0,43.0
23/06/2008,71,73.0,21.0,24.0,95.0,28.0,60.0,60.0,69.0,97.0,95.0,11.0,52.0,20.0,12.0,27.0,9.0,23.0,46.0,31.0,12.0,34.0,21.0,6.0,28.0,32.0,65.0,41.0,49.0
16/06/2008,61,91.0,23.0,95.0,74.0,23.0,52.0,50.0,138.0,82.0,120.0,8.0,18.0,52.0,3.0,20.0,35.0,16.0,21.0,46.0,5.0,12.0,44.0,15.0,37.0,40.0,32.0,54.0,41.0
09/06/2008,19,71.0,10.0,27.0,39.0,14.0,50.0,51.0,124.0,57.0,97.0,9.0,47.0,18.0,5.0,4.0,3.0,16.0,31.0,21.0,26.0,5.0,39.0,9.0,6.0,44.0,40.0,22.0,54.0
02/06/2008,16,61.0,3.0,17.0,48.0,4.0,34.0,60.0,108.0,37.0,82.0,14.0,64.0,47.0,4.0,12.0,44.0,18.0,23.0,31.0,0.0,26.0,34.0,15.0,15.0,45.0,44.0,18.0,22.0
26/05/2008,11,19.0,1.0,8.0,52.0,6.0,25.0,52.0,38.0,39.0,57.0,1.0,42.0,64.0,3.0,3.0,27.0,23.0,44.0,23.0,5.0,0.0,12.0,5.0,9.0,26.0,45.0,65.0,18.0
19/05/2008,17,16.0,11.0,1.0,24.0,4.0,19.0,50.0,92.0,21.0,37.0,2.0,38.0,42.0,2.0,5.0,20.0,7.0,23.0,44.0,0.0,5.0,5.0,2.0,15.0,19.0,26.0,32.0,65.0
12/05/2008,14,11.0,2.0,4.0,95.0,3.0,23.0,34.0,36.0,43.0,39.0,5.0,23.0,38.0,2.0,4.0,4.0,14.0,16.0,23.0,1.0,0.0,26.0,0.0,5.0,28.0,19.0,40.0,32.0
05/05/2008,13,17.0,0.0,28.0,27.0,3.0,21.0,25.0,21.0,24.0,21.0,3.0,33.0,23.0,5.0,3.0,12.0,10.0,16.0,16.0,1.0,1.0,0.0,1.0,2.0,37.0,28.0,44.0,40.0
28/04/2008,22,14.0,4.0,13.0,17.0,3.0,28.0,19.0,24.0,12.0,43.0,0.0,21.0,33.0,1.0,2.0,3.0,4.0,18.0,16.0,0.0,1.0,5.0,4.0,0.0,6.0,37.0,45.0,44.0
21/04/2008,42,13.0,1.0,23.0,8.0,4.0,23.0,23.0,20.0,21.0,24.0,1.0,14.0,21.0,0.0,2.0,5.0,2.0,23.0,18.0,1.0,0.0,0.0,1.0,1.0,15.0,6.0,26.0,45.0
14/04/2008,4,22.0,0.0,2.0,1.0,1.0,14.0,21.0,6.0,8.0,12.0,2.0,14.0,14.0,9.0,5.0,4.0,4.0,7.0,23.0,0.0,1.0,1.0,0.0,4.0,9.0,15.0,19.0,26.0
07/04/2008,18,42.0,1.0,1.0,4.0,3.0,4.0,28.0,15.0,6.0,21.0,3.0,11.0,14.0,1.0,1.0,3.0,0.0,14.0,7.0,0.0,0.0,1.0,6.0,1.0,15.0,9.0,28.0,19.0
31/03/2008,6,4.0,0.0,2.0,28.0,1.0,6.0,23.0,19.0,6.0,8.0,1.0,6.0,11.0,10.0,0.0,2.0,1.0,10.0,14.0,4.0,0.0,0.0,4.0,0.0,5.0,15.0,37.0,28.0
24/03/2008,10,18.0,3.0,3.0,13.0,13.0,4.0,14.0,6.0,2.0,6.0,4.0,2.0,6.0,2.0,9.0,2.0,0.0,4.0,10.0,3.0,4.0,1.0,0.0,6.0,2.0,5.0,6.0,37.0
17/03/2008,60,6.0,5.0,4.0,23.0,12.0,3.0,4.0,12.0,4.0,6.0,2.0,2.0,2.0,16.0,1.0,5.0,2.0,2.0,4.0,0.0,3.0,0.0,0.0,4.0,0.0,2.0,15.0,6.0
10/03/2008,103,10.0,5.0,32.0,2.0,18.0,3.0,6.0,1.0,5.0,2.0,1.0,2.0,2.0,10.0,10.0,1.0,0.0,4.0,2.0,4.0,0.0,0.0,5.0,0.0,1.0,0.0,9.0,15.0
03/03/2008,31,60.0,7.0,2.0,1.0,22.0,3.0,4.0,12.0,8.0,4.0,1.0,3.0,2.0,3.0,2.0,0.0,2.0,0.0,4.0,2.0,4.0,4.0,4.0,0.0,4.0,1.0,15.0,9.0
25/02/2008,103,103.0,9.0,16.0,2.0,24.0,4.0,3.0,2.0,9.0,5.0,5.0,1.0,3.0,25.0,16.0,9.0,0.0,1.0,0.0,3.0,2.0,3.0,7.0,5.0,1.0,4.0,5.0,15.0
18/02/2008,44,31.0,2.0,71.0,3.0,22.0,1.0,3.0,0.0,6.0,8.0,1.0,2.0,1.0,3.0,10.0,1.0,1.0,0.0,1.0,2.0,3.0,0.0,4.0,4.0,0.0,1.0,2.0,5.0
11/02/2008,91,103.0,10.0,8.0,4.0,68.0,3.0,3.0,4.0,19.0,9.0,16.0,3.0,2.0,25.0,3.0,10.0,1.0,2.0,0.0,3.0,2.0,4.0,0.0,7.0,6.0,0.0,0.0,2.0
04/02/2008,83,44.0,2.0,71.0,32.0,36.0,1.0,4.0,8.0,7.0,6.0,0.0,3.0,3.0,32.0,25.0,2.0,9.0,0.0,2.0,2.0,3.0,2.0,6.0,4.0,4.0,6.0,1.0,0.0
28/01/2008,111,91.0,12.0,88.0,2.0,44.0,13.0,1.0,4.0,42.0,19.0,12.0,2.0,3.0,16.0,3.0,16.0,5.0,2.0,0.0,12.0,2.0,3.0,12.0,0.0,0.0,4.0,4.0,1.0
21/01/2008,91,83.0,16.0,50.0,16.0,31.0,12.0,3.0,5.0,7.0,7.0,21.0,14.0,2.0,24.0,25.0,10.0,9.0,0.0,2.0,5.0,12.0,2.0,33.0,6.0,0.0,0.0,1.0,4.0
14/01/2008,163,111.0,16.0,24.0,71.0,50.0,18.0,1.0,24.0,15.0,42.0,25.0,13.0,14.0,35.0,32.0,3.0,18.0,1.0,0.0,12.0,5.0,3.0,12.0,12.0,5.0,0.0,0.0,1.0
07/01/2008,28,91.0,30.0,5.0,8.0,27.0,22.0,13.0,12.0,37.0,7.0,28.0,19.0,13.0,58.0,16.0,25.0,17.0,1.0,1.0,2.0,12.0,2.0,69.0,33.0,4.0,5.0,6.0,0.0
31/12/2007,106,163.0,40.0,15.0,71.0,27.0,24.0,12.0,24.0,47.0,15.0,27.0,18.0,19.0,43.0,24.0,3.0,36.0,9.0,1.0,8.0,2.0,12.0,46.0,12.0,7.0,4.0,4.0,6.0
24/12/2007,291,28.0,42.0,7.0,88.0,73.0,22.0,18.0,35.0,33.0,37.0,39.0,19.0,18.0,62.0,35.0,25.0,31.0,5.0,9.0,4.0,8.0,5.0,29.0,69.0,4.0,7.0,0.0,4.0
17/12/2007,185,106.0,52.0,27.0,50.0,64.0,68.0,22.0,41.0,29.0,47.0,39.0,18.0,19.0,45.0,58.0,32.0,22.0,9.0,5.0,1.0,4.0,12.0,23.0,46.0,0.0,4.0,0.0,0.0
10/12/2007,197,291.0,36.0,20.0,24.0,124.0,36.0,24.0,22.0,58.0,33.0,19.0,22.0,18.0,38.0,43.0,16.0,85.0,18.0,9.0,4.0,1.0,2.0,3.0,29.0,6.0,0.0,5.0,0.0
03/12/2007,147,185.0,41.0,20.0,5.0,75.0,44.0,22.0,19.0,37.0,29.0,18.0,25.0,22.0,45.0,62.0,24.0,16.0,17.0,18.0,3.0,4.0,8.0,36.0,23.0,12.0,6.0,4.0,5.0
26/11/2007,192,197.0,91.0,2.0,15.0,38.0,31.0,68.0,17.0,87.0,58.0,26.0,27.0,25.0,88.0,45.0,35.0,85.0,36.0,17.0,2.0,3.0,4.0,12.0,3.0,33.0,12.0,7.0,4.0
19/11/2007,190,147.0,48.0,157.0,7.0,69.0,50.0,36.0,32.0,66.0,37.0,13.0,12.0,27.0,30.0,38.0,58.0,41.0,31.0,36.0,2.0,2.0,1.0,216.0,36.0,12.0,33.0,4.0,7.0
12/11/2007,147,192.0,18.0,53.0,27.0,53.0,27.0,44.0,39.0,43.0,87.0,13.0,20.0,12.0,76.0,45.0,43.0,27.0,22.0,31.0,6.0,2.0,4.0,12.0,12.0,69.0,12.0,0.0,4.0
05/11/2007,131,190.0,29.0,37.0,20.0,68.0,27.0,31.0,41.0,41.0,66.0,29.0,12.0,20.0,30.0,88.0,62.0,40.0,85.0,22.0,8.0,6.0,3.0,22.0,216.0,46.0,69.0,6.0,0.0
29/10/2007,149,147.0,37.0,41.0,20.0,44.0,73.0,50.0,72.0,23.0,43.0,12.0,19.0,12.0,52.0,30.0,45.0,47.0,16.0,85.0,2.0,8.0,2.0,15.0,12.0,29.0,46.0,12.0,6.0
22/10/2007,99,131.0,20.0,29.0,2.0,68.0,64.0,27.0,20.0,43.0,41.0,13.0,34.0,19.0,65.0,76.0,38.0,30.0,85.0,16.0,1.0,2.0,2.0,24.0,22.0,23.0,29.0,33.0,12.0
15/10/2007,233,149.0,37.0,42.0,157.0,63.0,124.0,27.0,30.0,104.0,23.0,22.0,27.0,34.0,41.0,30.0,45.0,53.0,41.0,85.0,0.0,1.0,6.0,23.0,15.0,3.0,23.0,12.0,33.0
08/10/2007,146,99.0,43.0,17.0,53.0,69.0,75.0,73.0,32.0,66.0,43.0,10.0,31.0,27.0,15.0,52.0,88.0,36.0,27.0,41.0,6.0,0.0,8.0,28.0,24.0,36.0,3.0,69.0,12.0
01/10/2007,182,233.0,6.0,9.0,37.0,86.0,38.0,64.0,43.0,50.0,104.0,22.0,8.0,31.0,76.0,65.0,30.0,45.0,40.0,27.0,0.0,6.0,2.0,7.0,23.0,12.0,36.0,46.0,69.0
24/09/2007,68,146.0,38.0,74.0,41.0,46.0,69.0,124.0,25.0,27.0,66.0,13.0,24.0,8.0,22.0,41.0,76.0,24.0,47.0,40.0,2.0,0.0,1.0,8.0,28.0,216.0,12.0,29.0,46.0
17/09/2007,180,182.0,28.0,40.0,29.0,140.0,53.0,75.0,58.0,23.0,50.0,14.0,39.0,24.0,27.0,15.0,30.0,25.0,30.0,47.0,1.0,2.0,0.0,26.0,7.0,12.0,216.0,23.0,29.0
10/09/2007,142,68.0,21.0,81.0,42.0,76.0,68.0,38.0,46.0,87.0,27.0,27.0,18.0,39.0,22.0,76.0,52.0,84.0,53.0,30.0,15.0,1.0,6.0,21.0,8.0,22.0,12.0,3.0,23.0
03/09/2007,80,180.0,14.0,48.0,17.0,48.0,44.0,69.0,49.0,39.0,23.0,10.0,42.0,18.0,20.0,22.0,65.0,46.0,36.0,53.0,10.0,15.0,0.0,41.0,26.0,15.0,22.0,36.0,3.0
27/08/2007,194,142.0,27.0,39.0,9.0,68.0,68.0,53.0,19.0,55.0,87.0,14.0,35.0,42.0,21.0,27.0,41.0,56.0,45.0,36.0,13.0,10.0,2.0,2.0,21.0,24.0,15.0,12.0,36.0
20/08/2007,286,80.0,24.0,41.0,74.0,81.0,63.0,68.0,95.0,25.0,39.0,58.0,34.0,35.0,2.0,22.0,15.0,17.0,24.0,45.0,4.0,13.0,1.0,39.0,41.0,23.0,24.0,216.0,12.0
13/08/2007,129,194.0,2.0,3.0,40.0,79.0,69.0,44.0,60.0,76.0,55.0,15.0,24.0,34.0,37.0,20.0,76.0,38.0,25.0,24.0,2.0,4.0,15.0,12.0,2.0,28.0,23.0,12.0,216.0
06/08/2007,93,286.0,11.0,40.0,81.0,102.0,86.0,68.0,45.0,71.0,25.0,45.0,22.0,24.0,14.0,21.0,22.0,28.0,84.0,25.0,19.0,2.0,10.0,13.0,39.0,7.0,28.0,22.0,12.0
30/07/2007,199,129.0,16.0,34.0,48.0,82.0,46.0,63.0,50.0,17.0,76.0,14.0,59.0,22.0,22.0,2.0,27.0,21.0,46.0,84.0,2.0,19.0,13.0,10.0,12.0,8.0,7.0,15.0,22.0
23/07/2007,120,93.0,11.0,18.0,39.0,84.0,140.0,69.0,41.0,19.0,71.0,48.0,18.0,59.0,14.0,37.0,22.0,84.0,56.0,46.0,25.0,2.0,4.0,4.0,13.0,26.0,8.0,24.0,15.0
16/07/2007,151,199.0,2.0,9.0,41.0,65.0,76.0,86.0,41.0,32.0,17.0,40.0,16.0,18.0,20.0,14.0,20.0,53.0,17.0,56.0,10.0,25.0,2.0,20.0,10.0,21.0,26.0,23.0,24.0
09/07/2007,88,120.0,16.0,22.0,3.0,68.0,48.0,46.0,35.0,44.0,19.0,38.0,23.0,16.0,36.0,22.0,21.0,60.0,38.0,17.0,12.0,10.0,19.0,6.0,4.0,41.0,21.0,28.0,23.0
02/07/2007,87,151.0,7.0,17.0,40.0,64.0,68.0,140.0,65.0,12.0,32.0,10.0,12.0,23.0,8.0,14.0,2.0,56.0,28.0,38.0,6.0,12.0,2.0,10.0,20.0,2.0,41.0,7.0,28.0
25/06/2007,67,88.0,7.0,21.0,34.0,45.0,81.0,76.0,87.0,19.0,44.0,13.0,13.0,12.0,36.0,20.0,37.0,40.0,21.0,28.0,8.0,6.0,25.0,2.0,6.0,39.0,2.0,8.0,7.0
18/06/2007,52,87.0,11.0,7.0,18.0,34.0,79.0,48.0,53.0,52.0,12.0,14.0,28.0,13.0,9.0,36.0,14.0,40.0,84.0,21.0,13.0,8.0,10.0,8.0,10.0,12.0,39.0,26.0,8.0
11/06/2007,65,67.0,14.0,10.0,9.0,16.0,102.0,68.0,51.0,54.0,19.0,36.0,29.0,28.0,4.0,8.0,22.0,32.0,53.0,84.0,11.0,13.0,12.0,4.0,2.0,13.0,12.0,21.0,26.0
04/06/2007,6,52.0,7.0,6.0,22.0,6.0,82.0,81.0,105.0,22.0,52.0,1.0,33.0,29.0,13.0,36.0,14.0,32.0,60.0,53.0,1.0,11.0,6.0,1.0,8.0,10.0,13.0,41.0,21.0
28/05/2007,64,65.0,11.0,7.0,17.0,6.0,84.0,79.0,49.0,12.0,54.0,4.0,7.0,33.0,1.0,9.0,20.0,26.0,56.0,60.0,2.0,1.0,8.0,2.0,4.0,4.0,10.0,2.0,41.0
21/05/2007,18,6.0,2.0,3.0,21.0,2.0,65.0,102.0,52.0,9.0,22.0,5.0,45.0,7.0,3.0,4.0,36.0,11.0,40.0,56.0,0.0,2.0,13.0,1.0,1.0,20.0,4.0,39.0,2.0
14/05/2007,3,64.0,6.0,1.0,7.0,1.0,68.0,82.0,67.0,4.0,12.0,6.0,12.0,45.0,0.0,13.0,8.0,7.0,40.0,40.0,0.0,0.0,11.0,4.0,2.0,6.0,20.0,12.0,39.0
07/05/2007,0,18.0,2.0,0.0,10.0,5.0,64.0,84.0,37.0,7.0,9.0,3.0,25.0,12.0,2.0,1.0,36.0,7.0,32.0,40.0,1.0,0.0,1.0,0.0,1.0,10.0,6.0,13.0,12.0
30/04/2007,13,3.0,0.0,12.0,6.0,3.0,45.0,65.0,20.0,1.0,4.0,4.0,5.0,25.0,1.0,3.0,9.0,3.0,32.0,32.0,1.0,1.0,2.0,4.0,4.0,2.0,10.0,10.0,13.0
23/04/2007,9,0.0,0.0,0.0,7.0,2.0,34.0,68.0,8.0,2.0,7.0,3.0,19.0,5.0,0.0,0.0,4.0,1.0,26.0,32.0,0.0,1.0,0.0,0.0,0.0,8.0,2.0,4.0,10.0
16/04/2007,4,13.0,0.0,0.0,3.0,1.0,16.0,64.0,24.0,3.0,1.0,1.0,9.0,19.0,0.0,2.0,13.0,5.0,11.0,26.0,0.0,0.0,0.0,2.0,4.0,4.0,8.0,20.0,4.0
09/04/2007,8,9.0,4.0,0.0,1.0,6.0,6.0,45.0,11.0,0.0,2.0,2.0,3.0,9.0,2.0,1.0,1.0,0.0,7.0,11.0,1.0,0.0,1.0,0.0,0.0,1.0,4.0,6.0,20.0
02/04/2007,12,4.0,1.0,0.0,0.0,8.0,6.0,34.0,3.0,0.0,3.0,0.0,2.0,3.0,11.0,0.0,3.0,0.0,7.0,7.0,2.0,1.0,1.0,0.0,2.0,2.0,1.0,10.0,6.0
26/03/2007,13,8.0,3.0,1.0,12.0,4.0,2.0,16.0,0.0,1.0,0.0,3.0,1.0,2.0,1.0,0.0,0.0,7.0,3.0,7.0,3.0,2.0,0.0,1.0,0.0,1.0,2.0,2.0,10.0
19/03/2007,31,12.0,2.0,0.0,0.0,6.0,1.0,6.0,0.0,0.0,0.0,2.0,3.0,1.0,0.0,2.0,2.0,0.0,1.0,3.0,2.0,3.0,0.0,0.0,0.0,4.0,1.0,8.0,2.0
12/03/2007,35,13.0,12.0,0.0,0.0,21.0,5.0,6.0,1.0,8.0,1.0,10.0,1.0,3.0,0.0,11.0,1.0,1.0,5.0,1.0,1.0,2.0,1.0,1.0,1.0,0.0,4.0,4.0,8.0
05/03/2007,8,31.0,12.0,0.0,0.0,13.0,3.0,2.0,21.0,17.0,0.0,1.0,0.0,1.0,0.0,1.0,0.0,1.0,0.0,5.0,8.0,1.0,2.0,7.0,0.0,4.0,0.0,1.0,4.0
26/02/2007,73,35.0,11.0,16.0,0.0,13.0,2.0,1.0,0.0,1.0,8.0,1.0,0.0,0.0,37.0,0.0,0.0,2.0,0.0,0.0,2.0,8.0,3.0,1.0,1.0,0.0,4.0,2.0,1.0
19/02/2007,77,8.0,11.0,8.0,1.0,21.0,1.0,5.0,1.0,1.0,17.0,28.0,1.0,0.0,26.0,0.0,2.0,1.0,7.0,0.0,11.0,2.0,2.0,6.0,7.0,2.0,0.0,1.0,2.0
12/02/2007,21,73.0,3.0,0.0,0.0,30.0,6.0,3.0,1.0,8.0,1.0,43.0,2.0,1.0,68.0,0.0,11.0,0.0,0.0,7.0,4.0,11.0,1.0,2.0,1.0,0.0,2.0,4.0,1.0
05/02/2007,104,77.0,9.0,19.0,0.0,12.0,8.0,2.0,0.0,0.0,1.0,15.0,0.0,2.0,30.0,37.0,1.0,2.0,1.0,0.0,7.0,4.0,8.0,8.0,6.0,0.0,0.0,0.0,4.0
29/01/2007,105,21.0,12.0,31.0,0.0,39.0,4.0,1.0,10.0,4.0,8.0,46.0,3.0,0.0,26.0,26.0,0.0,2.0,1.0,1.0,20.0,7.0,2.0,40.0,2.0,1.0,0.0,4.0,0.0
22/01/2007,92,104.0,8.0,8.0,16.0,19.0,6.0,6.0,10.0,0.0,0.0,15.0,5.0,3.0,47.0,68.0,0.0,14.0,2.0,1.0,8.0,20.0,11.0,11.0,8.0,0.0,1.0,0.0,4.0
15/01/2007,192,105.0,14.0,1.0,8.0,55.0,21.0,8.0,11.0,20.0,4.0,47.0,1.0,5.0,21.0,30.0,0.0,9.0,1.0,2.0,19.0,8.0,4.0,16.0,40.0,1.0,0.0,2.0,0.0
08/01/2007,2,92.0,9.0,28.0,0.0,20.0,13.0,4.0,7.0,2.0,0.0,13.0,1.0,1.0,13.0,26.0,37.0,16.0,0.0,1.0,26.0,19.0,7.0,1.0,11.0,7.0,1.0,0.0,2.0
01/01/2007,67,192.0,18.0,47.0,19.0,22.0,13.0,6.0,7.0,24.0,20.0,20.0,12.0,1.0,13.0,47.0,26.0,15.0,2.0,0.0,12.0,26.0,20.0,18.0,16.0,1.0,7.0,0.0,0.0
25/12/2006,283,2.0,37.0,8.0,31.0,47.0,21.0,21.0,10.0,20.0,2.0,25.0,6.0,12.0,0.0,21.0,68.0,54.0,2.0,2.0,20.0,12.0,8.0,0.0,1.0,6.0,1.0,1.0,0.0
18/12/2006,135,67.0,11.0,24.0,8.0,93.0,30.0,13.0,8.0,2.0,24.0,35.0,18.0,6.0,22.0,13.0,30.0,14.0,14.0,2.0,27.0,20.0,19.0,5.0,18.0,2.0,6.0,0.0,1.0
11/12/2006,129,283.0,47.0,0.0,1.0,40.0,12.0,13.0,43.0,3.0,20.0,74.0,10.0,18.0,28.0,13.0,26.0,17.0,9.0,14.0,32.0,27.0,26.0,16.0,0.0,8.0,2.0,1.0,0.0
04/12/2006,203,135.0,34.0,57.0,28.0,56.0,39.0,21.0,31.0,0.0,2.0,60.0,14.0,10.0,58.0,0.0,47.0,43.0,16.0,9.0,48.0,32.0,12.0,19.0,5.0,40.0,8.0,7.0,1.0
27/11/2006,152,129.0,54.0,1.0,47.0,36.0,19.0,30.0,66.0,28.0,3.0,48.0,12.0,14.0,35.0,22.0,21.0,66.0,15.0,16.0,31.0,48.0,20.0,1.0,16.0,11.0,40.0,1.0,7.0
20/11/2006,107,203.0,22.0,47.0,8.0,40.0,55.0,12.0,58.0,17.0,0.0,18.0,9.0,12.0,33.0,28.0,13.0,89.0,54.0,15.0,54.0,31.0,27.0,73.0,19.0,16.0,11.0,6.0,1.0
13/11/2006,185,152.0,34.0,67.0,24.0,31.0,20.0,39.0,41.0,28.0,28.0,35.0,12.0,9.0,76.0,58.0,13.0,33.0,14.0,54.0,50.0,54.0,32.0,2.0,1.0,1.0,16.0,2.0,6.0
06/11/2006,110,107.0,194.0,55.0,0.0,42.0,22.0,19.0,120.0,9.0,17.0,38.0,1.0,12.0,20.0,35.0,0.0,48.0,17.0,14.0,40.0,50.0,48.0,37.0,73.0,18.0,1.0,8.0,2.0
30/10/2006,138,185.0,66.0,35.0,57.0,47.0,47.0,55.0,115.0,44.0,28.0,48.0,8.0,1.0,50.0,33.0,22.0,31.0,43.0,17.0,13.0,40.0,31.0,13.0,2.0,0.0,18.0,40.0,8.0
23/10/2006,100,110.0,29.0,12.0,1.0,31.0,93.0,20.0,113.0,25.0,9.0,51.0,0.0,8.0,38.0,76.0,28.0,53.0,66.0,43.0,54.0,13.0,54.0,23.0,37.0,5.0,0.0,11.0,40.0
16/10/2006,228,138.0,185.0,49.0,47.0,41.0,40.0,22.0,74.0,22.0,44.0,59.0,21.0,0.0,23.0,20.0,58.0,36.0,89.0,66.0,29.0,54.0,50.0,15.0,13.0,16.0,5.0,16.0,11.0
09/10/2006,130,100.0,51.0,9.0,67.0,55.0,56.0,47.0,107.0,32.0,25.0,59.0,14.0,21.0,32.0,50.0,35.0,35.0,33.0,89.0,90.0,29.0,40.0,17.0,23.0,19.0,16.0,1.0,16.0
02/10/2006,137,228.0,81.0,1.0,55.0,38.0,36.0,93.0,39.0,29.0,22.0,90.0,3.0,14.0,51.0,38.0,33.0,61.0,48.0,33.0,71.0,90.0,13.0,6.0,15.0,1.0,19.0,18.0,1.0
25/09/2006,235,130.0,68.0,27.0,35.0,49.0,40.0,40.0,113.0,36.0,32.0,61.0,11.0,3.0,23.0,23.0,76.0,32.0,31.0,48.0,38.0,71.0,54.0,11.0,17.0,73.0,1.0,0.0,18.0
18/09/2006,138,137.0,110.0,8.0,12.0,47.0,31.0,56.0,51.0,31.0,29.0,55.0,19.0,11.0,44.0,32.0,20.0,86.0,53.0,31.0,119.0,38.0,29.0,2.0,6.0,2.0,73.0,5.0,0.0
11/09/2006,166,235.0,38.0,57.0,49.0,42.0,42.0,36.0,89.0,28.0,36.0,78.0,9.0,19.0,28.0,51.0,50.0,29.0,36.0,53.0,60.0,119.0,90.0,17.0,11.0,37.0,2.0,16.0,5.0
04/09/2006,122,138.0,27.0,8.0,9.0,86.0,47.0,40.0,69.0,42.0,31.0,56.0,2.0,9.0,34.0,23.0,38.0,96.0,35.0,36.0,102.0,60.0,71.0,13.0,2.0,13.0,37.0,19.0,16.0
28/08/2006,149,166.0,27.0,10.0,1.0,54.0,31.0,31.0,62.0,19.0,28.0,32.0,19.0,2.0,61.0,44.0,23.0,106.0,61.0,35.0,131.0,102.0,38.0,1.0,17.0,23.0,13.0,1.0,19.0
21/08/2006,124,122.0,54.0,18.0,27.0,54.0,41.0,42.0,70.0,69.0,42.0,64.0,1.0,19.0,30.0,28.0,32.0,44.0,32.0,61.0,73.0,131.0,119.0,3.0,13.0,15.0,23.0,73.0,1.0
14/08/2006,187,149.0,54.0,1.0,8.0,45.0,55.0,47.0,180.0,38.0,19.0,20.0,0.0,1.0,54.0,34.0,51.0,34.0,86.0,32.0,55.0,73.0,60.0,18.0,1.0,17.0,15.0,2.0,73.0
07/08/2006,195,124.0,80.0,9.0,57.0,46.0,38.0,31.0,39.0,45.0,69.0,37.0,18.0,0.0,44.0,61.0,23.0,25.0,29.0,86.0,99.0,55.0,102.0,13.0,3.0,6.0,17.0,37.0,2.0
31/07/2006,130,187.0,115.0,70.0,8.0,48.0,49.0,41.0,114.0,37.0,38.0,30.0,46.0,18.0,49.0,30.0,44.0,58.0,96.0,29.0,88.0,99.0,131.0,9.0,18.0,11.0,6.0,13.0,37.0
24/07/2006,126,195.0,44.0,64.0,10.0,24.0,47.0,55.0,54.0,16.0,45.0,28.0,11.0,46.0,40.0,54.0,28.0,33.0,106.0,96.0,59.0,88.0,73.0,12.0,13.0,2.0,11.0,23.0,13.0
17/07/2006,154,130.0,67.0,10.0,18.0,21.0,42.0,38.0,34.0,9.0,37.0,24.0,35.0,11.0,27.0,44.0,34.0,50.0,44.0,106.0,31.0,59.0,55.0,5.0,9.0,17.0,2.0,15.0,23.0
10/07/2006,149,126.0,58.0,1.0,1.0,40.0,86.0,49.0,108.0,11.0,16.0,50.0,13.0,35.0,53.0,49.0,61.0,13.0,34.0,44.0,50.0,31.0,99.0,19.0,12.0,13.0,17.0,17.0,15.0
03/07/2006,106,154.0,47.0,12.0,9.0,27.0,54.0,47.0,79.0,8.0,9.0,10.0,34.0,13.0,35.0,40.0,30.0,93.0,25.0,34.0,27.0,50.0,88.0,17.0,5.0,1.0,13.0,6.0,17.0
26/06/2006,151,149.0,105.0,37.0,70.0,10.0,54.0,42.0,47.0,7.0,11.0,38.0,17.0,34.0,62.0,27.0,54.0,73.0,58.0,25.0,15.0,27.0,59.0,12.0,19.0,3.0,1.0,11.0,6.0
19/06/2006,100,106.0,106.0,78.0,64.0,30.0,45.0,86.0,48.0,10.0,8.0,11.0,48.0,17.0,32.0,53.0,44.0,35.0,33.0,58.0,46.0,15.0,31.0,18.0,17.0,18.0,3.0,2.0,11.0
12/06/2006,91,151.0,35.0,13.0,10.0,8.0,46.0,54.0,96.0,24.0,7.0,10.0,28.0,48.0,29.0,35.0,49.0,40.0,50.0,33.0,12.0,46.0,50.0,11.0,12.0,13.0,18.0,17.0,2.0
05/06/2006,46,100.0,30.0,19.0,1.0,30.0,48.0,54.0,57.0,15.0,10.0,12.0,19.0,28.0,25.0,62.0,40.0,52.0,13.0,50.0,8.0,12.0,27.0,5.0,18.0,9.0,13.0,13.0,17.0
29/05/2006,38,91.0,11.0,1.0,12.0,10.0,24.0,45.0,39.0,4.0,24.0,3.0,39.0,19.0,25.0,32.0,27.0,26.0,93.0,13.0,32.0,8.0,15.0,4.0,11.0,12.0,9.0,1.0,13.0
22/05/2006,13,46.0,36.0,2.0,37.0,1.0,21.0,46.0,59.0,26.0,15.0,1.0,9.0,39.0,7.0,29.0,53.0,3.0,73.0,93.0,13.0,32.0,46.0,3.0,5.0,5.0,12.0,3.0,1.0
15/05/2006,22,38.0,84.0,35.0,78.0,0.0,40.0,48.0,65.0,10.0,4.0,2.0,28.0,9.0,7.0,25.0,35.0,10.0,35.0,73.0,2.0,13.0,12.0,2.0,4.0,19.0,5.0,18.0,3.0
08/05/2006,33,13.0,10.0,0.0,13.0,1.0,27.0,24.0,9.0,14.0,26.0,3.0,22.0,28.0,0.0,25.0,62.0,12.0,40.0,35.0,0.0,2.0,8.0,4.0,3.0,17.0,19.0,13.0,18.0
01/05/2006,9,22.0,0.0,41.0,19.0,6.0,10.0,21.0,25.0,7.0,10.0,4.0,8.0,22.0,2.0,7.0,32.0,10.0,52.0,40.0,0.0,0.0,32.0,0.0,2.0,12.0,17.0,9.0,13.0
24/04/2006,14,33.0,0.0,16.0,1.0,3.0,30.0,40.0,61.0,5.0,14.0,2.0,19.0,8.0,1.0,7.0,29.0,11.0,26.0,52.0,5.0,0.0,13.0,1.0,4.0,18.0,12.0,12.0,9.0
17/04/2006,48,9.0,1.0,3.0,2.0,20.0,8.0,27.0,15.0,9.0,7.0,2.0,12.0,19.0,0.0,0.0,25.0,4.0,3.0,26.0,7.0,5.0,2.0,0.0,0.0,11.0,18.0,5.0,12.0
10/04/2006,7,14.0,1.0,11.0,35.0,1.0,30.0,10.0,4.0,2.0,5.0,1.0,13.0,12.0,1.0,2.0,25.0,0.0,10.0,3.0,1.0,7.0,0.0,0.0,1.0,5.0,11.0,19.0,5.0
03/04/2006,18,48.0,1.0,0.0,0.0,8.0,10.0,30.0,5.0,2.0,9.0,8.0,21.0,13.0,2.0,1.0,7.0,2.0,12.0,10.0,1.0,1.0,0.0,0.0,0.0,4.0,5.0,17.0,19.0
27/03/2006,6,7.0,0.0,1.0,41.0,18.0,1.0,8.0,10.0,0.0,2.0,2.0,34.0,21.0,1.0,0.0,7.0,5.0,10.0,12.0,0.0,1.0,5.0,1.0,0.0,3.0,4.0,12.0,17.0
20/03/2006,21,18.0,3.0,2.0,16.0,13.0,0.0,30.0,1.0,0.0,2.0,31.0,5.0,34.0,2.0,1.0,0.0,0.0,11.0,10.0,0.0,0.0,7.0,0.0,0.0,2.0,3.0,18.0,12.0
13/03/2006,30,6.0,2.0,1.0,3.0,8.0,1.0,10.0,0.0,4.0,0.0,6.0,0.0,5.0,0.0,2.0,2.0,4.0,4.0,11.0,2.0,0.0,1.0,2.0,1.0,4.0,2.0,11.0,18.0
06/03/2006,21,21.0,22.0,9.0,11.0,26.0,6.0,1.0,0.0,2.0,0.0,46.0,0.0,0.0,5.0,1.0,1.0,3.0,0.0,4.0,1.0,2.0,1.0,2.0,0.0,0.0,4.0,5.0,11.0
27/02/2006,79,30.0,15.0,9.0,0.0,10.0,3.0,0.0,8.0,2.0,4.0,18.0,0.0,0.0,4.0,2.0,0.0,0.0,2.0,0.0,1.0,1.0,0.0,5.0,2.0,1.0,0.0,4.0,5.0
20/02/2006,64,21.0,26.0,19.0,1.0,82.0,20.0,1.0,2.0,1.0,2.0,39.0,0.0,0.0,1.0,0.0,1.0,17.0,5.0,2.0,5.0,1.0,0.0,1.0,2.0,0.0,1.0,3.0,4.0
13/02/2006,55,79.0,9.0,28.0,2.0,40.0,1.0,6.0,2.0,11.0,2.0,38.0,0.0,0.0,5.0,5.0,2.0,14.0,0.0,5.0,1.0,5.0,2.0,6.0,5.0,0.0,0.0,2.0,3.0
06/02/2006,18,64.0,18.0,15.0,1.0,21.0,8.0,3.0,1.0,20.0,1.0,26.0,4.0,0.0,2.0,4.0,1.0,11.0,4.0,0.0,4.0,1.0,1.0,13.0,1.0,0.0,0.0,4.0,2.0
30/01/2006,101,55.0,5.0,22.0,9.0,53.0,18.0,20.0,12.0,35.0,11.0,39.0,1.0,4.0,4.0,1.0,2.0,46.0,3.0,4.0,2.0,4.0,1.0,2.0,6.0,1.0,0.0,0.0,4.0
23/01/2006,63,18.0,24.0,2.0,9.0,39.0,13.0,1.0,2.0,66.0,20.0,22.0,0.0,1.0,10.0,5.0,0.0,38.0,0.0,3.0,0.0,2.0,5.0,3.0,13.0,0.0,1.0,1.0,0.0
16/01/2006,59,101.0,14.0,10.0,19.0,40.0,8.0,8.0,20.0,49.0,35.0,12.0,0.0,0.0,14.0,2.0,5.0,19.0,17.0,0.0,0.0,0.0,1.0,2.0,2.0,2.0,0.0,0.0,1.0
09/01/2006,6,63.0,20.0,20.0,28.0,42.0,26.0,18.0,33.0,20.0,66.0,4.0,1.0,0.0,6.0,4.0,4.0,15.0,14.0,17.0,4.0,0.0,4.0,4.0,3.0,2.0,2.0,0.0,0.0
02/01/2006,26,59.0,30.0,16.0,15.0,0.0,10.0,13.0,19.0,18.0,49.0,0.0,0.0,1.0,22.0,10.0,1.0,8.0,11.0,14.0,0.0,4.0,2.0,2.0,2.0,5.0,2.0,0.0,0.0
26/12/2005,150,6.0,44.0,59.0,22.0,43.0,82.0,8.0,32.0,64.0,20.0,18.0,6.0,0.0,0.0,14.0,5.0,63.0,46.0,11.0,1.0,0.0,0.0,5.0,4.0,1.0,5.0,1.0,0.0
19/12/2005,80,26.0,3.0,0.0,2.0,81.0,40.0,26.0,32.0,21.0,18.0,27.0,0.0,6.0,13.0,6.0,2.0,5.0,38.0,46.0,4.0,1.0,0.0,15.0,2.0,6.0,1.0,0.0,1.0
12/12/2005,82,150.0,27.0,0.0,10.0,59.0,21.0,10.0,39.0,82.0,64.0,19.0,2.0,0.0,21.0,22.0,4.0,17.0,19.0,38.0,0.0,4.0,4.0,13.0,5.0,13.0,6.0,2.0,0.0
05/12/2005,58,80.0,49.0,48.0,20.0,14.0,53.0,82.0,26.0,1.0,21.0,4.0,1.0,2.0,18.0,0.0,10.0,0.0,15.0,19.0,0.0,0.0,0.0,20.0,15.0,2.0,13.0,2.0,2.0
28/11/2005,84,82.0,50.0,69.0,16.0,34.0,39.0,40.0,37.0,18.0,82.0,17.0,1.0,1.0,14.0,13.0,14.0,21.0,8.0,15.0,2.0,0.0,1.0,17.0,13.0,3.0,2.0,5.0,2.0
21/11/2005,59,58.0,19.0,12.0,59.0,9.0,40.0,21.0,19.0,22.0,1.0,16.0,3.0,1.0,10.0,21.0,6.0,93.0,63.0,8.0,0.0,2.0,4.0,6.0,20.0,2.0,3.0,1.0,5.0
14/11/2005,60,84.0,24.0,67.0,0.0,66.0,42.0,53.0,3.0,84.0,18.0,14.0,11.0,3.0,13.0,18.0,22.0,18.0,5.0,63.0,66.0,0.0,0.0,14.0,17.0,4.0,2.0,6.0,1.0
07/11/2005,116,59.0,43.0,47.0,0.0,56.0,0.0,39.0,29.0,40.0,22.0,30.0,2.0,11.0,27.0,14.0,0.0,25.0,17.0,5.0,17.0,66.0,0.0,89.0,6.0,2.0,4.0,13.0,6.0
31/10/2005,99,60.0,31.0,77.0,48.0,52.0,43.0,40.0,112.0,27.0,84.0,9.0,0.0,2.0,30.0,10.0,13.0,46.0,0.0,17.0,3.0,17.0,2.0,33.0,14.0,5.0,2.0,2.0,13.0
24/10/2005,112,116.0,29.0,73.0,69.0,52.0,81.0,42.0,54.0,23.0,40.0,23.0,2.0,0.0,26.0,13.0,21.0,14.0,21.0,0.0,2.0,3.0,0.0,2.0,89.0,15.0,5.0,3.0,2.0
17/10/2005,197,99.0,40.0,56.0,12.0,55.0,59.0,0.0,34.0,30.0,27.0,32.0,10.0,2.0,28.0,27.0,18.0,20.0,93.0,21.0,23.0,2.0,66.0,13.0,33.0,13.0,15.0,2.0,3.0
10/10/2005,116,112.0,53.0,61.0,67.0,85.0,14.0,43.0,40.0,50.0,23.0,29.0,7.0,10.0,32.0,30.0,14.0,11.0,18.0,93.0,25.0,23.0,17.0,22.0,2.0,20.0,13.0,4.0,2.0
03/10/2005,215,197.0,48.0,1.0,47.0,50.0,34.0,81.0,7.0,14.0,30.0,52.0,10.0,7.0,39.0,26.0,10.0,45.0,25.0,18.0,8.0,25.0,3.0,32.0,13.0,17.0,20.0,2.0,4.0
26/09/2005,82,116.0,49.0,112.0,77.0,35.0,9.0,59.0,38.0,6.0,50.0,39.0,21.0,10.0,26.0,28.0,13.0,22.0,46.0,25.0,11.0,8.0,2.0,51.0,22.0,6.0,17.0,5.0,2.0
19/09/2005,155,215.0,60.0,54.0,73.0,62.0,66.0,14.0,26.0,53.0,14.0,66.0,4.0,21.0,40.0,32.0,27.0,25.0,14.0,46.0,12.0,11.0,23.0,20.0,32.0,14.0,6.0,15.0,5.0
12/09/2005,80,82.0,51.0,144.0,56.0,15.0,56.0,34.0,55.0,32.0,6.0,69.0,17.0,4.0,46.0,39.0,30.0,29.0,20.0,14.0,9.0,12.0,25.0,98.0,51.0,89.0,14.0,13.0,15.0
05/09/2005,13,155.0,21.0,61.0,61.0,23.0,52.0,9.0,39.0,31.0,53.0,18.0,22.0,17.0,44.0,26.0,26.0,22.0,11.0,20.0,12.0,9.0,8.0,3.0,20.0,33.0,89.0,20.0,13.0
29/08/2005,70,80.0,31.0,57.0,1.0,7.0,52.0,66.0,59.0,66.0,32.0,11.0,13.0,22.0,26.0,40.0,28.0,4.0,45.0,11.0,18.0,12.0,11.0,0.0,98.0,2.0,33.0,17.0,20.0
22/08/2005,391,13.0,21.0,21.0,112.0,34.0,55.0,56.0,64.0,43.0,31.0,118.0,0.0,13.0,0.0,46.0,32.0,14.0,22.0,45.0,16.0,18.0,12.0,91.0,3.0,13.0,2.0,6.0,17.0
15/08/2005,178,70.0,10.0,3.0,54.0,87.0,85.0,52.0,97.0,32.0,66.0,136.0,21.0,0.0,13.0,44.0,39.0,3.0,25.0,22.0,0.0,16.0,9.0,13.0,0.0,22.0,13.0,14.0,6.0
08/08/2005,124,391.0,67.0,44.0,144.0,14.0,50.0,52.0,48.0,18.0,43.0,109.0,8.0,21.0,84.0,26.0,26.0,21.0,29.0,25.0,19.0,0.0,12.0,8.0,91.0,32.0,22.0,89.0,14.0
01/08/2005,235,178.0,35.0,20.0,61.0,41.0,35.0,55.0,87.0,4.0,32.0,105.0,14.0,8.0,23.0,0.0,40.0,0.0,22.0,29.0,56.0,19.0,18.0,50.0,13.0,51.0,32.0,33.0,89.0
25/07/2005,88,124.0,23.0,30.0,57.0,33.0,62.0,85.0,92.0,31.0,18.0,86.0,11.0,14.0,2.0,13.0,46.0,48.0,4.0,22.0,8.0,56.0,16.0,38.0,8.0,20.0,51.0,2.0,33.0
18/07/2005,187,235.0,35.0,14.0,21.0,37.0,15.0,50.0,9.0,77.0,4.0,14.0,5.0,11.0,16.0,84.0,44.0,1.0,14.0,4.0,37.0,8.0,0.0,31.0,50.0,98.0,20.0,13.0,2.0
11/07/2005,140,88.0,17.0,72.0,3.0,21.0,23.0,35.0,0.0,96.0,31.0,132.0,7.0,5.0,8.0,23.0,26.0,3.0,3.0,14.0,19.0,37.0,19.0,24.0,38.0,3.0,98.0,22.0,13.0
04/07/2005,111,187.0,4.0,29.0,44.0,9.0,7.0,62.0,93.0,100.0,77.0,44.0,1.0,7.0,8.0,2.0,0.0,4.0,21.0,3.0,3.0,19.0,56.0,24.0,31.0,0.0,3.0,32.0,22.0
27/06/2005,72,140.0,27.0,35.0,20.0,28.0,34.0,15.0,165.0,38.0,96.0,46.0,5.0,1.0,8.0,16.0,13.0,6.0,0.0,21.0,6.0,3.0,8.0,0.0,24.0,91.0,0.0,51.0,32.0
20/06/2005,75,111.0,20.0,4.0,30.0,7.0,87.0,23.0,176.0,70.0,100.0,33.0,17.0,5.0,8.0,8.0,84.0,3.0,48.0,0.0,3.0,6.0,37.0,34.0,24.0,13.0,91.0,20.0,51.0
13/06/2005,44,72.0,19.0,31.0,14.0,5.0,14.0,7.0,57.0,76.0,38.0,7.0,37.0,17.0,1.0,8.0,23.0,5.0,1.0,48.0,20.0,3.0,19.0,16.0,0.0,8.0,13.0,98.0,20.0
06/06/2005,40,75.0,27.0,8.0,72.0,7.0,41.0,34.0,36.0,48.0,70.0,51.0,50.0,37.0,6.0,8.0,2.0,8.0,3.0,1.0,31.0,20.0,3.0,6.0,34.0,50.0,8.0,3.0,98.0
30/05/2005,37,44.0,4.0,17.0,29.0,6.0,33.0,87.0,30.0,11.0,76.0,27.0,4.0,50.0,4.0,8.0,16.0,1.0,4.0,3.0,9.0,31.0,6.0,1.0,16.0,38.0,50.0,0.0,3.0
23/05/2005,10,40.0,7.0,2.0,35.0,4.0,37.0,14.0,43.0,40.0,48.0,15.0,27.0,4.0,0.0,1.0,8.0,10.0,6.0,4.0,14.0,9.0,3.0,0.0,6.0,31.0,38.0,91.0,0.0
16/05/2005,6,37.0,0.0,93.0,4.0,5.0,21.0,41.0,40.0,33.0,11.0,7.0,18.0,27.0,1.0,6.0,8.0,6.0,3.0,6.0,0.0,14.0,20.0,9.0,1.0,24.0,31.0,13.0,91.0
09/05/2005,7,10.0,5.0,57.0,31.0,3.0,9.0,33.0,12.0,12.0,40.0,10.0,26.0,18.0,1.0,4.0,8.0,23.0,5.0,3.0,11.0,0.0,31.0,3.0,0.0,24.0,24.0,8.0,13.0
02/05/2005,5,6.0,2.0,25.0,8.0,5.0,28.0,37.0,15.0,8.0,33.0,1.0,27.0,26.0,2.0,0.0,8.0,2.0,8.0,5.0,0.0,11.0,9.0,2.0,9.0,0.0,24.0,50.0,8.0
25/04/2005,10,7.0,4.0,34.0,17.0,0.0,7.0,21.0,27.0,1.0,12.0,12.0,2.0,27.0,0.0,1.0,1.0,2.0,1.0,8.0,0.0,0.0,14.0,1.0,3.0,34.0,0.0,38.0,50.0
18/04/2005,11,5.0,3.0,0.0,2.0,1.0,5.0,9.0,9.0,12.0,8.0,2.0,15.0,2.0,1.0,1.0,6.0,0.0,10.0,1.0,0.0,0.0,0.0,0.0,2.0,16.0,34.0,31.0,38.0
11/04/2005,16,10.0,0.0,1.0,93.0,3.0,7.0,28.0,2.0,1.0,1.0,7.0,19.0,15.0,2.0,2.0,4.0,1.0,6.0,10.0,8.0,0.0,11.0,0.0,1.0,6.0,16.0,24.0,31.0
04/04/2005,20,11.0,2.0,0.0,57.0,5.0,6.0,7.0,17.0,0.0,12.0,6.0,14.0,19.0,0.0,0.0,0.0,1.0,23.0,6.0,0.0,8.0,0.0,1.0,0.0,1.0,6.0,24.0,24.0
28/03/2005,17,16.0,4.0,0.0,25.0,3.0,4.0,5.0,9.0,2.0,1.0,9.0,7.0,14.0,0.0,1.0,1.0,2.0,2.0,23.0,1.0,0.0,0.0,0.0,0.0,0.0,1.0,0.0,24.0
21/03/2005,21,20.0,4.0,7.0,34.0,1.0,5.0,7.0,2.0,0.0,0.0,26.0,11.0,7.0,2.0,2.0,1.0,0.0,2.0,2.0,0.0,1.0,0.0,4.0,1.0,9.0,0.0,34.0,0.0
14/03/2005,34,17.0,4.0,3.0,0.0,17.0,3.0,6.0,4.0,3.0,2.0,17.0,5.0,11.0,0.0,0.0,2.0,5.0,0.0,2.0,2.0,0.0,8.0,0.0,0.0,3.0,9.0,16.0,34.0
07/03/2005,28,21.0,10.0,1.0,1.0,3.0,5.0,4.0,1.0,0.0,0.0,16.0,0.0,5.0,0.0,0.0,0.0,1.0,1.0,0.0,4.0,2.0,0.0,7.0,4.0,2.0,3.0,6.0,16.0
28/02/2005,44,34.0,1.0,0.0,0.0,11.0,0.0,5.0,1.0,1.0,3.0,11.0,0.0,0.0,3.0,2.0,1.0,8.0,1.0,1.0,0.0,4.0,1.0,10.0,0.0,1.0,2.0,1.0,6.0
21/02/2005,33,28.0,12.0,1.0,0.0,11.0,1.0,3.0,4.0,0.0,0.0,11.0,0.0,0.0,6.0,0.0,2.0,5.0,2.0,1.0,0.0,0.0,0.0,7.0,7.0,0.0,1.0,0.0,1.0
14/02/2005,85,44.0,7.0,2.0,7.0,7.0,3.0,5.0,3.0,0.0,1.0,14.0,0.0,0.0,5.0,0.0,0.0,10.0,0.0,2.0,21.0,0.0,2.0,1.0,10.0,0.0,0.0,9.0,0.0
07/02/2005,16,33.0,4.0,0.0,3.0,13.0,5.0,0.0,4.0,3.0,0.0,14.0,6.0,0.0,6.0,3.0,0.0,33.0,5.0,0.0,4.0,21.0,4.0,4.0,7.0,1.0,0.0,3.0,9.0
31/01/2005,95,85.0,5.0,3.0,1.0,23.0,3.0,1.0,1.0,1.0,0.0,24.0,3.0,6.0,25.0,6.0,2.0,16.0,1.0,5.0,4.0,4.0,0.0,0.0,1.0,0.0,1.0,2.0,3.0
24/01/2005,43,16.0,15.0,3.0,0.0,15.0,1.0,3.0,3.0,1.0,3.0,56.0,1.0,3.0,9.0,5.0,0.0,28.0,8.0,1.0,25.0,4.0,0.0,10.0,4.0,4.0,0.0,1.0,2.0
17/01/2005,35,95.0,15.0,0.0,1.0,30.0,17.0,5.0,1.0,1.0,1.0,34.0,11.0,1.0,13.0,6.0,0.0,5.0,5.0,8.0,9.0,25.0,21.0,9.0,0.0,0.0,4.0,0.0,1.0
10/01/2005,30,43.0,12.0,0.0,2.0,7.0,3.0,3.0,3.0,3.0,1.0,30.0,0.0,11.0,18.0,25.0,3.0,28.0,10.0,5.0,4.0,9.0,4.0,10.0,10.0,7.0,0.0,0.0,0.0
03/01/2005,259,35.0,39.0,3.0,0.0,9.0,11.0,1.0,11.0,0.0,1.0,27.0,4.0,0.0,4.0,9.0,6.0,16.0,33.0,10.0,23.0,4.0,4.0,2.0,9.0,10.0,7.0,1.0,0.0
